[{"model": "dashboard.userdashboardmodule", "pk": 1, "fields": {"title": "Quick links", "module": "jet.dashboard.modules.LinkList", "app_label": null, "user": 1, "column": 0, "order": 0, "settings": "{\"draggable\": false, \"deletable\": false, \"collapsible\": false, \"layout\": \"inline\"}", "children": "[{\"title\": \"Return to site\", \"url\": \"/\"}, {\"title\": \"Change password\", \"url\": \"/admin/password_change/\"}, {\"title\": \"Log out\", \"url\": \"/admin/logout/\"}]", "collapsed": false}}, {"model": "dashboard.userdashboardmodule", "pk": 2, "fields": {"title": "Applications", "module": "jet.dashboard.modules.AppList", "app_label": null, "user": 1, "column": 1, "order": 0, "settings": "{\"models\": null, \"exclude\": [\"auth.*\"]}", "children": "", "collapsed": false}}, {"model": "dashboard.userdashboardmodule", "pk": 3, "fields": {"title": "Administration", "module": "jet.dashboard.modules.AppList", "app_label": null, "user": 1, "column": 2, "order": 0, "settings": "{\"models\": [\"auth.*\"], \"exclude\": null}", "children": "", "collapsed": false}}, {"model": "dashboard.userdashboardmodule", "pk": 4, "fields": {"title": "Recent Actions", "module": "jet.dashboard.modules.RecentActions", "app_label": null, "user": 1, "column": 0, "order": 1, "settings": "{\"limit\": 10, \"include_list\": null, \"exclude_list\": null, \"user\": null}", "children": "", "collapsed": false}}, {"model": "dashboard.userdashboardmodule", "pk": 5, "fields": {"title": "Latest Django News", "module": "jet.dashboard.modules.Feed", "app_label": null, "user": 1, "column": 1, "order": 1, "settings": "{\"feed_url\": \"http://www.djangoproject.com/rss/weblog/\", \"limit\": 5}", "children": "", "collapsed": false}}, {"model": "dashboard.userdashboardmodule", "pk": 6, "fields": {"title": "Support", "module": "jet.dashboard.modules.LinkList", "app_label": null, "user": 1, "column": 2, "order": 1, "settings": "{\"draggable\": true, \"deletable\": true, \"collapsible\": true, \"layout\": \"stacked\"}", "children": "[{\"title\": \"Django documentation\", \"url\": \"http://docs.djangoproject.com/\", \"external\": true}, {\"title\": \"Django \\\"django-users\\\" mailing list\", \"url\": \"http://groups.google.com/group/django-users\", \"external\": true}, {\"title\": \"Django irc channel\", \"url\": \"irc://irc.freenode.net/django\", \"external\": true}]", "collapsed": false}}, {"model": "dashboard.userdashboardmodule", "pk": 7, "fields": {"title": "Application models", "module": "jet.dashboard.modules.ModelList", "app_label": "product", "user": 1, "column": 0, "order": 0, "settings": "{\"models\": [\"product.*\"], \"exclude\": null}", "children": "", "collapsed": false}}, {"model": "dashboard.userdashboardmodule", "pk": 8, "fields": {"title": "Recent Actions", "module": "jet.dashboard.modules.RecentActions", "app_label": "product", "user": 1, "column": 1, "order": 0, "settings": "{\"limit\": 10, \"include_list\": [\"product.*\"], \"exclude_list\": null, \"user\": null}", "children": "", "collapsed": false}}, {"model": "dashboard.userdashboardmodule", "pk": 9, "fields": {"title": "Application models", "module": "jet.dashboard.modules.ModelList", "app_label": "account", "user": 1, "column": 0, "order": 0, "settings": "{\"models\": [\"account.*\"], \"exclude\": null}", "children": "", "collapsed": false}}, {"model": "dashboard.userdashboardmodule", "pk": 10, "fields": {"title": "Recent Actions", "module": "jet.dashboard.modules.RecentActions", "app_label": "account", "user": 1, "column": 1, "order": 0, "settings": "{\"limit\": 10, \"include_list\": [\"account.*\"], \"exclude_list\": null, \"user\": null}", "children": "", "collapsed": false}}, {"model": "dashboard.userdashboardmodule", "pk": 11, "fields": {"title": "Application models", "module": "jet.dashboard.modules.ModelList", "app_label": "auth", "user": 1, "column": 0, "order": 0, "settings": "{\"models\": [\"auth.*\"], \"exclude\": null}", "children": "", "collapsed": false}}, {"model": "dashboard.userdashboardmodule", "pk": 12, "fields": {"title": "Recent Actions", "module": "jet.dashboard.modules.RecentActions", "app_label": "auth", "user": 1, "column": 1, "order": 0, "settings": "{\"limit\": 10, \"include_list\": [\"auth.*\"], \"exclude_list\": null, \"user\": null}", "children": "", "collapsed": false}}, {"model": "dashboard.userdashboardmodule", "pk": 13, "fields": {"title": "Application models", "module": "jet.dashboard.modules.ModelList", "app_label": "contact", "user": 1, "column": 0, "order": 0, "settings": "{\"models\": [\"contact.*\"], \"exclude\": null}", "children": "", "collapsed": false}}, {"model": "dashboard.userdashboardmodule", "pk": 14, "fields": {"title": "Recent Actions", "module": "jet.dashboard.modules.RecentActions", "app_label": "contact", "user": 1, "column": 1, "order": 0, "settings": "{\"limit\": 10, \"include_list\": [\"contact.*\"], \"exclude_list\": null, \"user\": null}", "children": "", "collapsed": false}}, {"model": "dashboard.userdashboardmodule", "pk": 15, "fields": {"title": "Application models", "module": "jet.dashboard.modules.ModelList", "app_label": "order", "user": 1, "column": 0, "order": 0, "settings": "{\"models\": [\"order.*\"], \"exclude\": null}", "children": "", "collapsed": false}}, {"model": "dashboard.userdashboardmodule", "pk": 16, "fields": {"title": "Recent Actions", "module": "jet.dashboard.modules.RecentActions", "app_label": "order", "user": 1, "column": 1, "order": 0, "settings": "{\"limit\": 10, \"include_list\": [\"order.*\"], \"exclude_list\": null, \"user\": null}", "children": "", "collapsed": false}}, {"model": "contact.contact", "pk": 1, "fields": {"first_name": "Husubayli", "last_name": "Elvin", "phone_number": "+994505262026", "email": "husubeyli@gmail.com", "message": "ad", "created_at": "2021-02-26T00:19:53.204Z"}}, {"model": "contact.contact", "pk": 2, "fields": {"first_name": "Husubayli", "last_name": "Elvin", "phone_number": "+994559990770", "email": "husubeyli@gmail.com", "message": "sada", "created_at": "2021-02-26T09:09:39.775Z"}}, {"model": "contact.contact", "pk": 4, "fields": {"first_name": "Husubayli", "last_name": "Elvin", "phone_number": "+994505262026", "email": "husubeyli@gmail.com", "message": "salam", "created_at": "2021-02-26T12:01:48.555Z"}}, {"model": "contact.contact", "pk": 5, "fields": {"first_name": "Husubayli", "last_name": "Elvin", "phone_number": "+994505262026", "email": "husubeyli@gmail.com", "message": "salam", "created_at": "2021-02-26T12:03:23.204Z"}}, {"model": "contact.contact", "pk": 6, "fields": {"first_name": "Husubayli", "last_name": "Elvin", "phone_number": "+994505262026", "email": "husubeyli@gmail.com", "message": "salam", "created_at": "2021-02-26T12:06:00.292Z"}}, {"model": "contact.contact", "pk": 7, "fields": {"first_name": "Husubayli", "last_name": "Elvin", "phone_number": "+994505262026", "email": "husubeyli@gmail.com", "message": "salam", "created_at": "2021-02-26T12:06:57.305Z"}}, {"model": "contact.contact", "pk": 8, "fields": {"first_name": "Husubayli", "last_name": "Elvin", "phone_number": "+994505262026", "email": "husubeyli@gmail.com", "message": "salam", "created_at": "2021-02-26T12:07:12.287Z"}}, {"model": "contact.contact", "pk": 9, "fields": {"first_name": "Husubayli", "last_name": "Elvin", "phone_number": "+994505262026", "email": "husubeyli@gmail.com", "message": "salam", "created_at": "2021-02-26T12:08:55.309Z"}}, {"model": "contact.contact", "pk": 10, "fields": {"first_name": "Husubayli", "last_name": "Elvin", "phone_number": "+994505262026", "email": "husubeyli@gmail.com", "message": "sa", "created_at": "2021-02-26T12:09:37.292Z"}}, {"model": "product.marka", "pk": 27, "fields": {"title": "Apple", "image": "", "description": "", "slug": "apple", "status": true, "created_at": "2021-02-19T22:24:34.504Z", "updated_at": "2021-02-19T22:24:34.535Z"}}, {"model": "product.marka", "pk": 32, "fields": {"title": "Samsung", "image": "", "description": "", "slug": "samsung-32", "status": true, "created_at": "2021-02-23T22:00:19.435Z", "updated_at": "2021-02-23T22:00:19.453Z"}}, {"model": "product.marka", "pk": 33, "fields": {"title": "Bakcell", "image": "marka_images/bakcell.png", "description": "", "slug": "bakcell-33", "status": true, "created_at": "2021-03-01T14:47:07.936Z", "updated_at": "2021-03-01T14:59:22.950Z"}}, {"model": "product.marka", "pk": 34, "fields": {"title": "Azercell", "image": "marka_images/azercell.png", "description": "", "slug": "azercell-34", "status": true, "created_at": "2021-03-01T16:39:02.636Z", "updated_at": "2021-03-01T16:39:02.677Z"}}, {"model": "product.marka", "pk": 35, "fields": {"title": "Xioami", "image": "", "description": "cheep one", "slug": "xioami-35", "status": true, "created_at": "2021-03-07T12:18:11.299Z", "updated_at": "2021-03-07T12:18:11.347Z"}}, {"model": "product.category", "pk": 91, "fields": {"title": "Telefon və planşetlər", "image": "", "description": "", "slug": "telefon-ve-plansetler", "is_main": true, "is_second": false, "is_third": false, "status": true, "created_at": "2021-03-04T16:31:34.348Z", "updated_at": "2021-03-04T16:36:12.306Z", "parent": [95, 96, 97, 98, 99, 100, 101, 103, 104, 105, 115]}}, {"model": "product.category", "pk": 92, "fields": {"title": "Kompüter texnikası", "image": "", "description": "", "slug": "komputer-texnikasi", "is_main": true, "is_second": false, "is_third": false, "status": true, "created_at": "2021-03-04T16:32:29.227Z", "updated_at": "2021-03-04T16:36:22.179Z", "parent": [106, 107, 108]}}, {"model": "product.category", "pk": 93, "fields": {"title": "Aksesuarlar", "image": "", "description": "", "slug": "aksesuarlar", "is_main": true, "is_second": false, "is_third": false, "status": true, "created_at": "2021-03-04T16:36:39.300Z", "updated_at": "2021-03-04T16:36:39.401Z", "parent": [109, 110, 111]}}, {"model": "product.category", "pk": 94, "fields": {"title": "Nömrələr", "image": "", "description": "", "slug": "nomreler", "is_main": true, "is_second": false, "is_third": false, "status": true, "created_at": "2021-03-04T16:37:21.431Z", "updated_at": "2021-03-04T16:37:21.557Z", "parent": [112, 113, 114]}}, {"model": "product.category", "pk": 95, "fields": {"title": "Smartfonlar", "image": "", "description": "", "slug": "telefon-ve-plansetler-smartfonlar", "is_main": false, "is_second": true, "is_third": false, "status": true, "created_at": "2021-03-04T16:37:35.564Z", "updated_at": "2021-03-04T16:37:35.772Z", "parent": [91, 98, 99, 100]}}, {"model": "product.category", "pk": 96, "fields": {"title": "Planşetlər", "image": "", "description": "", "slug": "telefon-ve-plansetler-plansetler", "is_main": false, "is_second": true, "is_third": false, "status": true, "created_at": "2021-03-04T16:38:22.749Z", "updated_at": "2021-03-04T16:38:22.926Z", "parent": [91, 101, 102, 103]}}, {"model": "product.category", "pk": 97, "fields": {"title": "Düyməli telefonlar", "image": "", "description": "", "slug": "telefon-ve-plansetler-duymeli-telefonlar", "is_main": false, "is_second": true, "is_third": false, "status": true, "created_at": "2021-03-04T16:38:48.091Z", "updated_at": "2021-03-04T16:38:48.249Z", "parent": [91, 104, 105, 115]}}, {"model": "product.category", "pk": 98, "fields": {"title": "Apple", "image": "", "description": "", "slug": "smartfonlar-apple", "is_main": false, "is_second": false, "is_third": true, "status": true, "created_at": "2021-03-04T16:39:03.206Z", "updated_at": "2021-03-04T16:39:03.390Z", "parent": [91, 95]}}, {"model": "product.category", "pk": 99, "fields": {"title": "Samsung", "image": "", "description": "", "slug": "smartfonlar-samsung", "is_main": false, "is_second": false, "is_third": true, "status": true, "created_at": "2021-03-04T16:39:25.810Z", "updated_at": "2021-03-04T16:39:25.968Z", "parent": [91, 95]}}, {"model": "product.category", "pk": 100, "fields": {"title": "Xiaomi", "image": "", "description": "", "slug": "smartfonlar-xiaomi", "is_main": false, "is_second": false, "is_third": true, "status": true, "created_at": "2021-03-04T16:39:44.515Z", "updated_at": "2021-03-04T16:39:44.687Z", "parent": [91, 95]}}, {"model": "product.category", "pk": 101, "fields": {"title": "Apple", "image": "", "description": "", "slug": "plansetler-apple", "is_main": false, "is_second": false, "is_third": true, "status": true, "created_at": "2021-03-04T16:40:02.531Z", "updated_at": "2021-03-04T16:40:02.821Z", "parent": [91, 96]}}, {"model": "product.category", "pk": 102, "fields": {"title": "Samsung", "image": "", "description": "", "slug": "plansetler-samsung", "is_main": false, "is_second": false, "is_third": true, "status": true, "created_at": "2021-03-04T16:40:46.910Z", "updated_at": "2021-03-04T16:40:47.192Z", "parent": [96]}}, {"model": "product.category", "pk": 103, "fields": {"title": "Xiaomi", "image": "", "description": "", "slug": "plansetler-xiaomi", "is_main": false, "is_second": false, "is_third": true, "status": true, "created_at": "2021-03-04T16:41:06.665Z", "updated_at": "2021-03-04T16:41:06.836Z", "parent": [91, 96]}}, {"model": "product.category", "pk": 104, "fields": {"title": "Nokia", "image": "", "description": "", "slug": "duymeli-telefonlar-nokia", "is_main": false, "is_second": false, "is_third": true, "status": true, "created_at": "2021-03-04T16:42:04.232Z", "updated_at": "2021-03-04T16:42:04.402Z", "parent": [91, 97]}}, {"model": "product.category", "pk": 105, "fields": {"title": "Motorola", "image": "", "description": "", "slug": "duymeli-telefonlar-motorola", "is_main": false, "is_second": false, "is_third": true, "status": true, "created_at": "2021-03-04T16:42:25.602Z", "updated_at": "2021-03-04T16:42:25.832Z", "parent": [91, 97]}}, {"model": "product.category", "pk": 106, "fields": {"title": "Laptop", "image": "", "description": "", "slug": "komputer-texnikasi-laptop", "is_main": false, "is_second": true, "is_third": false, "status": true, "created_at": "2021-03-04T16:42:57.252Z", "updated_at": "2021-03-04T16:42:57.442Z", "parent": [92]}}, {"model": "product.category", "pk": 107, "fields": {"title": "Scaner", "image": "", "description": "", "slug": "komputer-texnikasi-scaner", "is_main": false, "is_second": true, "is_third": false, "status": true, "created_at": "2021-03-04T16:43:30.447Z", "updated_at": "2021-03-04T16:43:30.685Z", "parent": [92]}}, {"model": "product.category", "pk": 108, "fields": {"title": "Printer", "image": "", "description": "", "slug": "komputer-texnikasi-printer", "is_main": false, "is_second": true, "is_third": false, "status": true, "created_at": "2021-03-04T16:43:52.708Z", "updated_at": "2021-03-04T16:43:52.896Z", "parent": [92]}}, {"model": "product.category", "pk": 109, "fields": {"title": "Qulaqcıq", "image": "", "description": "", "slug": "aksesuarlar-qulaqciq", "is_main": false, "is_second": true, "is_third": false, "status": true, "created_at": "2021-03-04T16:44:46.640Z", "updated_at": "2021-03-04T16:44:47.127Z", "parent": [93]}}, {"model": "product.category", "pk": 110, "fields": {"title": "Ekran qoruyucu", "image": "", "description": "", "slug": "aksesuarlar-ekran-qoruyucu", "is_main": false, "is_second": true, "is_third": false, "status": true, "created_at": "2021-03-04T16:45:05.198Z", "updated_at": "2021-03-04T16:45:05.367Z", "parent": [93]}}, {"model": "product.category", "pk": 111, "fields": {"title": "Adapter", "image": "", "description": "", "slug": "aksesuarlar-adapter", "is_main": false, "is_second": true, "is_third": false, "status": true, "created_at": "2021-03-04T16:45:42.947Z", "updated_at": "2021-03-04T16:45:43.144Z", "parent": [93]}}, {"model": "product.category", "pk": 112, "fields": {"title": "Azercell", "image": "", "description": "", "slug": "nomreler-azercell", "is_main": false, "is_second": true, "is_third": false, "status": true, "created_at": "2021-03-04T16:46:14.031Z", "updated_at": "2021-03-04T16:46:14.217Z", "parent": [94]}}, {"model": "product.category", "pk": 113, "fields": {"title": "Bakcell", "image": "", "description": "", "slug": "nomreler-bakcell", "is_main": false, "is_second": true, "is_third": false, "status": true, "created_at": "2021-03-04T16:46:27.489Z", "updated_at": "2021-03-04T16:46:27.659Z", "parent": [94]}}, {"model": "product.category", "pk": 114, "fields": {"title": "Nar", "image": "", "description": "", "slug": "nomreler-nar", "is_main": false, "is_second": true, "is_third": false, "status": true, "created_at": "2021-03-04T16:46:44.198Z", "updated_at": "2021-03-04T16:48:33.977Z", "parent": [94]}}, {"model": "product.category", "pk": 115, "fields": {"title": "Samsung", "image": "", "description": "", "slug": "duymeli-telefonlar-samsung", "is_main": false, "is_second": false, "is_third": true, "status": true, "created_at": "2021-03-04T16:47:39.758Z", "updated_at": "2021-03-04T16:47:55.296Z", "parent": [91, 97]}}, {"model": "product.product", "pk": 9, "fields": {"color_title": "Black", "color_code": "#0A0A0A", "operator_code": null, "title": "Galaxy A02", "slug": "galaxy-a02-9", "sku": "000005", "description": "blakc one", "sale_count": 0, "is_published": true, "is_new": true, "is_featured": false, "is_discount": false, "price": "799.00", "old_price": "800.00", "discount_type": 1, "discount_value": null, "status": true, "created_at": "2021-03-08T01:29:26.279Z", "updated_at": "2021-03-08T01:29:26.382Z", "tags": [], "same_product": [11, 10], "category": [95], "who_like": [], "marka": [32]}}, {"model": "product.product", "pk": 10, "fields": {"color_title": "Red", "color_code": "#F60C05", "operator_code": null, "title": "Galaxy A02", "slug": "galaxy-a02-10", "sku": "000006", "description": "red one", "sale_count": 0, "is_published": true, "is_new": true, "is_featured": false, "is_discount": false, "price": "799.00", "old_price": "800.00", "discount_type": 1, "discount_value": null, "status": true, "created_at": "2021-03-08T02:31:38.173Z", "updated_at": "2021-03-08T02:31:38.182Z", "tags": [], "same_product": [11, 9], "category": [91, 95, 99], "who_like": [], "marka": [32]}}, {"model": "product.product", "pk": 11, "fields": {"color_title": "Grey", "color_code": "#525C57", "operator_code": null, "title": "Galaxy A02", "slug": "galaxy-a02-11", "sku": "000006", "description": "red one", "sale_count": 0, "is_published": true, "is_new": true, "is_featured": false, "is_discount": false, "price": "799.00", "old_price": null, "discount_type": 1, "discount_value": null, "status": true, "created_at": "2021-03-08T02:33:35.642Z", "updated_at": "2021-03-08T02:36:44.818Z", "tags": [], "same_product": [10, 9], "category": [91, 95, 99], "who_like": [], "marka": [32]}}, {"model": "product.product", "pk": 12, "fields": {"color_title": "Red", "color_code": "#FA1609", "operator_code": null, "title": "Galaxy S10", "slug": "galaxy-s10-12", "sku": "000008", "description": "red one", "sale_count": 0, "is_published": true, "is_new": true, "is_featured": false, "is_discount": false, "price": "499.00", "old_price": "500.00", "discount_type": 1, "discount_value": null, "status": true, "created_at": "2021-03-08T07:51:20.466Z", "updated_at": "2021-03-08T08:35:00.419Z", "tags": [], "same_product": [14, 13], "category": [91, 95, 99], "who_like": [], "marka": [32]}}, {"model": "product.product", "pk": 13, "fields": {"color_title": "Black", "color_code": "#0C0100", "operator_code": null, "title": "Galaxy S10", "slug": "galaxy-s10-13", "sku": "000008", "description": "black one", "sale_count": 0, "is_published": true, "is_new": true, "is_featured": false, "is_discount": false, "price": "499.00", "old_price": "500.00", "discount_type": 1, "discount_value": null, "status": true, "created_at": "2021-03-08T07:58:45.453Z", "updated_at": "2021-03-08T08:33:11.192Z", "tags": [], "same_product": [14, 12], "category": [91, 95, 99], "who_like": [], "marka": [32]}}, {"model": "product.product", "pk": 14, "fields": {"color_title": "Gray", "color_code": "#5B6779", "operator_code": null, "title": "Galaxy S10", "slug": "galaxy-s10-14", "sku": "000008", "description": "grey one", "sale_count": 0, "is_published": true, "is_new": true, "is_featured": false, "is_discount": false, "price": "398.98", "old_price": "400.00", "discount_type": 1, "discount_value": null, "status": true, "created_at": "2021-03-08T08:02:41.640Z", "updated_at": "2021-03-08T08:31:41.793Z", "tags": [], "same_product": [13, 12], "category": [91, 95, 99], "who_like": [], "marka": [32]}}, {"model": "product.product", "pk": 15, "fields": {"color_title": "Red", "color_code": "#FA1609", "operator_code": null, "title": "Galaxy S19", "slug": "galaxy-s19-15", "sku": "000008", "description": "red one", "sale_count": 0, "is_published": true, "is_new": true, "is_featured": false, "is_discount": false, "price": "1200.00", "old_price": null, "discount_type": 1, "discount_value": null, "status": true, "created_at": "2021-03-08T08:46:11.798Z", "updated_at": "2021-03-08T08:47:35.753Z", "tags": [], "same_product": [17, 16], "category": [91, 95, 99], "who_like": [], "marka": [32]}}, {"model": "product.product", "pk": 16, "fields": {"color_title": "Black", "color_code": "#0A0100", "operator_code": null, "title": "Galaxy S19", "slug": "galaxy-s19-16", "sku": "000008", "description": "black one", "sale_count": 0, "is_published": true, "is_new": true, "is_featured": false, "is_discount": false, "price": "1200.00", "old_price": null, "discount_type": 1, "discount_value": null, "status": true, "created_at": "2021-03-08T08:49:50.828Z", "updated_at": "2021-03-08T08:57:57.803Z", "tags": [], "same_product": [17, 15], "category": [91, 95, 99], "who_like": [], "marka": [32]}}, {"model": "product.product", "pk": 17, "fields": {"color_title": "Gray", "color_code": "#434A50", "operator_code": null, "title": "Galaxy S19", "slug": "galaxy-s19-17", "sku": "000008", "description": "gray one", "sale_count": 0, "is_published": true, "is_new": true, "is_featured": false, "is_discount": false, "price": "1200.00", "old_price": null, "discount_type": 1, "discount_value": null, "status": true, "created_at": "2021-03-08T08:55:26.851Z", "updated_at": "2021-03-08T08:55:26.858Z", "tags": [], "same_product": [16, 15], "category": [91, 95, 99], "who_like": [], "marka": [32]}}, {"model": "product.product", "pk": 18, "fields": {"color_title": "Gray", "color_code": "#434A50", "operator_code": null, "title": "Mi A2", "slug": "mi-a2-18", "sku": "000008", "description": "gray one", "sale_count": 0, "is_published": true, "is_new": true, "is_featured": false, "is_discount": false, "price": "1000.00", "old_price": null, "discount_type": 1, "discount_value": null, "status": true, "created_at": "2021-03-08T09:09:31.896Z", "updated_at": "2021-03-08T09:09:31.904Z", "tags": [], "same_product": [20, 19], "category": [91, 95, 99, 100], "who_like": [], "marka": [35]}}, {"model": "product.product", "pk": 19, "fields": {"color_title": "Black", "color_code": "#030303", "operator_code": null, "title": "Mi A2", "slug": "mi-a2-19", "sku": "000008", "description": "black one", "sale_count": 0, "is_published": true, "is_new": true, "is_featured": false, "is_discount": false, "price": "1000.00", "old_price": null, "discount_type": 1, "discount_value": null, "status": true, "created_at": "2021-03-08T09:11:32.778Z", "updated_at": "2021-03-08T10:22:18.969Z", "tags": [], "same_product": [20, 18], "category": [91, 95, 99, 100], "who_like": [], "marka": [35]}}, {"model": "product.product", "pk": 20, "fields": {"color_title": "Blue", "color_code": "#0000E3", "operator_code": null, "title": "Mi A2", "slug": "mi-a2-20", "sku": "000008", "description": "blue one", "sale_count": 0, "is_published": true, "is_new": true, "is_featured": false, "is_discount": false, "price": "1000.00", "old_price": null, "discount_type": 1, "discount_value": null, "status": true, "created_at": "2021-03-08T09:12:45.234Z", "updated_at": "2021-03-08T10:21:17.011Z", "tags": [], "same_product": [19, 18], "category": [91, 95, 99, 100], "who_like": [], "marka": [35]}}, {"model": "product.product", "pk": 21, "fields": {"color_title": "Black", "color_code": "#000005", "operator_code": null, "title": "RedMi S9", "slug": "redmi-s9-21", "sku": "000008", "description": "black one", "sale_count": 0, "is_published": true, "is_new": true, "is_featured": false, "is_discount": false, "price": "960.00", "old_price": "1000.00", "discount_type": 1, "discount_value": null, "status": true, "created_at": "2021-03-08T10:25:12.208Z", "updated_at": "2021-03-08T15:18:18.000Z", "tags": [], "same_product": [24, 23, 22], "category": [91, 95, 99, 100], "who_like": [], "marka": [35]}}, {"model": "product.product", "pk": 22, "fields": {"color_title": "Red", "color_code": "#E31105", "operator_code": null, "title": "RedMi S9", "slug": "redmi-s9-22", "sku": "000008", "description": "red one", "sale_count": 0, "is_published": true, "is_new": true, "is_featured": false, "is_discount": false, "price": "980.00", "old_price": null, "discount_type": 1, "discount_value": null, "status": true, "created_at": "2021-03-08T10:27:24.360Z", "updated_at": "2021-03-08T15:24:13.971Z", "tags": [], "same_product": [24, 23, 21], "category": [91, 95, 99, 100], "who_like": [], "marka": [35]}}, {"model": "product.product", "pk": 23, "fields": {"color_title": "Blue", "color_code": "#467EE3", "operator_code": null, "title": "RedMi S9", "slug": "redmi-s9-23", "sku": "000008", "description": "blue one", "sale_count": 0, "is_published": true, "is_new": true, "is_featured": false, "is_discount": false, "price": "980.00", "old_price": null, "discount_type": 1, "discount_value": null, "status": true, "created_at": "2021-03-08T10:29:29.211Z", "updated_at": "2021-03-08T10:35:19.711Z", "tags": [], "same_product": [24, 22, 21], "category": [91, 95, 99, 100], "who_like": [], "marka": [35]}}, {"model": "product.product", "pk": 24, "fields": {"color_title": "Gray", "color_code": "#61626A", "operator_code": null, "title": "RedMi S9", "slug": "redmi-s9-24", "sku": "000008", "description": "gray one", "sale_count": 0, "is_published": true, "is_new": true, "is_featured": false, "is_discount": false, "price": "980.00", "old_price": null, "discount_type": 1, "discount_value": null, "status": true, "created_at": "2021-03-08T10:32:23.259Z", "updated_at": "2021-03-08T10:34:01.020Z", "tags": [], "same_product": [23, 22, 21], "category": [91, 95, 99, 100], "who_like": [], "marka": [35]}}, {"model": "product.product_details", "pk": 28, "fields": {"product": 9, "product_details_property_name": 12, "product_details_propert_value": 8, "is_feature": false, "is_detail": false, "is_file": false, "status": true, "created_at": "2021-03-08T01:29:26.768Z", "updated_at": "2021-03-08T01:29:26.768Z"}}, {"model": "product.product_details", "pk": 29, "fields": {"product": 9, "product_details_property_name": 20, "product_details_propert_value": 14, "is_feature": false, "is_detail": false, "is_file": false, "status": true, "created_at": "2021-03-08T01:29:26.775Z", "updated_at": "2021-03-08T01:29:26.775Z"}}, {"model": "product.product_details", "pk": 30, "fields": {"product": 9, "product_details_property_name": 16, "product_details_propert_value": 10, "is_feature": false, "is_detail": false, "is_file": false, "status": true, "created_at": "2021-03-08T01:29:26.782Z", "updated_at": "2021-03-08T01:29:26.782Z"}}, {"model": "product.product_details", "pk": 31, "fields": {"product": 9, "product_details_property_name": 19, "product_details_propert_value": 13, "is_feature": false, "is_detail": false, "is_file": false, "status": true, "created_at": "2021-03-08T01:29:26.789Z", "updated_at": "2021-03-08T01:29:26.789Z"}}, {"model": "product.product_details", "pk": 32, "fields": {"product": 9, "product_details_property_name": 21, "product_details_propert_value": 15, "is_feature": false, "is_detail": false, "is_file": false, "status": true, "created_at": "2021-03-08T01:29:26.796Z", "updated_at": "2021-03-08T01:29:26.796Z"}}, {"model": "product.product_details", "pk": 33, "fields": {"product": 9, "product_details_property_name": 22, "product_details_propert_value": 16, "is_feature": false, "is_detail": false, "is_file": false, "status": true, "created_at": "2021-03-08T01:29:26.802Z", "updated_at": "2021-03-08T01:29:26.802Z"}}, {"model": "product.product_details", "pk": 34, "fields": {"product": 9, "product_details_property_name": 29, "product_details_propert_value": 23, "is_feature": false, "is_detail": false, "is_file": false, "status": true, "created_at": "2021-03-08T01:29:26.812Z", "updated_at": "2021-03-08T01:29:26.812Z"}}, {"model": "product.product_details", "pk": 35, "fields": {"product": 9, "product_details_property_name": 32, "product_details_propert_value": 25, "is_feature": false, "is_detail": false, "is_file": false, "status": true, "created_at": "2021-03-08T01:29:26.820Z", "updated_at": "2021-03-08T01:29:26.820Z"}}, {"model": "product.product_details", "pk": 36, "fields": {"product": 10, "product_details_property_name": 12, "product_details_propert_value": 8, "is_feature": false, "is_detail": false, "is_file": false, "status": true, "created_at": "2021-03-08T02:31:38.402Z", "updated_at": "2021-03-08T02:31:38.402Z"}}, {"model": "product.product_details", "pk": 37, "fields": {"product": 10, "product_details_property_name": 20, "product_details_propert_value": 14, "is_feature": false, "is_detail": false, "is_file": false, "status": true, "created_at": "2021-03-08T02:31:38.409Z", "updated_at": "2021-03-08T02:31:38.409Z"}}, {"model": "product.product_details", "pk": 38, "fields": {"product": 10, "product_details_property_name": 16, "product_details_propert_value": 10, "is_feature": false, "is_detail": false, "is_file": false, "status": true, "created_at": "2021-03-08T02:31:38.417Z", "updated_at": "2021-03-08T02:31:38.417Z"}}, {"model": "product.product_details", "pk": 39, "fields": {"product": 10, "product_details_property_name": 19, "product_details_propert_value": 13, "is_feature": false, "is_detail": false, "is_file": false, "status": true, "created_at": "2021-03-08T02:31:38.424Z", "updated_at": "2021-03-08T02:31:38.424Z"}}, {"model": "product.product_details", "pk": 40, "fields": {"product": 10, "product_details_property_name": 21, "product_details_propert_value": 15, "is_feature": false, "is_detail": false, "is_file": false, "status": true, "created_at": "2021-03-08T02:31:38.431Z", "updated_at": "2021-03-08T02:31:38.431Z"}}, {"model": "product.product_details", "pk": 41, "fields": {"product": 10, "product_details_property_name": 22, "product_details_propert_value": 16, "is_feature": false, "is_detail": false, "is_file": false, "status": true, "created_at": "2021-03-08T02:31:38.439Z", "updated_at": "2021-03-08T02:31:38.439Z"}}, {"model": "product.product_details", "pk": 42, "fields": {"product": 10, "product_details_property_name": 29, "product_details_propert_value": 23, "is_feature": false, "is_detail": false, "is_file": false, "status": true, "created_at": "2021-03-08T02:31:38.447Z", "updated_at": "2021-03-08T02:31:38.447Z"}}, {"model": "product.product_details", "pk": 43, "fields": {"product": 10, "product_details_property_name": 32, "product_details_propert_value": 25, "is_feature": false, "is_detail": false, "is_file": false, "status": true, "created_at": "2021-03-08T02:31:38.454Z", "updated_at": "2021-03-08T02:31:38.454Z"}}, {"model": "product.product_details", "pk": 44, "fields": {"product": 11, "product_details_property_name": 12, "product_details_propert_value": 8, "is_feature": false, "is_detail": false, "is_file": false, "status": true, "created_at": "2021-03-08T02:33:35.794Z", "updated_at": "2021-03-08T02:33:35.794Z"}}, {"model": "product.product_details", "pk": 45, "fields": {"product": 11, "product_details_property_name": 20, "product_details_propert_value": 14, "is_feature": false, "is_detail": false, "is_file": false, "status": true, "created_at": "2021-03-08T02:33:35.800Z", "updated_at": "2021-03-08T02:33:35.800Z"}}, {"model": "product.product_details", "pk": 46, "fields": {"product": 11, "product_details_property_name": 16, "product_details_propert_value": 10, "is_feature": false, "is_detail": false, "is_file": false, "status": true, "created_at": "2021-03-08T02:33:35.807Z", "updated_at": "2021-03-08T02:33:35.807Z"}}, {"model": "product.product_details", "pk": 47, "fields": {"product": 11, "product_details_property_name": 19, "product_details_propert_value": 13, "is_feature": false, "is_detail": false, "is_file": false, "status": true, "created_at": "2021-03-08T02:33:35.814Z", "updated_at": "2021-03-08T02:33:35.814Z"}}, {"model": "product.product_details", "pk": 48, "fields": {"product": 11, "product_details_property_name": 21, "product_details_propert_value": 15, "is_feature": false, "is_detail": false, "is_file": false, "status": true, "created_at": "2021-03-08T02:33:35.820Z", "updated_at": "2021-03-08T02:33:35.820Z"}}, {"model": "product.product_details", "pk": 49, "fields": {"product": 11, "product_details_property_name": 22, "product_details_propert_value": 16, "is_feature": false, "is_detail": false, "is_file": false, "status": true, "created_at": "2021-03-08T02:33:35.828Z", "updated_at": "2021-03-08T02:33:35.828Z"}}, {"model": "product.product_details", "pk": 50, "fields": {"product": 11, "product_details_property_name": 29, "product_details_propert_value": 23, "is_feature": false, "is_detail": false, "is_file": false, "status": true, "created_at": "2021-03-08T02:33:35.835Z", "updated_at": "2021-03-08T02:33:35.835Z"}}, {"model": "product.product_details", "pk": 51, "fields": {"product": 11, "product_details_property_name": 32, "product_details_propert_value": 25, "is_feature": false, "is_detail": false, "is_file": false, "status": true, "created_at": "2021-03-08T02:33:35.843Z", "updated_at": "2021-03-08T02:33:35.843Z"}}, {"model": "product.product_details", "pk": 52, "fields": {"product": 12, "product_details_property_name": 12, "product_details_propert_value": 8, "is_feature": false, "is_detail": false, "is_file": false, "status": true, "created_at": "2021-03-08T07:51:20.760Z", "updated_at": "2021-03-08T07:51:20.760Z"}}, {"model": "product.product_details", "pk": 53, "fields": {"product": 12, "product_details_property_name": 20, "product_details_propert_value": 14, "is_feature": false, "is_detail": false, "is_file": false, "status": true, "created_at": "2021-03-08T07:51:20.767Z", "updated_at": "2021-03-08T07:51:20.767Z"}}, {"model": "product.product_details", "pk": 54, "fields": {"product": 12, "product_details_property_name": 16, "product_details_propert_value": 10, "is_feature": false, "is_detail": false, "is_file": false, "status": true, "created_at": "2021-03-08T07:51:20.775Z", "updated_at": "2021-03-08T07:51:20.775Z"}}, {"model": "product.product_details", "pk": 55, "fields": {"product": 12, "product_details_property_name": 19, "product_details_propert_value": 13, "is_feature": false, "is_detail": false, "is_file": false, "status": true, "created_at": "2021-03-08T07:51:20.784Z", "updated_at": "2021-03-08T07:51:20.784Z"}}, {"model": "product.product_details", "pk": 56, "fields": {"product": 12, "product_details_property_name": 21, "product_details_propert_value": 15, "is_feature": false, "is_detail": false, "is_file": false, "status": true, "created_at": "2021-03-08T07:51:20.791Z", "updated_at": "2021-03-08T07:51:20.791Z"}}, {"model": "product.product_details", "pk": 57, "fields": {"product": 12, "product_details_property_name": 22, "product_details_propert_value": 16, "is_feature": false, "is_detail": false, "is_file": false, "status": true, "created_at": "2021-03-08T07:51:20.797Z", "updated_at": "2021-03-08T07:51:20.797Z"}}, {"model": "product.product_details", "pk": 58, "fields": {"product": 12, "product_details_property_name": 29, "product_details_propert_value": 23, "is_feature": false, "is_detail": false, "is_file": false, "status": true, "created_at": "2021-03-08T07:51:20.804Z", "updated_at": "2021-03-08T07:51:20.804Z"}}, {"model": "product.product_details", "pk": 59, "fields": {"product": 12, "product_details_property_name": 32, "product_details_propert_value": 25, "is_feature": false, "is_detail": false, "is_file": false, "status": true, "created_at": "2021-03-08T07:51:20.812Z", "updated_at": "2021-03-08T07:51:20.812Z"}}, {"model": "product.product_details", "pk": 60, "fields": {"product": 13, "product_details_property_name": 12, "product_details_propert_value": 8, "is_feature": false, "is_detail": false, "is_file": false, "status": true, "created_at": "2021-03-08T07:58:45.611Z", "updated_at": "2021-03-08T07:58:45.611Z"}}, {"model": "product.product_details", "pk": 61, "fields": {"product": 13, "product_details_property_name": 20, "product_details_propert_value": 14, "is_feature": false, "is_detail": false, "is_file": false, "status": true, "created_at": "2021-03-08T07:58:45.619Z", "updated_at": "2021-03-08T07:58:45.619Z"}}, {"model": "product.product_details", "pk": 62, "fields": {"product": 13, "product_details_property_name": 16, "product_details_propert_value": 10, "is_feature": false, "is_detail": false, "is_file": false, "status": true, "created_at": "2021-03-08T07:58:45.626Z", "updated_at": "2021-03-08T07:58:45.626Z"}}, {"model": "product.product_details", "pk": 63, "fields": {"product": 13, "product_details_property_name": 19, "product_details_propert_value": 13, "is_feature": false, "is_detail": false, "is_file": false, "status": true, "created_at": "2021-03-08T07:58:45.633Z", "updated_at": "2021-03-08T07:58:45.633Z"}}, {"model": "product.product_details", "pk": 64, "fields": {"product": 13, "product_details_property_name": 21, "product_details_propert_value": 15, "is_feature": false, "is_detail": false, "is_file": false, "status": true, "created_at": "2021-03-08T07:58:45.639Z", "updated_at": "2021-03-08T07:58:45.639Z"}}, {"model": "product.product_details", "pk": 65, "fields": {"product": 13, "product_details_property_name": 22, "product_details_propert_value": 16, "is_feature": false, "is_detail": false, "is_file": false, "status": true, "created_at": "2021-03-08T07:58:45.646Z", "updated_at": "2021-03-08T07:58:45.646Z"}}, {"model": "product.product_details", "pk": 66, "fields": {"product": 13, "product_details_property_name": 29, "product_details_propert_value": 23, "is_feature": false, "is_detail": false, "is_file": false, "status": true, "created_at": "2021-03-08T07:58:45.653Z", "updated_at": "2021-03-08T07:58:45.653Z"}}, {"model": "product.product_details", "pk": 67, "fields": {"product": 13, "product_details_property_name": 32, "product_details_propert_value": 25, "is_feature": false, "is_detail": false, "is_file": false, "status": true, "created_at": "2021-03-08T07:58:45.660Z", "updated_at": "2021-03-08T07:58:45.660Z"}}, {"model": "product.product_details", "pk": 68, "fields": {"product": 14, "product_details_property_name": 12, "product_details_propert_value": 8, "is_feature": false, "is_detail": false, "is_file": false, "status": true, "created_at": "2021-03-08T08:02:41.812Z", "updated_at": "2021-03-08T08:02:41.812Z"}}, {"model": "product.product_details", "pk": 69, "fields": {"product": 14, "product_details_property_name": 20, "product_details_propert_value": 14, "is_feature": false, "is_detail": false, "is_file": false, "status": true, "created_at": "2021-03-08T08:02:41.820Z", "updated_at": "2021-03-08T08:02:41.820Z"}}, {"model": "product.product_details", "pk": 70, "fields": {"product": 14, "product_details_property_name": 16, "product_details_propert_value": 10, "is_feature": false, "is_detail": false, "is_file": false, "status": true, "created_at": "2021-03-08T08:02:41.828Z", "updated_at": "2021-03-08T08:02:41.828Z"}}, {"model": "product.product_details", "pk": 71, "fields": {"product": 14, "product_details_property_name": 19, "product_details_propert_value": 13, "is_feature": false, "is_detail": false, "is_file": false, "status": true, "created_at": "2021-03-08T08:02:41.835Z", "updated_at": "2021-03-08T08:02:41.835Z"}}, {"model": "product.product_details", "pk": 72, "fields": {"product": 14, "product_details_property_name": 21, "product_details_propert_value": 15, "is_feature": false, "is_detail": false, "is_file": false, "status": true, "created_at": "2021-03-08T08:02:41.844Z", "updated_at": "2021-03-08T08:02:41.844Z"}}, {"model": "product.product_details", "pk": 73, "fields": {"product": 14, "product_details_property_name": 22, "product_details_propert_value": 16, "is_feature": false, "is_detail": false, "is_file": false, "status": true, "created_at": "2021-03-08T08:02:41.852Z", "updated_at": "2021-03-08T08:02:41.852Z"}}, {"model": "product.product_details", "pk": 74, "fields": {"product": 14, "product_details_property_name": 29, "product_details_propert_value": 23, "is_feature": false, "is_detail": false, "is_file": false, "status": true, "created_at": "2021-03-08T08:02:41.862Z", "updated_at": "2021-03-08T08:02:41.862Z"}}, {"model": "product.product_details", "pk": 75, "fields": {"product": 14, "product_details_property_name": 32, "product_details_propert_value": 25, "is_feature": false, "is_detail": false, "is_file": false, "status": true, "created_at": "2021-03-08T08:02:41.870Z", "updated_at": "2021-03-08T08:02:41.870Z"}}, {"model": "product.product_details", "pk": 76, "fields": {"product": 15, "product_details_property_name": 12, "product_details_propert_value": 8, "is_feature": false, "is_detail": false, "is_file": false, "status": true, "created_at": "2021-03-08T08:46:11.955Z", "updated_at": "2021-03-08T08:46:11.955Z"}}, {"model": "product.product_details", "pk": 77, "fields": {"product": 15, "product_details_property_name": 20, "product_details_propert_value": 14, "is_feature": false, "is_detail": false, "is_file": false, "status": true, "created_at": "2021-03-08T08:46:11.968Z", "updated_at": "2021-03-08T08:46:11.968Z"}}, {"model": "product.product_details", "pk": 78, "fields": {"product": 15, "product_details_property_name": 16, "product_details_propert_value": 10, "is_feature": false, "is_detail": false, "is_file": false, "status": true, "created_at": "2021-03-08T08:46:11.977Z", "updated_at": "2021-03-08T08:46:11.977Z"}}, {"model": "product.product_details", "pk": 79, "fields": {"product": 15, "product_details_property_name": 19, "product_details_propert_value": 13, "is_feature": false, "is_detail": false, "is_file": false, "status": true, "created_at": "2021-03-08T08:46:11.984Z", "updated_at": "2021-03-08T08:46:11.984Z"}}, {"model": "product.product_details", "pk": 80, "fields": {"product": 15, "product_details_property_name": 21, "product_details_propert_value": 15, "is_feature": false, "is_detail": false, "is_file": false, "status": true, "created_at": "2021-03-08T08:46:11.991Z", "updated_at": "2021-03-08T08:46:11.991Z"}}, {"model": "product.product_details", "pk": 81, "fields": {"product": 15, "product_details_property_name": 22, "product_details_propert_value": 16, "is_feature": false, "is_detail": false, "is_file": false, "status": true, "created_at": "2021-03-08T08:46:11.999Z", "updated_at": "2021-03-08T08:46:11.999Z"}}, {"model": "product.product_details", "pk": 82, "fields": {"product": 15, "product_details_property_name": 29, "product_details_propert_value": 23, "is_feature": false, "is_detail": false, "is_file": false, "status": true, "created_at": "2021-03-08T08:46:12.009Z", "updated_at": "2021-03-08T08:46:12.009Z"}}, {"model": "product.product_details", "pk": 83, "fields": {"product": 15, "product_details_property_name": 32, "product_details_propert_value": 25, "is_feature": false, "is_detail": false, "is_file": false, "status": true, "created_at": "2021-03-08T08:46:12.016Z", "updated_at": "2021-03-08T08:46:12.016Z"}}, {"model": "product.product_details", "pk": 84, "fields": {"product": 16, "product_details_property_name": 12, "product_details_propert_value": 8, "is_feature": false, "is_detail": false, "is_file": false, "status": true, "created_at": "2021-03-08T08:49:50.996Z", "updated_at": "2021-03-08T08:49:50.996Z"}}, {"model": "product.product_details", "pk": 85, "fields": {"product": 16, "product_details_property_name": 20, "product_details_propert_value": 14, "is_feature": false, "is_detail": false, "is_file": false, "status": true, "created_at": "2021-03-08T08:49:51.004Z", "updated_at": "2021-03-08T08:49:51.004Z"}}, {"model": "product.product_details", "pk": 86, "fields": {"product": 16, "product_details_property_name": 16, "product_details_propert_value": 10, "is_feature": false, "is_detail": false, "is_file": false, "status": true, "created_at": "2021-03-08T08:49:51.011Z", "updated_at": "2021-03-08T08:49:51.011Z"}}, {"model": "product.product_details", "pk": 87, "fields": {"product": 16, "product_details_property_name": 19, "product_details_propert_value": 13, "is_feature": false, "is_detail": false, "is_file": false, "status": true, "created_at": "2021-03-08T08:49:51.020Z", "updated_at": "2021-03-08T08:49:51.020Z"}}, {"model": "product.product_details", "pk": 88, "fields": {"product": 16, "product_details_property_name": 21, "product_details_propert_value": 15, "is_feature": false, "is_detail": false, "is_file": false, "status": true, "created_at": "2021-03-08T08:49:51.027Z", "updated_at": "2021-03-08T08:49:51.027Z"}}, {"model": "product.product_details", "pk": 89, "fields": {"product": 16, "product_details_property_name": 22, "product_details_propert_value": 16, "is_feature": false, "is_detail": false, "is_file": false, "status": true, "created_at": "2021-03-08T08:49:51.035Z", "updated_at": "2021-03-08T08:49:51.035Z"}}, {"model": "product.product_details", "pk": 90, "fields": {"product": 16, "product_details_property_name": 29, "product_details_propert_value": 23, "is_feature": false, "is_detail": false, "is_file": false, "status": true, "created_at": "2021-03-08T08:49:51.045Z", "updated_at": "2021-03-08T08:49:51.045Z"}}, {"model": "product.product_details", "pk": 91, "fields": {"product": 16, "product_details_property_name": 32, "product_details_propert_value": 25, "is_feature": false, "is_detail": false, "is_file": false, "status": true, "created_at": "2021-03-08T08:49:51.052Z", "updated_at": "2021-03-08T08:49:51.052Z"}}, {"model": "product.product_details", "pk": 92, "fields": {"product": 17, "product_details_property_name": 12, "product_details_propert_value": 8, "is_feature": false, "is_detail": false, "is_file": false, "status": true, "created_at": "2021-03-08T08:55:27.006Z", "updated_at": "2021-03-08T08:55:27.006Z"}}, {"model": "product.product_details", "pk": 93, "fields": {"product": 17, "product_details_property_name": 20, "product_details_propert_value": 14, "is_feature": false, "is_detail": false, "is_file": false, "status": true, "created_at": "2021-03-08T08:55:27.013Z", "updated_at": "2021-03-08T08:55:27.013Z"}}, {"model": "product.product_details", "pk": 94, "fields": {"product": 17, "product_details_property_name": 16, "product_details_propert_value": 10, "is_feature": false, "is_detail": false, "is_file": false, "status": true, "created_at": "2021-03-08T08:55:27.021Z", "updated_at": "2021-03-08T08:55:27.021Z"}}, {"model": "product.product_details", "pk": 95, "fields": {"product": 17, "product_details_property_name": 19, "product_details_propert_value": 13, "is_feature": false, "is_detail": false, "is_file": false, "status": true, "created_at": "2021-03-08T08:55:27.027Z", "updated_at": "2021-03-08T08:55:27.027Z"}}, {"model": "product.product_details", "pk": 96, "fields": {"product": 17, "product_details_property_name": 21, "product_details_propert_value": 15, "is_feature": false, "is_detail": false, "is_file": false, "status": true, "created_at": "2021-03-08T08:55:27.035Z", "updated_at": "2021-03-08T08:55:27.035Z"}}, {"model": "product.product_details", "pk": 97, "fields": {"product": 17, "product_details_property_name": 22, "product_details_propert_value": 16, "is_feature": false, "is_detail": false, "is_file": false, "status": true, "created_at": "2021-03-08T08:55:27.042Z", "updated_at": "2021-03-08T08:55:27.042Z"}}, {"model": "product.product_details", "pk": 98, "fields": {"product": 17, "product_details_property_name": 29, "product_details_propert_value": 23, "is_feature": false, "is_detail": false, "is_file": false, "status": true, "created_at": "2021-03-08T08:55:27.048Z", "updated_at": "2021-03-08T08:55:27.048Z"}}, {"model": "product.product_details", "pk": 99, "fields": {"product": 17, "product_details_property_name": 32, "product_details_propert_value": 25, "is_feature": false, "is_detail": false, "is_file": false, "status": true, "created_at": "2021-03-08T08:55:27.055Z", "updated_at": "2021-03-08T08:55:27.055Z"}}, {"model": "product.product_details", "pk": 100, "fields": {"product": 18, "product_details_property_name": 12, "product_details_propert_value": 8, "is_feature": false, "is_detail": false, "is_file": false, "status": true, "created_at": "2021-03-08T09:09:32.045Z", "updated_at": "2021-03-08T09:09:32.045Z"}}, {"model": "product.product_details", "pk": 101, "fields": {"product": 18, "product_details_property_name": 20, "product_details_propert_value": 14, "is_feature": false, "is_detail": false, "is_file": false, "status": true, "created_at": "2021-03-08T09:09:32.085Z", "updated_at": "2021-03-08T09:09:32.085Z"}}, {"model": "product.product_details", "pk": 102, "fields": {"product": 18, "product_details_property_name": 16, "product_details_propert_value": 10, "is_feature": false, "is_detail": false, "is_file": false, "status": true, "created_at": "2021-03-08T09:09:32.095Z", "updated_at": "2021-03-08T09:09:32.095Z"}}, {"model": "product.product_details", "pk": 103, "fields": {"product": 18, "product_details_property_name": 19, "product_details_propert_value": 13, "is_feature": false, "is_detail": false, "is_file": false, "status": true, "created_at": "2021-03-08T09:09:32.105Z", "updated_at": "2021-03-08T09:09:32.105Z"}}, {"model": "product.product_details", "pk": 104, "fields": {"product": 18, "product_details_property_name": 21, "product_details_propert_value": 15, "is_feature": false, "is_detail": false, "is_file": false, "status": true, "created_at": "2021-03-08T09:09:32.112Z", "updated_at": "2021-03-08T09:09:32.112Z"}}, {"model": "product.product_details", "pk": 105, "fields": {"product": 18, "product_details_property_name": 22, "product_details_propert_value": 16, "is_feature": false, "is_detail": false, "is_file": false, "status": true, "created_at": "2021-03-08T09:09:32.121Z", "updated_at": "2021-03-08T09:09:32.121Z"}}, {"model": "product.product_details", "pk": 106, "fields": {"product": 18, "product_details_property_name": 29, "product_details_propert_value": 23, "is_feature": false, "is_detail": false, "is_file": false, "status": true, "created_at": "2021-03-08T09:09:32.128Z", "updated_at": "2021-03-08T09:09:32.128Z"}}, {"model": "product.product_details", "pk": 107, "fields": {"product": 18, "product_details_property_name": 32, "product_details_propert_value": 25, "is_feature": false, "is_detail": false, "is_file": false, "status": true, "created_at": "2021-03-08T09:09:32.138Z", "updated_at": "2021-03-08T09:09:32.138Z"}}, {"model": "product.product_details", "pk": 108, "fields": {"product": 19, "product_details_property_name": 12, "product_details_propert_value": 8, "is_feature": false, "is_detail": false, "is_file": false, "status": true, "created_at": "2021-03-08T09:11:32.966Z", "updated_at": "2021-03-08T09:11:32.966Z"}}, {"model": "product.product_details", "pk": 109, "fields": {"product": 19, "product_details_property_name": 20, "product_details_propert_value": 14, "is_feature": false, "is_detail": false, "is_file": false, "status": true, "created_at": "2021-03-08T09:11:32.975Z", "updated_at": "2021-03-08T09:11:32.975Z"}}, {"model": "product.product_details", "pk": 110, "fields": {"product": 19, "product_details_property_name": 16, "product_details_propert_value": 10, "is_feature": false, "is_detail": false, "is_file": false, "status": true, "created_at": "2021-03-08T09:11:32.983Z", "updated_at": "2021-03-08T09:11:32.983Z"}}, {"model": "product.product_details", "pk": 111, "fields": {"product": 19, "product_details_property_name": 19, "product_details_propert_value": 13, "is_feature": false, "is_detail": false, "is_file": false, "status": true, "created_at": "2021-03-08T09:11:32.990Z", "updated_at": "2021-03-08T09:11:32.990Z"}}, {"model": "product.product_details", "pk": 112, "fields": {"product": 19, "product_details_property_name": 21, "product_details_propert_value": 15, "is_feature": false, "is_detail": false, "is_file": false, "status": true, "created_at": "2021-03-08T09:11:32.997Z", "updated_at": "2021-03-08T09:11:32.997Z"}}, {"model": "product.product_details", "pk": 113, "fields": {"product": 19, "product_details_property_name": 22, "product_details_propert_value": 16, "is_feature": false, "is_detail": false, "is_file": false, "status": true, "created_at": "2021-03-08T09:11:33.004Z", "updated_at": "2021-03-08T09:11:33.004Z"}}, {"model": "product.product_details", "pk": 114, "fields": {"product": 19, "product_details_property_name": 29, "product_details_propert_value": 23, "is_feature": false, "is_detail": false, "is_file": false, "status": true, "created_at": "2021-03-08T09:11:33.011Z", "updated_at": "2021-03-08T09:11:33.011Z"}}, {"model": "product.product_details", "pk": 115, "fields": {"product": 19, "product_details_property_name": 32, "product_details_propert_value": 25, "is_feature": false, "is_detail": false, "is_file": false, "status": true, "created_at": "2021-03-08T09:11:33.017Z", "updated_at": "2021-03-08T09:11:33.017Z"}}, {"model": "product.product_details", "pk": 116, "fields": {"product": 20, "product_details_property_name": 12, "product_details_propert_value": 8, "is_feature": false, "is_detail": false, "is_file": false, "status": true, "created_at": "2021-03-08T09:12:45.597Z", "updated_at": "2021-03-08T09:12:45.597Z"}}, {"model": "product.product_details", "pk": 117, "fields": {"product": 20, "product_details_property_name": 20, "product_details_propert_value": 14, "is_feature": false, "is_detail": false, "is_file": false, "status": true, "created_at": "2021-03-08T09:12:45.693Z", "updated_at": "2021-03-08T09:12:45.693Z"}}, {"model": "product.product_details", "pk": 118, "fields": {"product": 20, "product_details_property_name": 16, "product_details_propert_value": 10, "is_feature": false, "is_detail": false, "is_file": false, "status": true, "created_at": "2021-03-08T09:12:45.701Z", "updated_at": "2021-03-08T09:12:45.701Z"}}, {"model": "product.product_details", "pk": 119, "fields": {"product": 20, "product_details_property_name": 19, "product_details_propert_value": 13, "is_feature": false, "is_detail": false, "is_file": false, "status": true, "created_at": "2021-03-08T09:12:45.708Z", "updated_at": "2021-03-08T09:12:45.708Z"}}, {"model": "product.product_details", "pk": 120, "fields": {"product": 20, "product_details_property_name": 21, "product_details_propert_value": 15, "is_feature": false, "is_detail": false, "is_file": false, "status": true, "created_at": "2021-03-08T09:12:45.717Z", "updated_at": "2021-03-08T09:12:45.717Z"}}, {"model": "product.product_details", "pk": 121, "fields": {"product": 20, "product_details_property_name": 22, "product_details_propert_value": 16, "is_feature": false, "is_detail": false, "is_file": false, "status": true, "created_at": "2021-03-08T09:12:45.726Z", "updated_at": "2021-03-08T09:12:45.726Z"}}, {"model": "product.product_details", "pk": 122, "fields": {"product": 20, "product_details_property_name": 29, "product_details_propert_value": 23, "is_feature": false, "is_detail": false, "is_file": false, "status": true, "created_at": "2021-03-08T09:12:45.735Z", "updated_at": "2021-03-08T09:12:45.735Z"}}, {"model": "product.product_details", "pk": 123, "fields": {"product": 20, "product_details_property_name": 32, "product_details_propert_value": 25, "is_feature": false, "is_detail": false, "is_file": false, "status": true, "created_at": "2021-03-08T09:12:45.743Z", "updated_at": "2021-03-08T09:12:45.743Z"}}, {"model": "product.product_details", "pk": 124, "fields": {"product": 21, "product_details_property_name": 12, "product_details_propert_value": 8, "is_feature": false, "is_detail": false, "is_file": false, "status": true, "created_at": "2021-03-08T10:25:12.515Z", "updated_at": "2021-03-08T10:25:12.515Z"}}, {"model": "product.product_details", "pk": 125, "fields": {"product": 21, "product_details_property_name": 20, "product_details_propert_value": 14, "is_feature": false, "is_detail": false, "is_file": false, "status": true, "created_at": "2021-03-08T10:25:12.524Z", "updated_at": "2021-03-08T10:25:12.524Z"}}, {"model": "product.product_details", "pk": 126, "fields": {"product": 21, "product_details_property_name": 16, "product_details_propert_value": 10, "is_feature": false, "is_detail": false, "is_file": false, "status": true, "created_at": "2021-03-08T10:25:12.535Z", "updated_at": "2021-03-08T10:25:12.535Z"}}, {"model": "product.product_details", "pk": 127, "fields": {"product": 21, "product_details_property_name": 19, "product_details_propert_value": 13, "is_feature": false, "is_detail": false, "is_file": false, "status": true, "created_at": "2021-03-08T10:25:12.544Z", "updated_at": "2021-03-08T10:25:12.544Z"}}, {"model": "product.product_details", "pk": 128, "fields": {"product": 21, "product_details_property_name": 21, "product_details_propert_value": 15, "is_feature": false, "is_detail": false, "is_file": false, "status": true, "created_at": "2021-03-08T10:25:12.553Z", "updated_at": "2021-03-08T10:25:12.553Z"}}, {"model": "product.product_details", "pk": 129, "fields": {"product": 21, "product_details_property_name": 22, "product_details_propert_value": 16, "is_feature": false, "is_detail": false, "is_file": false, "status": true, "created_at": "2021-03-08T10:25:12.562Z", "updated_at": "2021-03-08T10:25:12.562Z"}}, {"model": "product.product_details", "pk": 130, "fields": {"product": 21, "product_details_property_name": 29, "product_details_propert_value": 23, "is_feature": false, "is_detail": false, "is_file": false, "status": true, "created_at": "2021-03-08T10:25:12.573Z", "updated_at": "2021-03-08T10:25:12.573Z"}}, {"model": "product.product_details", "pk": 131, "fields": {"product": 21, "product_details_property_name": 32, "product_details_propert_value": 25, "is_feature": false, "is_detail": false, "is_file": false, "status": true, "created_at": "2021-03-08T10:25:12.582Z", "updated_at": "2021-03-08T10:25:12.582Z"}}, {"model": "product.product_details", "pk": 132, "fields": {"product": 22, "product_details_property_name": 12, "product_details_propert_value": 8, "is_feature": false, "is_detail": false, "is_file": false, "status": true, "created_at": "2021-03-08T10:27:24.570Z", "updated_at": "2021-03-08T10:27:24.571Z"}}, {"model": "product.product_details", "pk": 133, "fields": {"product": 22, "product_details_property_name": 20, "product_details_propert_value": 14, "is_feature": false, "is_detail": false, "is_file": false, "status": true, "created_at": "2021-03-08T10:27:24.582Z", "updated_at": "2021-03-08T10:27:24.582Z"}}, {"model": "product.product_details", "pk": 134, "fields": {"product": 22, "product_details_property_name": 16, "product_details_propert_value": 10, "is_feature": false, "is_detail": false, "is_file": false, "status": true, "created_at": "2021-03-08T10:27:24.592Z", "updated_at": "2021-03-08T10:27:24.592Z"}}, {"model": "product.product_details", "pk": 135, "fields": {"product": 22, "product_details_property_name": 19, "product_details_propert_value": 13, "is_feature": false, "is_detail": false, "is_file": false, "status": true, "created_at": "2021-03-08T10:27:24.603Z", "updated_at": "2021-03-08T10:27:24.603Z"}}, {"model": "product.product_details", "pk": 136, "fields": {"product": 22, "product_details_property_name": 21, "product_details_propert_value": 15, "is_feature": false, "is_detail": false, "is_file": false, "status": true, "created_at": "2021-03-08T10:27:24.613Z", "updated_at": "2021-03-08T10:27:24.613Z"}}, {"model": "product.product_details", "pk": 137, "fields": {"product": 22, "product_details_property_name": 22, "product_details_propert_value": 16, "is_feature": false, "is_detail": false, "is_file": false, "status": true, "created_at": "2021-03-08T10:27:24.621Z", "updated_at": "2021-03-08T10:27:24.621Z"}}, {"model": "product.product_details", "pk": 138, "fields": {"product": 22, "product_details_property_name": 29, "product_details_propert_value": 23, "is_feature": false, "is_detail": false, "is_file": false, "status": true, "created_at": "2021-03-08T10:27:24.634Z", "updated_at": "2021-03-08T10:27:24.634Z"}}, {"model": "product.product_details", "pk": 139, "fields": {"product": 22, "product_details_property_name": 32, "product_details_propert_value": 25, "is_feature": false, "is_detail": false, "is_file": false, "status": true, "created_at": "2021-03-08T10:27:24.656Z", "updated_at": "2021-03-08T10:27:24.656Z"}}, {"model": "product.product_details", "pk": 140, "fields": {"product": 23, "product_details_property_name": 12, "product_details_propert_value": 8, "is_feature": false, "is_detail": false, "is_file": false, "status": true, "created_at": "2021-03-08T10:29:29.408Z", "updated_at": "2021-03-08T10:29:29.408Z"}}, {"model": "product.product_details", "pk": 141, "fields": {"product": 23, "product_details_property_name": 20, "product_details_propert_value": 14, "is_feature": false, "is_detail": false, "is_file": false, "status": true, "created_at": "2021-03-08T10:29:29.416Z", "updated_at": "2021-03-08T10:29:29.416Z"}}, {"model": "product.product_details", "pk": 142, "fields": {"product": 23, "product_details_property_name": 16, "product_details_propert_value": 10, "is_feature": false, "is_detail": false, "is_file": false, "status": true, "created_at": "2021-03-08T10:29:29.425Z", "updated_at": "2021-03-08T10:29:29.425Z"}}, {"model": "product.product_details", "pk": 143, "fields": {"product": 23, "product_details_property_name": 19, "product_details_propert_value": 13, "is_feature": false, "is_detail": false, "is_file": false, "status": true, "created_at": "2021-03-08T10:29:29.434Z", "updated_at": "2021-03-08T10:29:29.434Z"}}, {"model": "product.product_details", "pk": 144, "fields": {"product": 23, "product_details_property_name": 21, "product_details_propert_value": 15, "is_feature": false, "is_detail": false, "is_file": false, "status": true, "created_at": "2021-03-08T10:29:29.445Z", "updated_at": "2021-03-08T10:29:29.445Z"}}, {"model": "product.product_details", "pk": 145, "fields": {"product": 23, "product_details_property_name": 22, "product_details_propert_value": 16, "is_feature": false, "is_detail": false, "is_file": false, "status": true, "created_at": "2021-03-08T10:29:29.454Z", "updated_at": "2021-03-08T10:29:29.454Z"}}, {"model": "product.product_details", "pk": 146, "fields": {"product": 23, "product_details_property_name": 29, "product_details_propert_value": 23, "is_feature": false, "is_detail": false, "is_file": false, "status": true, "created_at": "2021-03-08T10:29:29.461Z", "updated_at": "2021-03-08T10:29:29.461Z"}}, {"model": "product.product_details", "pk": 147, "fields": {"product": 23, "product_details_property_name": 32, "product_details_propert_value": 25, "is_feature": false, "is_detail": false, "is_file": false, "status": true, "created_at": "2021-03-08T10:29:29.469Z", "updated_at": "2021-03-08T10:29:29.469Z"}}, {"model": "product.product_details", "pk": 148, "fields": {"product": 24, "product_details_property_name": 12, "product_details_propert_value": 8, "is_feature": false, "is_detail": false, "is_file": false, "status": true, "created_at": "2021-03-08T10:32:23.459Z", "updated_at": "2021-03-08T10:32:23.459Z"}}, {"model": "product.product_details", "pk": 149, "fields": {"product": 24, "product_details_property_name": 20, "product_details_propert_value": 14, "is_feature": false, "is_detail": false, "is_file": false, "status": true, "created_at": "2021-03-08T10:32:23.469Z", "updated_at": "2021-03-08T10:32:23.469Z"}}, {"model": "product.product_details", "pk": 150, "fields": {"product": 24, "product_details_property_name": 16, "product_details_propert_value": 10, "is_feature": false, "is_detail": false, "is_file": false, "status": true, "created_at": "2021-03-08T10:32:23.477Z", "updated_at": "2021-03-08T10:32:23.477Z"}}, {"model": "product.product_details", "pk": 151, "fields": {"product": 24, "product_details_property_name": 19, "product_details_propert_value": 13, "is_feature": false, "is_detail": false, "is_file": false, "status": true, "created_at": "2021-03-08T10:32:23.485Z", "updated_at": "2021-03-08T10:32:23.485Z"}}, {"model": "product.product_details", "pk": 152, "fields": {"product": 24, "product_details_property_name": 21, "product_details_propert_value": 15, "is_feature": false, "is_detail": false, "is_file": false, "status": true, "created_at": "2021-03-08T10:32:23.493Z", "updated_at": "2021-03-08T10:32:23.493Z"}}, {"model": "product.product_details", "pk": 153, "fields": {"product": 24, "product_details_property_name": 22, "product_details_propert_value": 16, "is_feature": false, "is_detail": false, "is_file": false, "status": true, "created_at": "2021-03-08T10:32:23.503Z", "updated_at": "2021-03-08T10:32:23.503Z"}}, {"model": "product.product_details", "pk": 154, "fields": {"product": 24, "product_details_property_name": 29, "product_details_propert_value": 23, "is_feature": false, "is_detail": false, "is_file": false, "status": true, "created_at": "2021-03-08T10:32:23.513Z", "updated_at": "2021-03-08T10:32:23.513Z"}}, {"model": "product.product_details", "pk": 155, "fields": {"product": 24, "product_details_property_name": 32, "product_details_propert_value": 25, "is_feature": false, "is_detail": false, "is_file": false, "status": true, "created_at": "2021-03-08T10:32:23.523Z", "updated_at": "2021-03-08T10:32:23.523Z"}}, {"model": "product.product_details_property_name", "pk": 12, "fields": {"title": "Istehsal ili", "status": true, "created_at": "2021-02-23T07:30:42.183Z", "updated_at": "2021-02-23T07:30:42.183Z"}}, {"model": "product.product_details_property_name", "pk": 13, "fields": {"title": "Yaddas", "status": true, "created_at": "2021-02-23T07:30:49.151Z", "updated_at": "2021-02-23T07:30:49.151Z"}}, {"model": "product.product_details_property_name", "pk": 14, "fields": {"title": "Model", "status": true, "created_at": "2021-03-04T19:52:53.701Z", "updated_at": "2021-03-04T19:52:53.701Z"}}, {"model": "product.product_details_property_name", "pk": 16, "fields": {"title": "Əməliyyat sistemi", "status": true, "created_at": "2021-03-04T19:54:46.208Z", "updated_at": "2021-03-04T19:54:46.208Z"}}, {"model": "product.product_details_property_name", "pk": 17, "fields": {"title": "Ekranın ölçüsü", "status": true, "created_at": "2021-03-04T19:55:35.930Z", "updated_at": "2021-03-04T19:55:35.930Z"}}, {"model": "product.product_details_property_name", "pk": 18, "fields": {"title": "Ekranın imkanları", "status": true, "created_at": "2021-03-04T19:55:46.416Z", "updated_at": "2021-03-04T19:55:46.416Z"}}, {"model": "product.product_details_property_name", "pk": 19, "fields": {"title": "Operativ yaddaş (RAM)", "status": true, "created_at": "2021-03-04T19:56:04.530Z", "updated_at": "2021-03-04T19:56:04.530Z"}}, {"model": "product.product_details_property_name", "pk": 20, "fields": {"title": "Daxili Yaddaş", "status": true, "created_at": "2021-03-04T19:56:18.122Z", "updated_at": "2021-03-04T19:56:18.122Z"}}, {"model": "product.product_details_property_name", "pk": 21, "fields": {"title": "Prosessor", "status": true, "created_at": "2021-03-04T19:56:31.422Z", "updated_at": "2021-03-04T19:56:31.423Z"}}, {"model": "product.product_details_property_name", "pk": 22, "fields": {"title": "Əsas Kamera", "status": true, "created_at": "2021-03-04T20:04:14.052Z", "updated_at": "2021-03-04T20:04:14.052Z"}}, {"model": "product.product_details_property_name", "pk": 23, "fields": {"title": "Ön Kamera", "status": true, "created_at": "2021-03-04T20:04:39.510Z", "updated_at": "2021-03-04T20:04:39.510Z"}}, {"model": "product.product_details_property_name", "pk": 24, "fields": {"title": "Video imkanları", "status": true, "created_at": "2021-03-04T20:04:56.574Z", "updated_at": "2021-03-04T20:04:56.574Z"}}, {"model": "product.product_details_property_name", "pk": 25, "fields": {"title": "Şəbəkə", "status": true, "created_at": "2021-03-04T20:05:20.115Z", "updated_at": "2021-03-04T20:05:20.115Z"}}, {"model": "product.product_details_property_name", "pk": 26, "fields": {"title": "Təhlükəsizlik", "status": true, "created_at": "2021-03-04T20:06:18.707Z", "updated_at": "2021-03-04T20:06:18.707Z"}}, {"model": "product.product_details_property_name", "pk": 27, "fields": {"title": "Sim-kart sayı", "status": true, "created_at": "2021-03-04T20:06:33.540Z", "updated_at": "2021-03-04T20:06:33.540Z"}}, {"model": "product.product_details_property_name", "pk": 28, "fields": {"title": "Yaddaş kart dəstəyi", "status": true, "created_at": "2021-03-04T20:06:48.603Z", "updated_at": "2021-03-04T20:06:48.603Z"}}, {"model": "product.product_details_property_name", "pk": 29, "fields": {"title": "NFC", "status": true, "created_at": "2021-03-04T20:06:59.232Z", "updated_at": "2021-03-04T20:06:59.232Z"}}, {"model": "product.product_details_property_name", "pk": 30, "fields": {"title": "Su və toz davamlılığı", "status": true, "created_at": "2021-03-04T20:07:10.403Z", "updated_at": "2021-03-04T20:07:10.403Z"}}, {"model": "product.product_details_property_name", "pk": 31, "fields": {"title": "Naqilsiz şarj", "status": true, "created_at": "2021-03-04T20:07:20.565Z", "updated_at": "2021-03-04T20:07:20.565Z"}}, {"model": "product.product_details_property_name", "pk": 32, "fields": {"title": "Batareya növü və tutumu", "status": true, "created_at": "2021-03-04T20:07:35.336Z", "updated_at": "2021-03-04T20:07:35.336Z"}}, {"model": "product.product_details_property_name", "pk": 33, "fields": {"title": "Ölçülər", "status": true, "created_at": "2021-03-04T20:07:49.176Z", "updated_at": "2021-03-04T20:07:49.176Z"}}, {"model": "product.product_details_property_name", "pk": 34, "fields": {"title": "Çəki", "status": true, "created_at": "2021-03-04T20:07:57.941Z", "updated_at": "2021-03-04T20:07:57.941Z"}}, {"model": "product.product_details_property_value", "pk": 8, "fields": {"content": "2020", "file": "", "status": true, "created_at": "2021-02-23T07:30:10.338Z", "updated_at": "2021-02-23T07:30:10.338Z"}}, {"model": "product.product_details_property_value", "pk": 10, "fields": {"content": "Android 11, One UI 3.1", "file": "", "status": true, "created_at": "2021-03-04T20:10:21.234Z", "updated_at": "2021-03-04T20:10:21.234Z"}}, {"model": "product.product_details_property_value", "pk": 11, "fields": {"content": "6.2\"", "file": "", "status": true, "created_at": "2021-03-04T20:10:31.046Z", "updated_at": "2021-03-04T20:10:31.046Z"}}, {"model": "product.product_details_property_value", "pk": 12, "fields": {"content": "1080 x 2400 px", "file": "", "status": true, "created_at": "2021-03-04T20:10:41.011Z", "updated_at": "2021-03-04T20:10:41.011Z"}}, {"model": "product.product_details_property_value", "pk": 13, "fields": {"content": "8 GB", "file": "", "status": true, "created_at": "2021-03-04T20:11:03.073Z", "updated_at": "2021-03-04T20:11:03.073Z"}}, {"model": "product.product_details_property_value", "pk": 14, "fields": {"content": "128 GB", "file": "", "status": true, "created_at": "2021-03-04T20:11:14.530Z", "updated_at": "2021-03-04T20:11:14.530Z"}}, {"model": "product.product_details_property_value", "pk": 15, "fields": {"content": "Exynos 2100", "file": "", "status": true, "created_at": "2021-03-04T20:11:26.460Z", "updated_at": "2021-03-04T20:11:26.460Z"}}, {"model": "product.product_details_property_value", "pk": 16, "fields": {"content": "12 + 12 + 64 MP", "file": "", "status": true, "created_at": "2021-03-04T20:11:36.963Z", "updated_at": "2021-03-04T20:11:36.963Z"}}, {"model": "product.product_details_property_value", "pk": 17, "fields": {"content": "10 MP", "file": "", "status": true, "created_at": "2021-03-04T20:11:57.350Z", "updated_at": "2021-03-04T20:11:57.350Z"}}, {"model": "product.product_details_property_value", "pk": 18, "fields": {"content": "8K@30fps, 4K@30/60fps, 1080p@30/60/120fps, 720p@96", "file": "", "status": true, "created_at": "2021-03-04T20:12:27.268Z", "updated_at": "2021-03-04T20:12:27.268Z"}}, {"model": "product.product_details_property_value", "pk": 19, "fields": {"content": "GSM / CDMA / HSPA / EVDO / LTE / 5G", "file": "", "status": true, "created_at": "2021-03-04T20:12:38.943Z", "updated_at": "2021-03-04T20:12:38.943Z"}}, {"model": "product.product_details_property_value", "pk": 20, "fields": {"content": "-", "file": "", "status": true, "created_at": "2021-03-04T20:12:56.024Z", "updated_at": "2021-03-04T20:12:56.024Z"}}, {"model": "product.product_details_property_value", "pk": 21, "fields": {"content": "Finger print, FaceID, PIN", "file": "", "status": true, "created_at": "2021-03-04T20:13:42.631Z", "updated_at": "2021-03-04T20:13:42.631Z"}}, {"model": "product.product_details_property_value", "pk": 22, "fields": {"content": "2", "file": "", "status": true, "created_at": "2021-03-04T20:13:52.407Z", "updated_at": "2021-03-04T20:13:52.407Z"}}, {"model": "product.product_details_property_value", "pk": 23, "fields": {"content": "Var", "file": "", "status": true, "created_at": "2021-03-04T20:14:03.945Z", "updated_at": "2021-03-04T20:14:03.945Z"}}, {"model": "product.product_details_property_value", "pk": 24, "fields": {"content": "IP68", "file": "", "status": true, "created_at": "2021-03-04T20:14:15.930Z", "updated_at": "2021-03-04T20:14:15.930Z"}}, {"model": "product.product_details_property_value", "pk": 25, "fields": {"content": "Li-Po 4000 mAh", "file": "", "status": true, "created_at": "2021-03-04T20:14:28.801Z", "updated_at": "2021-03-04T20:14:28.801Z"}}, {"model": "product.product_details_property_value", "pk": 26, "fields": {"content": "71.2 x 151.7 x 7.9 mm", "file": "", "status": true, "created_at": "2021-03-04T20:14:50.227Z", "updated_at": "2021-03-04T20:14:50.227Z"}}, {"model": "product.product_details_property_value", "pk": 27, "fields": {"content": "171 q", "file": "", "status": true, "created_at": "2021-03-04T20:15:01.555Z", "updated_at": "2021-03-04T20:15:01.555Z"}}, {"model": "product.product_images", "pk": 12, "fields": {"product": 9, "image": "product_images/samsung-galaxy-s20-plus-black-1.jpeg", "is_main": true, "is_second_main": false, "status": true, "created_at": "2021-03-08T01:29:26.721Z", "updated_at": "2021-03-08T01:29:26.721Z"}}, {"model": "product.product_images", "pk": 13, "fields": {"product": 9, "image": "product_images/miA2_M8nfWEs.jpeg", "is_main": false, "is_second_main": true, "status": true, "created_at": "2021-03-08T01:29:26.758Z", "updated_at": "2021-03-08T01:29:26.758Z"}}, {"model": "product.product_images", "pk": 14, "fields": {"product": 10, "image": "product_images/miA2_LEQKNV8.jpeg", "is_main": false, "is_second_main": true, "status": true, "created_at": "2021-03-08T02:31:38.351Z", "updated_at": "2021-03-08T02:31:38.351Z"}}, {"model": "product.product_images", "pk": 15, "fields": {"product": 10, "image": "product_images/a107_red.jpeg", "is_main": true, "is_second_main": false, "status": true, "created_at": "2021-03-08T02:31:38.392Z", "updated_at": "2021-03-08T02:31:38.392Z"}}, {"model": "product.product_images", "pk": 16, "fields": {"product": 11, "image": "product_images/mi-10t-lunar-silver.jpeg", "is_main": true, "is_second_main": false, "status": true, "created_at": "2021-03-08T02:33:35.752Z", "updated_at": "2021-03-08T02:33:35.752Z"}}, {"model": "product.product_images", "pk": 17, "fields": {"product": 11, "image": "product_images/miA2_FbgFfPz.jpeg", "is_main": false, "is_second_main": true, "status": true, "created_at": "2021-03-08T02:33:35.787Z", "updated_at": "2021-03-08T02:33:35.787Z"}}, {"model": "product.product_images", "pk": 18, "fields": {"product": 12, "image": "product_images/miA2_y1ioIdB.jpeg", "is_main": false, "is_second_main": true, "status": true, "created_at": "2021-03-08T07:51:20.711Z", "updated_at": "2021-03-08T07:53:22.325Z"}}, {"model": "product.product_images", "pk": 19, "fields": {"product": 12, "image": "product_images/a107_red_yy4hPmf.jpeg", "is_main": true, "is_second_main": false, "status": true, "created_at": "2021-03-08T07:51:20.748Z", "updated_at": "2021-03-08T07:53:22.287Z"}}, {"model": "product.product_images", "pk": 20, "fields": {"product": 13, "image": "product_images/samsung-galaxy-s20-plus-black-1_npkzgvO.jpeg", "is_main": true, "is_second_main": false, "status": true, "created_at": "2021-03-08T07:58:45.561Z", "updated_at": "2021-03-08T07:58:45.561Z"}}, {"model": "product.product_images", "pk": 21, "fields": {"product": 13, "image": "product_images/miA2_o7X5PWG.jpeg", "is_main": false, "is_second_main": true, "status": true, "created_at": "2021-03-08T07:58:45.599Z", "updated_at": "2021-03-08T07:58:45.599Z"}}, {"model": "product.product_images", "pk": 22, "fields": {"product": 14, "image": "product_images/galax.jpeg", "is_main": true, "is_second_main": false, "status": true, "created_at": "2021-03-08T08:02:41.761Z", "updated_at": "2021-03-08T08:02:41.761Z"}}, {"model": "product.product_images", "pk": 23, "fields": {"product": 14, "image": "product_images/miA2_sUvcDFC.jpeg", "is_main": false, "is_second_main": true, "status": true, "created_at": "2021-03-08T08:02:41.800Z", "updated_at": "2021-03-08T08:02:41.800Z"}}, {"model": "product.product_images", "pk": 24, "fields": {"product": 15, "image": "product_images/a107_red_ATqbSBQ.jpeg", "is_main": true, "is_second_main": false, "status": true, "created_at": "2021-03-08T08:46:11.913Z", "updated_at": "2021-03-08T08:46:11.913Z"}}, {"model": "product.product_images", "pk": 25, "fields": {"product": 15, "image": "product_images/miA2_seDNXw9.jpeg", "is_main": false, "is_second_main": true, "status": true, "created_at": "2021-03-08T08:46:11.947Z", "updated_at": "2021-03-08T08:46:11.947Z"}}, {"model": "product.product_images", "pk": 26, "fields": {"product": 16, "image": "product_images/samsung-galaxy-s20-plus-black-1_ncUzTMU.jpeg", "is_main": true, "is_second_main": false, "status": true, "created_at": "2021-03-08T08:49:50.942Z", "updated_at": "2021-03-08T08:57:57.853Z"}}, {"model": "product.product_images", "pk": 27, "fields": {"product": 16, "image": "product_images/miA2_kpVgXAa.jpeg", "is_main": false, "is_second_main": true, "status": true, "created_at": "2021-03-08T08:49:50.986Z", "updated_at": "2021-03-08T08:57:57.846Z"}}, {"model": "product.product_images", "pk": 28, "fields": {"product": 17, "image": "product_images/galax_jwRZDtK.jpeg", "is_main": true, "is_second_main": false, "status": true, "created_at": "2021-03-08T08:55:26.961Z", "updated_at": "2021-03-08T08:55:26.961Z"}}, {"model": "product.product_images", "pk": 29, "fields": {"product": 17, "image": "product_images/miA2_pLIC1fr.jpeg", "is_main": false, "is_second_main": true, "status": true, "created_at": "2021-03-08T08:55:26.996Z", "updated_at": "2021-03-08T08:55:26.996Z"}}, {"model": "product.product_images", "pk": 30, "fields": {"product": 18, "image": "product_images/redmi_9_grey-min.jpeg", "is_main": true, "is_second_main": false, "status": true, "created_at": "2021-03-08T09:09:31.998Z", "updated_at": "2021-03-08T09:09:31.998Z"}}, {"model": "product.product_images", "pk": 31, "fields": {"product": 18, "image": "product_images/miA2_s3F0AiS.jpeg", "is_main": false, "is_second_main": true, "status": true, "created_at": "2021-03-08T09:09:32.033Z", "updated_at": "2021-03-08T09:09:32.033Z"}}, {"model": "product.product_images", "pk": 32, "fields": {"product": 19, "image": "product_images/miA2_Z5HXEnj.jpeg", "is_main": false, "is_second_main": true, "status": true, "created_at": "2021-03-08T09:11:32.894Z", "updated_at": "2021-03-08T09:11:32.894Z"}}, {"model": "product.product_images", "pk": 33, "fields": {"product": 19, "image": "product_images/redmi_note_8.jpeg", "is_main": true, "is_second_main": false, "status": true, "created_at": "2021-03-08T09:11:32.944Z", "updated_at": "2021-03-08T09:11:32.944Z"}}, {"model": "product.product_images", "pk": 34, "fields": {"product": 20, "image": "product_images/redmi_note_9_green-min.jpeg", "is_main": true, "is_second_main": false, "status": true, "created_at": "2021-03-08T09:12:45.546Z", "updated_at": "2021-03-08T09:12:45.546Z"}}, {"model": "product.product_images", "pk": 35, "fields": {"product": 20, "image": "product_images/miA2_17vodbE.jpeg", "is_main": false, "is_second_main": true, "status": true, "created_at": "2021-03-08T09:12:45.588Z", "updated_at": "2021-03-08T09:12:45.588Z"}}, {"model": "product.product_images", "pk": 36, "fields": {"product": 21, "image": "product_images/redmi_note_8_LOEzk0N.jpeg", "is_main": true, "is_second_main": false, "status": true, "created_at": "2021-03-08T10:25:12.430Z", "updated_at": "2021-03-08T10:25:12.430Z"}}, {"model": "product.product_images", "pk": 37, "fields": {"product": 21, "image": "product_images/miA2_u86XvtM.jpeg", "is_main": false, "is_second_main": true, "status": true, "created_at": "2021-03-08T10:25:12.505Z", "updated_at": "2021-03-08T10:25:12.505Z"}}, {"model": "product.product_images", "pk": 38, "fields": {"product": 22, "image": "product_images/a107_red_EjT6y45.jpeg", "is_main": true, "is_second_main": false, "status": true, "created_at": "2021-03-08T10:27:24.512Z", "updated_at": "2021-03-08T10:27:24.512Z"}}, {"model": "product.product_images", "pk": 39, "fields": {"product": 22, "image": "product_images/miA2_3eHwMPZ.jpeg", "is_main": false, "is_second_main": true, "status": true, "created_at": "2021-03-08T10:27:24.560Z", "updated_at": "2021-03-08T10:27:24.560Z"}}, {"model": "product.product_images", "pk": 40, "fields": {"product": 23, "image": "product_images/redmi_note_9_green-min_9xfBUyI.jpeg", "is_main": true, "is_second_main": false, "status": true, "created_at": "2021-03-08T10:29:29.353Z", "updated_at": "2021-03-08T10:29:29.353Z"}}, {"model": "product.product_images", "pk": 41, "fields": {"product": 23, "image": "product_images/miA2_vS63UAB.jpeg", "is_main": false, "is_second_main": true, "status": true, "created_at": "2021-03-08T10:29:29.400Z", "updated_at": "2021-03-08T10:29:29.400Z"}}, {"model": "product.product_images", "pk": 42, "fields": {"product": 24, "image": "product_images/xiaomi-redmi-note-10-black-min.jpeg", "is_main": true, "is_second_main": false, "status": true, "created_at": "2021-03-08T10:32:23.407Z", "updated_at": "2021-03-08T10:32:23.407Z"}}, {"model": "product.product_images", "pk": 43, "fields": {"product": 24, "image": "product_images/miA2_1a2W6YA.jpeg", "is_main": false, "is_second_main": true, "status": true, "created_at": "2021-03-08T10:32:23.448Z", "updated_at": "2021-03-08T10:32:23.448Z"}}, {"model": "account.customer", "pk": 5, "fields": {"device": "a4b5ff8b-a2f6-4708-95d6-c94bd35eb259"}}, {"model": "order.order", "pk": 7, "fields": {"customer": 5, "complete": false, "transaction_id": null, "status": true, "created_at": "2021-03-09T07:12:44.220Z", "updated_at": "2021-03-09T07:12:44.220Z"}}, {"model": "order.orderitem", "pk": 17, "fields": {"product": 22, "order": 7, "quantity": 2, "status": true, "created_at": "2021-03-09T07:12:44.259Z", "updated_at": "2021-03-09T07:12:44.275Z"}}, {"model": "order.orderitem", "pk": 18, "fields": {"product": 23, "order": 7, "quantity": 1, "status": true, "created_at": "2021-03-09T07:53:12.147Z", "updated_at": "2021-03-09T08:16:29.845Z"}}, {"model": "order.orderitem", "pk": 19, "fields": {"product": 19, "order": 7, "quantity": 1, "status": true, "created_at": "2021-03-09T07:58:45.943Z", "updated_at": "2021-03-09T07:58:45.987Z"}}, {"model": "order.orderitem", "pk": 20, "fields": {"product": 13, "order": 7, "quantity": 1, "status": true, "created_at": "2021-03-09T09:03:30.147Z", "updated_at": "2021-03-09T09:03:30.190Z"}}, {"model": "order.orderitem", "pk": 21, "fields": {"product": 21, "order": 7, "quantity": 1, "status": true, "created_at": "2021-03-09T09:21:48.835Z", "updated_at": "2021-03-09T09:21:48.876Z"}}, {"model": "index.subscriber", "pk": 1, "fields": {"email": "husubayli@gmail.com", "created_at": "2021-02-23T15:11:12.978Z", "updated_at": "2021-02-23T15:11:12.978Z"}}, {"model": "index.subscriber", "pk": 2, "fields": {"email": "husubayli@gmail.comm", "created_at": "2021-02-24T19:56:59.612Z", "updated_at": "2021-02-24T19:56:59.612Z"}}, {"model": "auth.user", "pk": 1, "fields": {"password": "pbkdf2_sha256$216000$PIJ6jl2Gvlyt$N5+5/ArcOcwSTk6XH8PatPNLS+DY4DrDryWDtcIJi24=", "last_login": "2021-03-05T19:18:24.444Z", "is_superuser": true, "username": "fuad", "first_name": "", "last_name": "", "email": "fuadpayme@gmail.com", "is_staff": true, "is_active": true, "date_joined": "2021-02-17T20:58:23.736Z", "groups": [], "user_permissions": []}}, {"model": "sessions.session", "pk": "bhx2ukemok1yng5jab4q1ru85skfs66f", "fields": {"session_data": ".eJxVjEEOwiAQRe_C2hAYpB1cuu8ZyMCAVA0kpV0Z765NutDtf-_9l_C0rcVvPS1-ZnERWpx-t0DxkeoO-E711mRsdV3mIHdFHrTLqXF6Xg_376BQL98aLQ8BkcOARjvCQGiiDWRwdJBdhhwxMjoYCQBJkQVWWjElyOnsWLw_6ZM4Qg:1lEW03:C43CX2vnm-SxgDjgL66H5zILCo_mioFcR0Z3_TmO7Wc", "expire_date": "2021-03-09T11:37:07.879Z"}}, {"model": "sessions.session", "pk": "bqld8r969bcv3c3z1ho60ywbwczgsdgm", "fields": {"session_data": ".eJxVjEEOwiAQRe_C2hAYpB1cuu8ZyMCAVA0kpV0Z765NutDtf-_9l_C0rcVvPS1-ZnERWpx-t0DxkeoO-E711mRsdV3mIHdFHrTLqXF6Xg_376BQL98aLQ8BkcOARjvCQGiiDWRwdJBdhhwxMjoYCQBJkQVWWjElyOnsWLw_6ZM4Qg:1lCfGH:FHavG5BiNqk17lYIHczKVC_oIm_AkvQ4JPqu7WctGsk", "expire_date": "2021-03-04T09:06:13.412Z"}}, {"model": "sessions.session", "pk": "c7pmzh3rs7m4jxc6nwhn44ixwb5s9i3s", "fields": {"session_data": ".eJxVjEEOwiAQRe_C2hAYpB1cuu8ZyMCAVA0kpV0Z765NutDtf-_9l_C0rcVvPS1-ZnERWpx-t0DxkeoO-E711mRsdV3mIHdFHrTLqXF6Xg_376BQL98aLQ8BkcOARjvCQGiiDWRwdJBdhhwxMjoYCQBJkQVWWjElyOnsWLw_6ZM4Qg:1lIFxw:MsZGICiIcc4TqiJgHiXv512EowXJwL5lfLUc7deN3so", "expire_date": "2021-03-19T19:18:24.676Z"}}, {"model": "sessions.session", "pk": "ejixe8nvnn2qfjaa8u5v156vyc8hyex2", "fields": {"session_data": ".eJxVjEEOwiAQRe_C2hAYpB1cuu8ZyMCAVA0kpV0Z765NutDtf-_9l_C0rcVvPS1-ZnERWpx-t0DxkeoO-E711mRsdV3mIHdFHrTLqXF6Xg_376BQL98aLQ8BkcOARjvCQGiiDWRwdJBdhhwxMjoYCQBJkQVWWjElyOnsWLw_6ZM4Qg:1lHqkd:DctmUMP9kJ5ojduM-sf7viMceS2yx8i2bdeFjd5ZcXo", "expire_date": "2021-03-18T16:22:59.925Z"}}, {"model": "sessions.session", "pk": "hccu7sth0u2f9g73m6hdk8t6v518g5sv", "fields": {"session_data": ".eJxVjEEOwiAQRe_C2hAYpB1cuu8ZyMCAVA0kpV0Z765NutDtf-_9l_C0rcVvPS1-ZnERWpx-t0DxkeoO-E711mRsdV3mIHdFHrTLqXF6Xg_376BQL98aLQ8BkcOARjvCQGiiDWRwdJBdhhwxMjoYCQBJkQVWWjElyOnsWLw_6ZM4Qg:1lD6vs:LnDz4eCgHlGJ7Mz57-j8tGtLSnF3G1qKjMk2GLZ9Xes", "expire_date": "2021-03-05T14:39:00.931Z"}}, {"model": "sessions.session", "pk": "r67w08krev48pzbkc9fe1j26vgdr7izl", "fields": {"session_data": ".eJxVjEEOwiAQRe_C2hAYpB1cuu8ZyMCAVA0kpV0Z765NutDtf-_9l_C0rcVvPS1-ZnERWpx-t0DxkeoO-E711mRsdV3mIHdFHrTLqXF6Xg_376BQL98aLQ8BkcOARjvCQGiiDWRwdJBdhhwxMjoYCQBJkQVWWjElyOnsWLw_6ZM4Qg:1lD6Kf:sobDW34USf9jysv5mgeawrEqspZ04qqbNG4jQBKrECs", "expire_date": "2021-03-05T14:00:33.725Z"}}, {"model": "sessions.session", "pk": "vqm7grq58tcfwtvg17w9vdjeopxdpoeb", "fields": {"session_data": ".eJxVjEEOwiAQRe_C2hAYpB1cuu8ZyMCAVA0kpV0Z765NutDtf-_9l_C0rcVvPS1-ZnERWpx-t0DxkeoO-E711mRsdV3mIHdFHrTLqXF6Xg_376BQL98aLQ8BkcOARjvCQGiiDWRwdJBdhhwxMjoYCQBJkQVWWjElyOnsWLw_6ZM4Qg:1lERtG:RSV2UMca9gR3HjQ79VSWpZeAtPj7hOnwXFiuPAkx-tA", "expire_date": "2021-03-09T07:13:50.790Z"}}]