[{"model": "dashboard.userdashboardmodule", "pk": 1, "fields": {"title": "Quick links", "module": "jet.dashboard.modules.LinkList", "app_label": null, "user": 1, "column": 0, "order": 0, "settings": "{\"draggable\": false, \"deletable\": false, \"collapsible\": false, \"layout\": \"inline\"}", "children": "[{\"title\": \"Return to site\", \"url\": \"/\"}, {\"title\": \"Change password\", \"url\": \"/admin/password_change/\"}, {\"title\": \"Log out\", \"url\": \"/admin/logout/\"}]", "collapsed": false}}, {"model": "dashboard.userdashboardmodule", "pk": 2, "fields": {"title": "Applications", "module": "jet.dashboard.modules.AppList", "app_label": null, "user": 1, "column": 1, "order": 0, "settings": "{\"models\": null, \"exclude\": [\"auth.*\"]}", "children": "", "collapsed": false}}, {"model": "dashboard.userdashboardmodule", "pk": 3, "fields": {"title": "Administration", "module": "jet.dashboard.modules.AppList", "app_label": null, "user": 1, "column": 2, "order": 0, "settings": "{\"models\": [\"auth.*\"], \"exclude\": null}", "children": "", "collapsed": false}}, {"model": "dashboard.userdashboardmodule", "pk": 4, "fields": {"title": "Recent Actions", "module": "jet.dashboard.modules.RecentActions", "app_label": null, "user": 1, "column": 0, "order": 1, "settings": "{\"limit\": 10, \"include_list\": null, \"exclude_list\": null, \"user\": null}", "children": "", "collapsed": false}}, {"model": "dashboard.userdashboardmodule", "pk": 5, "fields": {"title": "Latest Django News", "module": "jet.dashboard.modules.Feed", "app_label": null, "user": 1, "column": 1, "order": 1, "settings": "{\"feed_url\": \"http://www.djangoproject.com/rss/weblog/\", \"limit\": 5}", "children": "", "collapsed": false}}, {"model": "dashboard.userdashboardmodule", "pk": 6, "fields": {"title": "Support", "module": "jet.dashboard.modules.LinkList", "app_label": null, "user": 1, "column": 2, "order": 1, "settings": "{\"draggable\": true, \"deletable\": true, \"collapsible\": true, \"layout\": \"stacked\"}", "children": "[{\"title\": \"Django documentation\", \"url\": \"http://docs.djangoproject.com/\", \"external\": true}, {\"title\": \"Django \\\"django-users\\\" mailing list\", \"url\": \"http://groups.google.com/group/django-users\", \"external\": true}, {\"title\": \"Django irc channel\", \"url\": \"irc://irc.freenode.net/django\", \"external\": true}]", "collapsed": false}}, {"model": "dashboard.userdashboardmodule", "pk": 7, "fields": {"title": "Application models", "module": "jet.dashboard.modules.ModelList", "app_label": "product", "user": 1, "column": 0, "order": 0, "settings": "{\"models\": [\"product.*\"], \"exclude\": null}", "children": "", "collapsed": false}}, {"model": "dashboard.userdashboardmodule", "pk": 8, "fields": {"title": "Recent Actions", "module": "jet.dashboard.modules.RecentActions", "app_label": "product", "user": 1, "column": 1, "order": 0, "settings": "{\"limit\": 10, \"include_list\": [\"product.*\"], \"exclude_list\": null, \"user\": null}", "children": "", "collapsed": false}}, {"model": "dashboard.userdashboardmodule", "pk": 9, "fields": {"title": "Application models", "module": "jet.dashboard.modules.ModelList", "app_label": "account", "user": 1, "column": 0, "order": 0, "settings": "{\"models\": [\"account.*\"], \"exclude\": null}", "children": "", "collapsed": false}}, {"model": "dashboard.userdashboardmodule", "pk": 10, "fields": {"title": "Recent Actions", "module": "jet.dashboard.modules.RecentActions", "app_label": "account", "user": 1, "column": 1, "order": 0, "settings": "{\"limit\": 10, \"include_list\": [\"account.*\"], \"exclude_list\": null, \"user\": null}", "children": "", "collapsed": false}}, {"model": "dashboard.userdashboardmodule", "pk": 11, "fields": {"title": "Application models", "module": "jet.dashboard.modules.ModelList", "app_label": "auth", "user": 1, "column": 0, "order": 0, "settings": "{\"models\": [\"auth.*\"], \"exclude\": null}", "children": "", "collapsed": false}}, {"model": "dashboard.userdashboardmodule", "pk": 12, "fields": {"title": "Recent Actions", "module": "jet.dashboard.modules.RecentActions", "app_label": "auth", "user": 1, "column": 1, "order": 0, "settings": "{\"limit\": 10, \"include_list\": [\"auth.*\"], \"exclude_list\": null, \"user\": null}", "children": "", "collapsed": false}}, {"model": "dashboard.userdashboardmodule", "pk": 13, "fields": {"title": "Application models", "module": "jet.dashboard.modules.ModelList", "app_label": "contact", "user": 1, "column": 0, "order": 0, "settings": "{\"models\": [\"contact.*\"], \"exclude\": null}", "children": "", "collapsed": false}}, {"model": "dashboard.userdashboardmodule", "pk": 14, "fields": {"title": "Recent Actions", "module": "jet.dashboard.modules.RecentActions", "app_label": "contact", "user": 1, "column": 1, "order": 0, "settings": "{\"limit\": 10, \"include_list\": [\"contact.*\"], \"exclude_list\": null, \"user\": null}", "children": "", "collapsed": false}}, {"model": "dashboard.userdashboardmodule", "pk": 15, "fields": {"title": "Application models", "module": "jet.dashboard.modules.ModelList", "app_label": "index", "user": 1, "column": 0, "order": 0, "settings": "{\"models\": [\"index.*\"], \"exclude\": null}", "children": "", "collapsed": false}}, {"model": "dashboard.userdashboardmodule", "pk": 16, "fields": {"title": "Recent Actions", "module": "jet.dashboard.modules.RecentActions", "app_label": "index", "user": 1, "column": 1, "order": 0, "settings": "{\"limit\": 10, \"include_list\": [\"index.*\"], \"exclude_list\": null, \"user\": null}", "children": "", "collapsed": false}}, {"model": "dashboard.userdashboardmodule", "pk": 17, "fields": {"title": "Application models", "module": "jet.dashboard.modules.ModelList", "app_label": "order", "user": 1, "column": 0, "order": 0, "settings": "{\"models\": [\"order.*\"], \"exclude\": null}", "children": "", "collapsed": false}}, {"model": "dashboard.userdashboardmodule", "pk": 18, "fields": {"title": "Recent Actions", "module": "jet.dashboard.modules.RecentActions", "app_label": "order", "user": 1, "column": 1, "order": 0, "settings": "{\"limit\": 10, \"include_list\": [\"order.*\"], \"exclude_list\": null, \"user\": null}", "children": "", "collapsed": false}}, {"model": "jet.pinnedapplication", "pk": 3, "fields": {"app_label": "product", "user": 1, "date_add": "2021-03-09T17:07:56.990Z"}}, {"model": "contact.contact", "pk": 1, "fields": {"first_name": "Husubayli", "last_name": "Elvin", "phone_number": "+994505262026", "email": "husubeyli@gmail.com", "message": "ad", "created_at": "2021-02-26T00:19:53.204Z"}}, {"model": "contact.contact", "pk": 2, "fields": {"first_name": "Husubayli", "last_name": "Elvin", "phone_number": "+994559990770", "email": "husubeyli@gmail.com", "message": "sada", "created_at": "2021-02-26T09:09:39.775Z"}}, {"model": "contact.contact", "pk": 4, "fields": {"first_name": "Husubayli", "last_name": "Elvin", "phone_number": "+994505262026", "email": "husubeyli@gmail.com", "message": "salam", "created_at": "2021-02-26T12:01:48.555Z"}}, {"model": "contact.contact", "pk": 5, "fields": {"first_name": "Husubayli", "last_name": "Elvin", "phone_number": "+994505262026", "email": "husubeyli@gmail.com", "message": "salam", "created_at": "2021-02-26T12:03:23.204Z"}}, {"model": "contact.contact", "pk": 6, "fields": {"first_name": "Husubayli", "last_name": "Elvin", "phone_number": "+994505262026", "email": "husubeyli@gmail.com", "message": "salam", "created_at": "2021-02-26T12:06:00.292Z"}}, {"model": "contact.contact", "pk": 7, "fields": {"first_name": "Husubayli", "last_name": "Elvin", "phone_number": "+994505262026", "email": "husubeyli@gmail.com", "message": "salam", "created_at": "2021-02-26T12:06:57.305Z"}}, {"model": "contact.contact", "pk": 8, "fields": {"first_name": "Husubayli", "last_name": "Elvin", "phone_number": "+994505262026", "email": "husubeyli@gmail.com", "message": "salam", "created_at": "2021-02-26T12:07:12.287Z"}}, {"model": "contact.contact", "pk": 9, "fields": {"first_name": "Husubayli", "last_name": "Elvin", "phone_number": "+994505262026", "email": "husubeyli@gmail.com", "message": "salam", "created_at": "2021-02-26T12:08:55.309Z"}}, {"model": "contact.contact", "pk": 10, "fields": {"first_name": "Husubayli", "last_name": "Elvin", "phone_number": "+994505262026", "email": "husubeyli@gmail.com", "message": "sa", "created_at": "2021-02-26T12:09:37.292Z"}}, {"model": "product.marka", "pk": 27, "fields": {"title": "Apple", "image": "", "description": "", "slug": "apple", "status": true, "created_at": "2021-02-19T22:24:34.504Z", "updated_at": "2021-02-19T22:24:34.535Z"}}, {"model": "product.marka", "pk": 32, "fields": {"title": "Samsung", "image": "", "description": "", "slug": "samsung-32", "status": true, "created_at": "2021-02-23T22:00:19.435Z", "updated_at": "2021-02-23T22:00:19.453Z"}}, {"model": "product.marka", "pk": 33, "fields": {"title": "Bakcell", "image": "marka_images/bakcell.png", "description": "", "slug": "bakcell-33", "status": true, "created_at": "2021-03-01T14:47:07.936Z", "updated_at": "2021-03-01T14:59:22.950Z"}}, {"model": "product.marka", "pk": 34, "fields": {"title": "Azercell", "image": "marka_images/azercell_PbFzgQt.png", "description": "", "slug": "azercell-34", "status": true, "created_at": "2021-03-01T16:39:02.636Z", "updated_at": "2021-03-05T00:15:14.047Z"}}, {"model": "product.marka", "pk": 35, "fields": {"title": "Xiaomi", "image": "", "description": "", "slug": "xiaomi-35", "status": true, "created_at": "2021-03-04T21:28:15.331Z", "updated_at": "2021-03-04T21:28:15.375Z"}}, {"model": "product.marka", "pk": 36, "fields": {"title": "Nokia", "image": "", "description": "", "slug": "nokia-36", "status": true, "created_at": "2021-03-04T22:25:38.694Z", "updated_at": "2021-03-04T22:25:38.727Z"}}, {"model": "product.marka", "pk": 37, "fields": {"title": "Acer", "image": "", "description": "", "slug": "acer-37", "status": true, "created_at": "2021-03-04T23:21:28.264Z", "updated_at": "2021-03-04T23:21:28.375Z"}}, {"model": "product.marka", "pk": 38, "fields": {"title": "HP", "image": "", "description": "", "slug": "hp-38", "status": true, "created_at": "2021-03-04T23:21:42.043Z", "updated_at": "2021-03-04T23:21:42.072Z"}}, {"model": "product.marka", "pk": 39, "fields": {"title": "JBL", "image": "", "description": "", "slug": "jbl-39", "status": true, "created_at": "2021-03-04T23:54:41.037Z", "updated_at": "2021-03-04T23:54:41.085Z"}}, {"model": "product.marka", "pk": 40, "fields": {"title": "Nar", "image": "marka_images/nar.png", "description": "", "slug": "nar-40", "status": true, "created_at": "2021-03-05T00:09:11.743Z", "updated_at": "2021-04-03T01:44:15.858Z"}}, {"model": "product.marka", "pk": 41, "fields": {"title": "Lenova", "image": "", "description": "cheep one", "slug": "lenova-41", "status": true, "created_at": "2021-04-02T03:12:15.541Z", "updated_at": "2021-04-02T03:12:15.542Z"}}, {"model": "product.marka", "pk": 42, "fields": {"title": "Motorola", "image": "", "description": "old one", "slug": "motorola-42", "status": true, "created_at": "2021-04-02T13:06:43.092Z", "updated_at": "2021-04-02T13:06:43.093Z"}}, {"model": "product.category", "pk": 91, "fields": {"title": "Telefon və planşetlər", "image": "", "description": "", "slug": "telefon-ve-plansetler", "is_main": true, "is_second": false, "is_third": false, "status": true, "created_at": "2021-03-04T16:31:34.348Z", "updated_at": "2021-03-04T16:36:12.306Z", "parent": [95, 96, 97, 98, 99, 100, 101, 103, 104, 105, 115, 119, 124]}}, {"model": "product.category", "pk": 92, "fields": {"title": "Kompüter texnikası", "image": "", "description": "", "slug": "komputer-texnikasi", "is_main": true, "is_second": false, "is_third": false, "status": true, "created_at": "2021-03-04T16:32:29.227Z", "updated_at": "2021-03-04T16:36:22.179Z", "parent": [106, 107, 108, 116, 117, 118, 124, 125]}}, {"model": "product.category", "pk": 93, "fields": {"title": "Aksesuarlar", "image": "", "description": "", "slug": "aksesuarlar", "is_main": true, "is_second": false, "is_third": false, "status": true, "created_at": "2021-03-04T16:36:39.300Z", "updated_at": "2021-03-04T16:36:39.401Z", "parent": [109, 110, 111, 120, 124]}}, {"model": "product.category", "pk": 94, "fields": {"title": "Nömrələr", "image": "", "description": "", "slug": "nomreler", "is_main": true, "is_second": false, "is_third": false, "status": true, "created_at": "2021-03-04T16:37:21.431Z", "updated_at": "2021-03-04T16:37:21.557Z", "parent": [112, 113, 114, 124]}}, {"model": "product.category", "pk": 95, "fields": {"title": "Smartfonlar", "image": "", "description": "", "slug": "telefon-ve-plansetler-smartfonlar", "is_main": false, "is_second": true, "is_third": false, "status": true, "created_at": "2021-03-04T16:37:35.564Z", "updated_at": "2021-03-04T16:37:35.772Z", "parent": [91, 98, 99, 100, 124]}}, {"model": "product.category", "pk": 96, "fields": {"title": "Planşetlər", "image": "", "description": "", "slug": "telefon-ve-plansetler-plansetler", "is_main": false, "is_second": true, "is_third": false, "status": true, "created_at": "2021-03-04T16:38:22.749Z", "updated_at": "2021-03-04T16:38:22.926Z", "parent": [91, 101, 102, 103, 119]}}, {"model": "product.category", "pk": 97, "fields": {"title": "Düyməli telefonlar", "image": "", "description": "", "slug": "telefon-ve-plansetler-duymeli-telefonlar", "is_main": false, "is_second": true, "is_third": false, "status": true, "created_at": "2021-03-04T16:38:48.091Z", "updated_at": "2021-03-04T16:38:48.249Z", "parent": [91, 104, 105, 115]}}, {"model": "product.category", "pk": 98, "fields": {"title": "Apple", "image": "", "description": "", "slug": "smartfonlar-apple", "is_main": false, "is_second": false, "is_third": true, "status": true, "created_at": "2021-03-04T16:39:03.206Z", "updated_at": "2021-03-04T16:39:03.390Z", "parent": [91, 95]}}, {"model": "product.category", "pk": 99, "fields": {"title": "Samsung", "image": "", "description": "", "slug": "smartfonlar-samsung", "is_main": false, "is_second": false, "is_third": true, "status": true, "created_at": "2021-03-04T16:39:25.810Z", "updated_at": "2021-03-04T16:39:25.968Z", "parent": [91, 95]}}, {"model": "product.category", "pk": 100, "fields": {"title": "Xiaomi", "image": "", "description": "", "slug": "smartfonlar-xiaomi", "is_main": false, "is_second": false, "is_third": true, "status": true, "created_at": "2021-03-04T16:39:44.515Z", "updated_at": "2021-03-04T16:39:44.687Z", "parent": [91, 95]}}, {"model": "product.category", "pk": 101, "fields": {"title": "Apple", "image": "", "description": "", "slug": "plansetler-apple", "is_main": false, "is_second": false, "is_third": true, "status": true, "created_at": "2021-03-04T16:40:02.531Z", "updated_at": "2021-03-04T16:40:02.821Z", "parent": [91, 96]}}, {"model": "product.category", "pk": 102, "fields": {"title": "Samsung", "image": "", "description": "", "slug": "plansetler-samsung", "is_main": false, "is_second": false, "is_third": true, "status": true, "created_at": "2021-03-04T16:40:46.910Z", "updated_at": "2021-03-04T16:40:47.192Z", "parent": [96]}}, {"model": "product.category", "pk": 103, "fields": {"title": "Xiaomi", "image": "", "description": "", "slug": "plansetler-xiaomi", "is_main": false, "is_second": false, "is_third": true, "status": true, "created_at": "2021-03-04T16:41:06.665Z", "updated_at": "2021-03-04T16:41:06.836Z", "parent": [91, 96]}}, {"model": "product.category", "pk": 104, "fields": {"title": "Nokia", "image": "", "description": "", "slug": "duymeli-telefonlar-nokia", "is_main": false, "is_second": false, "is_third": true, "status": true, "created_at": "2021-03-04T16:42:04.232Z", "updated_at": "2021-03-04T16:42:04.402Z", "parent": [91, 97]}}, {"model": "product.category", "pk": 105, "fields": {"title": "Motorola", "image": "", "description": "", "slug": "duymeli-telefonlar-motorola", "is_main": false, "is_second": false, "is_third": true, "status": true, "created_at": "2021-03-04T16:42:25.602Z", "updated_at": "2021-03-04T16:42:25.832Z", "parent": [91, 97]}}, {"model": "product.category", "pk": 106, "fields": {"title": "Notbuklar", "image": "", "description": "", "slug": "komputer-texnikasi-notbuklar", "is_main": false, "is_second": true, "is_third": false, "status": true, "created_at": "2021-03-04T16:42:57.252Z", "updated_at": "2021-03-04T23:15:10.586Z", "parent": [92, 116, 117, 118]}}, {"model": "product.category", "pk": 107, "fields": {"title": "Scaner", "image": "", "description": "", "slug": "komputer-texnikasi-scaner", "is_main": false, "is_second": true, "is_third": false, "status": true, "created_at": "2021-03-04T16:43:30.447Z", "updated_at": "2021-03-04T23:15:20.847Z", "parent": [92]}}, {"model": "product.category", "pk": 108, "fields": {"title": "Printer", "image": "", "description": "", "slug": "komputer-texnikasi-printer", "is_main": false, "is_second": true, "is_third": false, "status": true, "created_at": "2021-03-04T16:43:52.708Z", "updated_at": "2021-03-04T23:15:30.838Z", "parent": [92]}}, {"model": "product.category", "pk": 109, "fields": {"title": "Qulaqcıq", "image": "", "description": "", "slug": "aksesuarlar-qulaqciq", "is_main": false, "is_second": true, "is_third": false, "status": true, "created_at": "2021-03-04T16:44:46.640Z", "updated_at": "2021-03-04T16:44:47.127Z", "parent": [93]}}, {"model": "product.category", "pk": 110, "fields": {"title": "Ekran qoruyucu", "image": "", "description": "", "slug": "aksesuarlar-ekran-qoruyucu", "is_main": false, "is_second": true, "is_third": false, "status": true, "created_at": "2021-03-04T16:45:05.198Z", "updated_at": "2021-03-04T16:45:05.367Z", "parent": [93]}}, {"model": "product.category", "pk": 111, "fields": {"title": "Adapter", "image": "", "description": "", "slug": "aksesuarlar-adapter", "is_main": false, "is_second": true, "is_third": false, "status": true, "created_at": "2021-03-04T16:45:42.947Z", "updated_at": "2021-03-04T16:45:43.144Z", "parent": [93]}}, {"model": "product.category", "pk": 112, "fields": {"title": "Azercell", "image": "", "description": "", "slug": "nomreler-azercell", "is_main": false, "is_second": true, "is_third": false, "status": true, "created_at": "2021-03-04T16:46:14.031Z", "updated_at": "2021-03-04T16:46:14.217Z", "parent": [94]}}, {"model": "product.category", "pk": 113, "fields": {"title": "Bakcell", "image": "", "description": "", "slug": "nomreler-bakcell", "is_main": false, "is_second": true, "is_third": false, "status": true, "created_at": "2021-03-04T16:46:27.489Z", "updated_at": "2021-03-04T16:46:27.659Z", "parent": [94]}}, {"model": "product.category", "pk": 114, "fields": {"title": "Nar", "image": "", "description": "", "slug": "nomreler-nar", "is_main": false, "is_second": true, "is_third": false, "status": true, "created_at": "2021-03-04T16:46:44.198Z", "updated_at": "2021-03-04T16:48:33.977Z", "parent": [94]}}, {"model": "product.category", "pk": 115, "fields": {"title": "Samsung", "image": "", "description": "", "slug": "duymeli-telefonlar-samsung", "is_main": false, "is_second": false, "is_third": true, "status": true, "created_at": "2021-03-04T16:47:39.758Z", "updated_at": "2021-03-04T16:47:55.296Z", "parent": [91, 97]}}, {"model": "product.category", "pk": 116, "fields": {"title": "Acer", "image": "", "description": "", "slug": "notbuklar-acer", "is_main": false, "is_second": false, "is_third": true, "status": true, "created_at": "2021-03-04T23:16:26.844Z", "updated_at": "2021-03-04T23:16:27.111Z", "parent": [92, 106]}}, {"model": "product.category", "pk": 117, "fields": {"title": "Apple", "image": "", "description": "", "slug": "notbuklar-apple", "is_main": false, "is_second": false, "is_third": true, "status": true, "created_at": "2021-03-04T23:16:56.629Z", "updated_at": "2021-03-04T23:19:13.950Z", "parent": [92, 106]}}, {"model": "product.category", "pk": 118, "fields": {"title": "HP", "image": "", "description": "", "slug": "notbuklar-hp", "is_main": false, "is_second": false, "is_third": true, "status": true, "created_at": "2021-03-04T23:17:25.805Z", "updated_at": "2021-03-04T23:19:24.672Z", "parent": [92, 106]}}, {"model": "product.category", "pk": 119, "fields": {"title": "Lenovo", "image": "", "description": "", "slug": "plansetler-lenovo", "is_main": false, "is_second": false, "is_third": true, "status": true, "created_at": "2021-04-02T06:06:38.316Z", "updated_at": "2021-04-03T06:27:41.999Z", "parent": [91, 96]}}, {"model": "product.category", "pk": 120, "fields": {"title": "kabro", "image": "", "description": "", "slug": "aksesuarlar-kabro", "is_main": false, "is_second": true, "is_third": false, "status": true, "created_at": "2021-04-03T01:12:26.594Z", "updated_at": "2021-04-03T01:12:26.601Z", "parent": [93]}}, {"model": "product.category", "pk": 124, "fields": {"title": "honor", "image": "", "description": "", "slug": "smartfonlar-honor", "is_main": false, "is_second": false, "is_third": true, "status": true, "created_at": "2021-04-03T06:39:08.157Z", "updated_at": "2021-04-03T06:39:08.164Z", "parent": [91, 92, 93, 94, 95]}}, {"model": "product.category", "pk": 125, "fields": {"title": "PC", "image": "", "description": "", "slug": "komputer-texnikasi-pc", "is_main": false, "is_second": true, "is_third": false, "status": true, "created_at": "2021-04-03T06:39:46.584Z", "updated_at": "2021-04-03T06:39:46.591Z", "parent": [92]}}, {"model": "product.product", "pk": 26, "fields": {"title": "Apple Iphone 12 mini  128 GB Blue", "color_title": "Blue", "color_code": "#100CDB", "internal_storage": "128 GB", "ram": "8GB", "operator_code": null, "slug": "apple-iphone-12-mini-128-gb-blue", "sku": "1w1edaw", "description": "", "sale_count": 5, "is_published": true, "is_new": true, "is_new_expired": "2021-04-28T21:49:29Z", "is_featured": false, "is_discount": false, "price": "2990.00", "old_price": null, "discount_type": 1, "discount_value": null, "status": true, "created_at": "2021-03-29T21:50:52.006Z", "updated_at": "2021-03-31T05:02:08.952Z", "tags": [], "same_product": [35, 34, 33, 32, 29, 28, 27], "category": [91, 95, 98], "who_like": [], "marka": [27]}}, {"model": "product.product", "pk": 27, "fields": {"title": "Iphone 12 mini 128 GB Red", "color_title": "Red", "color_code": "#FF0000", "internal_storage": "128 GB", "ram": "8GB", "operator_code": null, "slug": "apple-apple-iphone-12-mini-128-gb-red-8gb-128-gb-red", "sku": "1w1edaw", "description": "Lorem ipsum dolor sit amet consectetur adipisicing elit. Maxime mollitia,\r\nmolestiae quas vel sint commodi repudiandae consequuntur voluptatum laborum\r\nnumquam blanditiis harum quisquam eius sed odit fugiat iusto fuga praesentium\r\noptio, eaque rerum! Provident similique accusantium nemo autem. Veritatis\r\nobcaecati tenetur iure eius earum ut molestias architecto voluptate aliquam\r\nnihil, eveniet aliquid culpa officia aut! Impedit sit sunt quaerat, odit,", "sale_count": 5, "is_published": true, "is_new": true, "is_new_expired": "2021-04-28T21:49:29Z", "is_featured": false, "is_discount": false, "price": "2990.00", "old_price": null, "discount_type": 1, "discount_value": null, "status": true, "created_at": "2021-03-31T05:08:33.212Z", "updated_at": "2021-03-31T06:06:24.813Z", "tags": [], "same_product": [35, 34, 33, 32, 29, 28, 26], "category": [91, 95, 98], "who_like": [], "marka": [27]}}, {"model": "product.product", "pk": 28, "fields": {"title": "Apple Apple Iphone 12 mini  128 GB Blue 8GB 128 GB White", "color_title": "White", "color_code": "#FFFFFF", "internal_storage": "128 GB", "ram": "8GB", "operator_code": null, "slug": "apple-apple-iphone-12-mini-128-gb-blue-8gb-128-gb-white", "sku": "1w1edaw", "description": "white one", "sale_count": 5, "is_published": true, "is_new": true, "is_new_expired": "2021-04-28T21:49:29Z", "is_featured": false, "is_discount": false, "price": "2990.00", "old_price": null, "discount_type": 1, "discount_value": null, "status": true, "created_at": "2021-03-31T06:12:23.998Z", "updated_at": "2021-03-31T06:12:24.090Z", "tags": [], "same_product": [35, 34, 33, 32, 29, 27, 26], "category": [91, 95, 98], "who_like": [], "marka": [27]}}, {"model": "product.product", "pk": 29, "fields": {"title": "Apple iPhone SE 8GB 64GB Black", "color_title": "Black", "color_code": "#000000", "internal_storage": "64GB", "ram": "8GB", "operator_code": null, "slug": "apple-iphone-se-8gb-64gb-black", "sku": "000001", "description": "black one", "sale_count": 0, "is_published": true, "is_new": true, "is_new_expired": "2021-04-30T06:17:33Z", "is_featured": false, "is_discount": false, "price": "1500.00", "old_price": null, "discount_type": 1, "discount_value": null, "status": true, "created_at": "2021-03-31T06:20:14.388Z", "updated_at": "2021-03-31T07:32:36.556Z", "tags": [], "same_product": [35, 34, 33, 32, 28, 27, 26], "category": [91, 95, 98], "who_like": [], "marka": [27]}}, {"model": "product.product", "pk": 32, "fields": {"title": "Apple Apple iPhone SE 8GB 64GB Green", "color_title": "Green", "color_code": "#00FF00", "internal_storage": "64GB", "ram": "8GB", "operator_code": null, "slug": "apple-apple-iphone-se-8gb-64gb-green", "sku": "000001", "description": "green one", "sale_count": 0, "is_published": true, "is_new": true, "is_new_expired": "2021-04-30T06:17:33Z", "is_featured": false, "is_discount": false, "price": "1500.00", "old_price": null, "discount_type": 1, "discount_value": null, "status": true, "created_at": "2021-03-31T07:13:29.593Z", "updated_at": "2021-03-31T07:13:29.679Z", "tags": [], "same_product": [29, 28, 27, 26], "category": [91, 95, 98], "who_like": [], "marka": [27]}}, {"model": "product.product", "pk": 33, "fields": {"title": "Xiaomi Mi A2 4GB 64GB Black", "color_title": "Black", "color_code": "#000000", "internal_storage": "64GB", "ram": "4GB", "operator_code": null, "slug": "xiaomi-mi-a2-4gb-64gb-black", "sku": "000001", "description": "black one", "sale_count": 200, "is_published": true, "is_new": true, "is_new_expired": "2021-04-30T06:17:33Z", "is_featured": false, "is_discount": true, "price": "500.00", "old_price": null, "discount_type": 1, "discount_value": null, "status": true, "created_at": "2021-03-31T08:24:01.118Z", "updated_at": "2021-03-31T10:40:08.905Z", "tags": [], "same_product": [36, 35, 34, 29, 28, 27, 26], "category": [91, 95, 100], "who_like": [], "marka": [35]}}, {"model": "product.product", "pk": 34, "fields": {"title": "Xiaomi Mi A2 Read 4GB 64GB Red", "color_title": "Red", "color_code": "#FF0000", "internal_storage": "64GB", "ram": "4GB", "operator_code": null, "slug": "xiaomi-mi-a2-read-4gb-64gb-red", "sku": "000001", "description": "red one", "sale_count": 0, "is_published": true, "is_new": true, "is_new_expired": "2021-04-30T06:17:33Z", "is_featured": true, "is_discount": true, "price": "500.00", "old_price": null, "discount_type": 2, "discount_value": 10, "status": true, "created_at": "2021-03-31T08:42:07.366Z", "updated_at": "2021-03-31T08:43:51.269Z", "tags": [], "same_product": [36, 35, 33, 29, 28, 27, 26], "category": [91, 95, 100], "who_like": [], "marka": [35]}}, {"model": "product.product", "pk": 35, "fields": {"title": "Xiaomi Mi A2 4GB 64GB Gray", "color_title": "Gray", "color_code": "#808080", "internal_storage": "64GB", "ram": "4GB", "operator_code": null, "slug": "xiaomi-mi-a2-4gb-64gb-gray", "sku": "000001", "description": "gray one", "sale_count": 0, "is_published": true, "is_new": true, "is_new_expired": "2021-04-30T06:17:33Z", "is_featured": true, "is_discount": true, "price": "500.00", "old_price": null, "discount_type": 3, "discount_value": 10, "status": true, "created_at": "2021-03-31T08:48:20.481Z", "updated_at": "2021-03-31T08:48:20.571Z", "tags": [], "same_product": [36, 34, 33, 29, 28, 27, 26], "category": [91, 95, 100], "who_like": [], "marka": [35]}}, {"model": "product.product", "pk": 36, "fields": {"title": "Xiaomi Xiaomi Mi A2 4GB 64GB Green 2GB 32GB Green", "color_title": "Green", "color_code": "#00FF00", "internal_storage": "32GB", "ram": "2GB", "operator_code": null, "slug": "xiaomi-xiaomi-mi-a2-4gb-64gb-green-2gb-32gb-green", "sku": "000001", "description": "gray one", "sale_count": 300, "is_published": true, "is_new": true, "is_new_expired": "2021-04-30T06:17:33Z", "is_featured": true, "is_discount": true, "price": "520.00", "old_price": null, "discount_type": 3, "discount_value": 10, "status": true, "created_at": "2021-03-31T10:26:49.604Z", "updated_at": "2021-03-31T10:41:34.269Z", "tags": [], "same_product": [35, 34, 33], "category": [91, 95, 100], "who_like": [], "marka": [35]}}, {"model": "product.product", "pk": 37, "fields": {"title": "Galaxy S20 8GB 256 GB Black", "color_title": "red", "color_code": "#FF2C0B", "internal_storage": "128 GB", "ram": "6 GB", "operator_code": null, "slug": "apple-galaxy-s20-8gb-256-gb-black", "sku": "1w1edaw", "description": "Lorem ipsum dolor sit amet consectetur adipisicing elit. Maxime mollitia,\r\nmolestiae quas vel sint commodi repudiandae consequuntur voluptatum laborum\r\nnumquam blanditiis harum quisquam eius sed odit fugiat iusto fuga praesentium\r\noptio, eaque rerum! Provident similique accusantium nemo autem. Veritatis\r\nobcaecati tenetur iure eius earum ut molestias architecto voluptate aliquam\r\nnihil, eveniet aliquid culpa officia aut! Impedit sit sunt quaerat, odit,", "sale_count": 29, "is_published": true, "is_new": true, "is_new_expired": "2021-04-28T21:49:29Z", "is_featured": false, "is_discount": false, "price": "1250.00", "old_price": null, "discount_type": 1, "discount_value": null, "status": true, "created_at": "2021-03-31T10:36:17.069Z", "updated_at": "2021-04-01T12:23:39.189Z", "tags": [], "same_product": [38], "category": [91, 95, 99], "who_like": [], "marka": [32]}}, {"model": "product.product", "pk": 38, "fields": {"title": "Samsung Galaxy S20 8GB 256 GB Gray 2GB 125GB Gray", "color_title": "Gray", "color_code": "#808080", "internal_storage": "125GB", "ram": "2GB", "operator_code": null, "slug": "samsung-galaxy-s20-8gb-256-gb-gray-2gb-125gb-gray", "sku": "1w1edaw", "description": "Lorem ipsum dolor sit amet consectetur adipisicing elit. Maxime mollitia,\r\nmolestiae quas vel sint commodi repudiandae consequuntur voluptatum laborum\r\nnumquam blanditiis harum quisquam eius sed odit fugiat iusto fuga praesentium\r\noptio, eaque rerum! Provident similique accusantium nemo autem. Veritatis\r\nobcaecati tenetur iure eius earum ut molestias architecto voluptate aliquam\r\nnihil, eveniet aliquid culpa officia aut! Impedit sit sunt quaerat, odit,", "sale_count": 29, "is_published": true, "is_new": true, "is_new_expired": "2021-04-28T21:49:29Z", "is_featured": false, "is_discount": false, "price": "1250.00", "old_price": null, "discount_type": 1, "discount_value": null, "status": true, "created_at": "2021-03-31T10:47:53.362Z", "updated_at": "2021-03-31T10:47:53.466Z", "tags": [], "same_product": [50, 39, 37], "category": [91, 95, 99], "who_like": [], "marka": [32]}}, {"model": "product.product", "pk": 39, "fields": {"title": "Samsung Galaxy s20 8GB 128 GB Red", "color_title": "Red", "color_code": "#FF0000", "internal_storage": "128 GB", "ram": "8GB", "operator_code": null, "slug": "samsung-galaxy-s20-8gb-128-gb-red", "sku": "1w1edaw", "description": "red one", "sale_count": 5, "is_published": true, "is_new": true, "is_new_expired": "2021-04-28T21:49:29Z", "is_featured": false, "is_discount": false, "price": "1500.00", "old_price": null, "discount_type": 1, "discount_value": null, "status": true, "created_at": "2021-03-31T10:59:11.555Z", "updated_at": "2021-03-31T10:59:11.642Z", "tags": [], "same_product": [50, 38], "category": [91, 95, 99], "who_like": [], "marka": [32]}}, {"model": "product.product", "pk": 40, "fields": {"title": "Apple iPad Pro 8GB 128 GB Gray", "color_title": "Gray", "color_code": "#808080", "internal_storage": "128 GB", "ram": "8GB", "operator_code": null, "slug": "apple-ipad-pro-8gb-128-gb-gray", "sku": "1w1edaw", "description": "Lorem ipsum dolor sit amet consectetur adipisicing elit. Maxime mollitia,\r\nmolestiae quas vel sint commodi repudiandae consequuntur voluptatum laborum\r\nnumquam blanditiis harum quisquam eius sed odit fugiat iusto fuga praesentium\r\noptio, eaque rerum! Provident similique accusantium nemo autem. Veritatis\r\nobcaecati tenetur iure eius earum ut molestias architecto voluptate aliquam\r\nnihil, eveniet aliquid culpa officia aut! Impedit sit sunt quaerat, odit,", "sale_count": 5, "is_published": true, "is_new": true, "is_new_expired": "2021-04-28T21:49:29Z", "is_featured": false, "is_discount": true, "price": "1500.00", "old_price": "1800.00", "discount_type": 3, "discount_value": 45, "status": true, "created_at": "2021-03-31T11:07:42.363Z", "updated_at": "2021-03-31T12:16:13.081Z", "tags": [], "same_product": [], "category": [91, 96, 101], "who_like": [], "marka": [27]}}, {"model": "product.product", "pk": 41, "fields": {"title": "Galaxy Tab S6", "color_title": "black", "color_code": "#000000", "internal_storage": "121 GB", "ram": "8GB", "operator_code": null, "slug": "samsung-galaxy-tab-s6-8gb-128-gb-red", "sku": "1w1edaw", "description": "Lorem ipsum dolor sit amet consectetur adipisicing elit. Maxime mollitia,\r\nmolestiae quas vel sint commodi repudiandae consequuntur voluptatum laborum\r\nnumquam blanditiis harum quisquam eius sed odit fugiat iusto fuga praesentium\r\noptio, eaque rerum! Provident similique accusantium nemo autem. Veritatis\r\nobcaecati tenetur iure eius earum ut molestias architecto voluptate aliquam\r\nnihil, eveniet aliquid culpa officia aut! Impedit sit sunt quaerat, odit,", "sale_count": 5, "is_published": true, "is_new": true, "is_new_expired": "2021-04-28T21:49:29Z", "is_featured": false, "is_discount": true, "price": "1500.00", "old_price": "1800.00", "discount_type": 3, "discount_value": 45, "status": true, "created_at": "2021-03-31T13:24:59.284Z", "updated_at": "2021-04-01T14:13:03.508Z", "tags": [], "same_product": [], "category": [91, 96, 102], "who_like": [], "marka": [32]}}, {"model": "product.product", "pk": 42, "fields": {"title": "Apple Apple iPad Pro 8GB 128 GB Gray 8GB 128 GB Gray", "color_title": "Gray", "color_code": "#808080", "internal_storage": "128 GB", "ram": "8GB", "operator_code": null, "slug": "apple-apple-ipad-pro-8gb-128-gb-gray-8gb-128-gb-gray", "sku": "1w1edaw", "description": "Lorem ipsum dolor sit amet consectetur adipisicing elit. Maxime mollitia,\r\nmolestiae quas vel sint commodi repudiandae consequuntur voluptatum laborum\r\nnumquam blanditiis harum quisquam eius sed odit fugiat iusto fuga praesentium\r\noptio, eaque rerum! Provident similique accusantium nemo autem. Veritatis\r\nobcaecati tenetur iure eius earum ut molestias architecto voluptate aliquam\r\nnihil, eveniet aliquid culpa officia aut! Impedit sit sunt quaerat, odit,", "sale_count": 5, "is_published": true, "is_new": true, "is_new_expired": "2021-04-28T21:49:29Z", "is_featured": false, "is_discount": true, "price": "1500.00", "old_price": "1800.00", "discount_type": 3, "discount_value": 45, "status": true, "created_at": "2021-03-31T17:55:15.502Z", "updated_at": "2021-03-31T17:55:15.616Z", "tags": [], "same_product": [], "category": [91, 96, 101], "who_like": [], "marka": [27]}}, {"model": "product.product", "pk": 43, "fields": {"title": "Samsung  8GB 128 GB Red", "color_title": "Red", "color_code": "#FF0000", "internal_storage": "128 GB", "ram": "8GB", "operator_code": null, "slug": "samsung-8gb-128-gb-red", "sku": "1w1edaw", "description": "Lorem ipsum dolor sit amet consectetur adipisicing elit. Maxime mollitia,\r\nmolestiae quas vel sint commodi repudiandae consequuntur voluptatum laborum\r\nnumquam blanditiis harum quisquam eius sed odit fugiat iusto fuga praesentium\r\noptio, eaque rerum! Provident similique accusantium nemo autem. Veritatis\r\nobcaecati tenetur iure eius earum ut molestias architecto voluptate aliquam\r\nnihil, eveniet aliquid culpa officia aut! Impedit sit sunt quaerat, odit,", "sale_count": 5, "is_published": true, "is_new": true, "is_new_expired": "2021-04-28T21:49:29Z", "is_featured": false, "is_discount": true, "price": "1500.00", "old_price": "1800.00", "discount_type": 3, "discount_value": 45, "status": true, "created_at": "2021-04-01T12:12:02.115Z", "updated_at": "2021-04-01T22:25:32.757Z", "tags": [], "same_product": [50], "category": [91, 96, 102], "who_like": [], "marka": [32]}}, {"model": "product.product", "pk": 46, "fields": {"title": "Xiaomi  8 GB 62 GB Black", "color_title": "Black", "color_code": "#000000", "internal_storage": "62 GB", "ram": "8 GB", "operator_code": null, "slug": "xiaomi-8-gb-62-gb-black", "sku": "sasasa", "description": "", "sale_count": 21, "is_published": true, "is_new": true, "is_new_expired": "2021-05-01T22:25:40Z", "is_featured": false, "is_discount": false, "price": "50.00", "old_price": null, "discount_type": 1, "discount_value": null, "status": true, "created_at": "2021-04-01T22:26:19.023Z", "updated_at": "2021-04-01T22:26:33.559Z", "tags": [], "same_product": [], "category": [91], "who_like": [], "marka": [35]}}, {"model": "product.product", "pk": 47, "fields": {"title": "Xiaomi  8 GB 65 GB Black", "color_title": "Black", "color_code": "#000000", "internal_storage": "65 GB", "ram": "8 GB", "operator_code": null, "slug": "xiaomi-8-gb-65-gb-black", "sku": "sasasa", "description": "", "sale_count": 21, "is_published": true, "is_new": true, "is_new_expired": "2021-05-01T22:25:40Z", "is_featured": false, "is_discount": false, "price": "50.00", "old_price": null, "discount_type": 1, "discount_value": null, "status": true, "created_at": "2021-04-01T22:26:44.661Z", "updated_at": "2021-04-01T22:26:44.685Z", "tags": [], "same_product": [], "category": [91], "who_like": [], "marka": [35]}}, {"model": "product.product", "pk": 49, "fields": {"title": "Xiaomi  8 GB 65 GB Blacksa", "color_title": "Blacksa", "color_code": "#000000", "internal_storage": "65 GB", "ram": "8 GB", "operator_code": null, "slug": "xiaomi-8-gb-65-gb-blacksa", "sku": "sasasa", "description": "", "sale_count": 21, "is_published": true, "is_new": true, "is_new_expired": "2021-05-01T22:25:40Z", "is_featured": false, "is_discount": false, "price": "50.00", "old_price": null, "discount_type": 1, "discount_value": null, "status": true, "created_at": "2021-04-01T22:31:01.775Z", "updated_at": "2021-04-01T22:31:01.801Z", "tags": [], "same_product": [], "category": [91], "who_like": [], "marka": [35]}}, {"model": "product.product", "pk": 50, "fields": {"title": "Samsung  8GB 128 GB Blue", "color_title": "Blue", "color_code": "#0000FF", "internal_storage": "128 GB", "ram": "8GB", "operator_code": null, "slug": "samsung-8gb-128-gb-blue", "sku": "1w1edaw", "description": "blue one", "sale_count": 5, "is_published": true, "is_new": true, "is_new_expired": "2021-04-28T21:49:29Z", "is_featured": false, "is_discount": false, "price": "1500.00", "old_price": null, "discount_type": 1, "discount_value": null, "status": true, "created_at": "2021-04-02T03:04:24.604Z", "updated_at": "2021-04-02T03:05:01.990Z", "tags": [], "same_product": [43, 39, 38], "category": [91, 95, 99], "who_like": [], "marka": [32]}}, {"model": "product.product", "pk": 52, "fields": {"title": "Lenova  8GB 64 GB Black", "color_title": "Black", "color_code": "#000000", "internal_storage": "64 GB", "ram": "8GB", "operator_code": null, "slug": "lenova-8gb-64-gb-black", "sku": "1w1edaw", "description": "Lorem ipsum dolor sit amet consectetur adipisicing elit. Maxime mollitia,\r\nmolestiae quas vel sint commodi repudiandae consequuntur voluptatum laborum\r\nnumquam blanditiis harum quisquam eius sed odit fugiat iusto fuga praesentium\r\noptio, eaque rerum! Provident similique accusantium nemo autem. Veritatis\r\nobcaecati tenetur iure eius earum ut molestias architecto voluptate aliquam\r\nnihil, eveniet aliquid culpa officia aut! Impedit sit sunt quaerat, odit,", "sale_count": 5, "is_published": true, "is_new": true, "is_new_expired": "2021-04-28T21:49:29Z", "is_featured": false, "is_discount": true, "price": "1500.00", "old_price": "1800.00", "discount_type": 3, "discount_value": 45, "status": true, "created_at": "2021-04-02T06:52:11.723Z", "updated_at": "2021-04-02T07:02:06.895Z", "tags": [], "same_product": [], "category": [91, 96, 119], "who_like": [], "marka": [41]}}, {"model": "product.product", "pk": 53, "fields": {"title": "Nokia   8GB Black", "color_title": "Black", "color_code": "#000000", "internal_storage": "8GB", "ram": null, "operator_code": null, "slug": "nokia-8gb-black", "sku": "000003", "description": "black and simple one", "sale_count": 0, "is_published": true, "is_new": true, "is_new_expired": "2021-05-02T11:15:34Z", "is_featured": false, "is_discount": false, "price": "70.00", "old_price": null, "discount_type": 1, "discount_value": null, "status": true, "created_at": "2021-04-02T11:19:42.464Z", "updated_at": "2021-04-02T11:19:42.551Z", "tags": [], "same_product": [], "category": [91, 97, 104], "who_like": [], "marka": [36]}}, {"model": "product.product", "pk": 54, "fields": {"title": "Motorola   4GB Red", "color_title": "Red", "color_code": "#FF0000", "internal_storage": "4GB", "ram": null, "operator_code": null, "slug": "motorola-4gb-red", "sku": "000003", "description": "red and simple one", "sale_count": 0, "is_published": true, "is_new": true, "is_new_expired": "2021-05-02T11:15:34Z", "is_featured": false, "is_discount": false, "price": "50.00", "old_price": null, "discount_type": 1, "discount_value": null, "status": true, "created_at": "2021-04-02T13:09:13.192Z", "updated_at": "2021-04-02T13:09:13.331Z", "tags": [], "same_product": [], "category": [91, 97, 105], "who_like": [], "marka": [42]}}, {"model": "product.product", "pk": 55, "fields": {"title": "150", "color_title": "Blue", "color_code": "#0000FF", "internal_storage": null, "ram": null, "operator_code": null, "slug": "150-blue", "sku": "000003", "description": "blue and simple one", "sale_count": 0, "is_published": true, "is_new": true, "is_new_expired": "2021-05-02T11:15:34Z", "is_featured": false, "is_discount": false, "price": "49.00", "old_price": "50.00", "discount_type": 1, "discount_value": null, "status": true, "created_at": "2021-04-02T13:22:26.520Z", "updated_at": "2021-04-03T00:53:27.785Z", "tags": [], "same_product": [], "category": [91, 97, 104, 115], "who_like": [], "marka": [36]}}, {"model": "product.product", "pk": 56, "fields": {"title": "Nokia   16GB Black", "color_title": "Black", "color_code": "#000000", "internal_storage": null, "ram": null, "operator_code": null, "slug": "nokia-16gb-black-black", "sku": "000003", "description": "black and simple one", "sale_count": 0, "is_published": true, "is_new": true, "is_new_expired": "2021-05-02T11:15:34Z", "is_featured": false, "is_discount": false, "price": "120.00", "old_price": null, "discount_type": 1, "discount_value": null, "status": true, "created_at": "2021-04-02T13:37:55.891Z", "updated_at": "2021-04-03T00:53:40.654Z", "tags": [], "same_product": [], "category": [91, 97, 104], "who_like": [], "marka": [36]}}, {"model": "product.product", "pk": 57, "fields": {"title": "Xiaomi", "color_title": "Gold", "color_code": null, "internal_storage": null, "ram": null, "operator_code": null, "slug": "xiaomi-gold", "sku": "sasasa", "description": "", "sale_count": 0, "is_published": true, "is_new": true, "is_new_expired": "2021-05-03T00:55:19Z", "is_featured": false, "is_discount": false, "price": "11.00", "old_price": null, "discount_type": 1, "discount_value": null, "status": true, "created_at": "2021-04-03T00:55:35.085Z", "updated_at": "2021-04-03T00:56:35.224Z", "tags": [], "same_product": [], "category": [91], "who_like": [], "marka": [41]}}, {"model": "product.product", "pk": 58, "fields": {"title": "3331409", "color_title": null, "color_code": null, "internal_storage": null, "ram": null, "operator_code": "070", "slug": "3331409", "sku": "1w1edaw", "description": "", "sale_count": 4, "is_published": true, "is_new": true, "is_new_expired": "2021-05-03T01:40:24Z", "is_featured": false, "is_discount": false, "price": "11.00", "old_price": null, "discount_type": 1, "discount_value": null, "status": true, "created_at": "2021-04-03T01:41:09.821Z", "updated_at": "2021-04-03T01:41:09.875Z", "tags": [], "same_product": [], "category": [94], "who_like": [], "marka": [40]}}, {"model": "product.product_details", "pk": 105, "fields": {"product": 26, "product_details_property_name": 12, "content": "2020", "is_feature": false, "is_detail": false, "is_file": false, "status": true, "created_at": "2021-03-31T05:02:09.033Z", "updated_at": "2021-03-31T05:02:09.033Z"}}, {"model": "product.product_details", "pk": 106, "fields": {"product": 26, "product_details_property_name": 13, "content": "125GB", "is_feature": false, "is_detail": false, "is_file": false, "status": true, "created_at": "2021-03-31T05:02:09.035Z", "updated_at": "2021-03-31T05:02:09.035Z"}}, {"model": "product.product_details", "pk": 107, "fields": {"product": 26, "product_details_property_name": 16, "content": "IOS", "is_feature": false, "is_detail": false, "is_file": false, "status": true, "created_at": "2021-03-31T05:02:09.035Z", "updated_at": "2021-03-31T05:02:09.035Z"}}, {"model": "product.product_details", "pk": 108, "fields": {"product": 26, "product_details_property_name": 17, "content": "125*200", "is_feature": false, "is_detail": false, "is_file": false, "status": true, "created_at": "2021-03-31T05:02:09.036Z", "updated_at": "2021-03-31T05:02:09.036Z"}}, {"model": "product.product_details", "pk": 109, "fields": {"product": 26, "product_details_property_name": 19, "content": "8GB", "is_feature": false, "is_detail": false, "is_file": false, "status": true, "created_at": "2021-03-31T05:02:09.036Z", "updated_at": "2021-03-31T05:02:09.036Z"}}, {"model": "product.product_details", "pk": 110, "fields": {"product": 26, "product_details_property_name": 21, "content": "250Hz", "is_feature": false, "is_detail": false, "is_file": false, "status": true, "created_at": "2021-03-31T05:02:09.037Z", "updated_at": "2021-03-31T05:02:09.037Z"}}, {"model": "product.product_details", "pk": 111, "fields": {"product": 26, "product_details_property_name": 22, "content": "32MP", "is_feature": false, "is_detail": false, "is_file": false, "status": true, "created_at": "2021-03-31T05:02:09.037Z", "updated_at": "2021-03-31T05:02:09.037Z"}}, {"model": "product.product_details", "pk": 112, "fields": {"product": 26, "product_details_property_name": 23, "content": "25MP", "is_feature": false, "is_detail": false, "is_file": false, "status": true, "created_at": "2021-03-31T05:02:09.038Z", "updated_at": "2021-03-31T05:02:09.038Z"}}, {"model": "product.product_details", "pk": 113, "fields": {"product": 26, "product_details_property_name": 27, "content": "2", "is_feature": false, "is_detail": false, "is_file": false, "status": true, "created_at": "2021-03-31T05:02:09.038Z", "updated_at": "2021-03-31T05:02:09.038Z"}}, {"model": "product.product_details", "pk": 114, "fields": {"product": 26, "product_details_property_name": 32, "content": "5000MHah", "is_feature": false, "is_detail": false, "is_file": false, "status": true, "created_at": "2021-03-31T05:02:09.039Z", "updated_at": "2021-03-31T05:02:09.039Z"}}, {"model": "product.product_details", "pk": 115, "fields": {"product": 26, "product_details_property_name": 34, "content": "145qr", "is_feature": false, "is_detail": false, "is_file": false, "status": true, "created_at": "2021-03-31T05:02:09.039Z", "updated_at": "2021-03-31T05:02:09.039Z"}}, {"model": "product.product_details", "pk": 116, "fields": {"product": 27, "product_details_property_name": 12, "content": "2020", "is_feature": false, "is_detail": false, "is_file": false, "status": true, "created_at": "2021-03-31T05:08:33.295Z", "updated_at": "2021-03-31T05:08:33.295Z"}}, {"model": "product.product_details", "pk": 117, "fields": {"product": 27, "product_details_property_name": 13, "content": "125GB", "is_feature": false, "is_detail": false, "is_file": false, "status": true, "created_at": "2021-03-31T05:08:33.296Z", "updated_at": "2021-03-31T05:08:33.296Z"}}, {"model": "product.product_details", "pk": 118, "fields": {"product": 27, "product_details_property_name": 16, "content": "IOS", "is_feature": false, "is_detail": false, "is_file": false, "status": true, "created_at": "2021-03-31T05:08:33.296Z", "updated_at": "2021-03-31T05:08:33.296Z"}}, {"model": "product.product_details", "pk": 119, "fields": {"product": 27, "product_details_property_name": 17, "content": "125*200", "is_feature": false, "is_detail": false, "is_file": false, "status": true, "created_at": "2021-03-31T05:08:33.297Z", "updated_at": "2021-03-31T05:08:33.297Z"}}, {"model": "product.product_details", "pk": 120, "fields": {"product": 27, "product_details_property_name": 19, "content": "8GB", "is_feature": false, "is_detail": false, "is_file": false, "status": true, "created_at": "2021-03-31T05:08:33.297Z", "updated_at": "2021-03-31T05:08:33.297Z"}}, {"model": "product.product_details", "pk": 121, "fields": {"product": 27, "product_details_property_name": 21, "content": "250Hz", "is_feature": false, "is_detail": false, "is_file": false, "status": true, "created_at": "2021-03-31T05:08:33.298Z", "updated_at": "2021-03-31T05:08:33.298Z"}}, {"model": "product.product_details", "pk": 122, "fields": {"product": 27, "product_details_property_name": 22, "content": "32MP", "is_feature": false, "is_detail": false, "is_file": false, "status": true, "created_at": "2021-03-31T05:08:33.298Z", "updated_at": "2021-03-31T05:08:33.298Z"}}, {"model": "product.product_details", "pk": 123, "fields": {"product": 27, "product_details_property_name": 23, "content": "25MP", "is_feature": false, "is_detail": false, "is_file": false, "status": true, "created_at": "2021-03-31T05:08:33.299Z", "updated_at": "2021-03-31T05:08:33.299Z"}}, {"model": "product.product_details", "pk": 124, "fields": {"product": 27, "product_details_property_name": 27, "content": "2", "is_feature": false, "is_detail": false, "is_file": false, "status": true, "created_at": "2021-03-31T05:08:33.300Z", "updated_at": "2021-03-31T05:08:33.300Z"}}, {"model": "product.product_details", "pk": 125, "fields": {"product": 27, "product_details_property_name": 32, "content": "5000MHah", "is_feature": false, "is_detail": false, "is_file": false, "status": true, "created_at": "2021-03-31T05:08:33.300Z", "updated_at": "2021-03-31T05:08:33.300Z"}}, {"model": "product.product_details", "pk": 126, "fields": {"product": 27, "product_details_property_name": 34, "content": "145qr", "is_feature": false, "is_detail": false, "is_file": false, "status": true, "created_at": "2021-03-31T05:08:33.301Z", "updated_at": "2021-03-31T05:08:33.301Z"}}, {"model": "product.product_details", "pk": 127, "fields": {"product": 28, "product_details_property_name": 12, "content": "2020", "is_feature": false, "is_detail": false, "is_file": false, "status": true, "created_at": "2021-03-31T06:12:24.079Z", "updated_at": "2021-03-31T06:12:24.079Z"}}, {"model": "product.product_details", "pk": 128, "fields": {"product": 28, "product_details_property_name": 13, "content": "125GB", "is_feature": false, "is_detail": false, "is_file": false, "status": true, "created_at": "2021-03-31T06:12:24.080Z", "updated_at": "2021-03-31T06:12:24.080Z"}}, {"model": "product.product_details", "pk": 129, "fields": {"product": 28, "product_details_property_name": 16, "content": "IOS", "is_feature": false, "is_detail": false, "is_file": false, "status": true, "created_at": "2021-03-31T06:12:24.081Z", "updated_at": "2021-03-31T06:12:24.081Z"}}, {"model": "product.product_details", "pk": 130, "fields": {"product": 28, "product_details_property_name": 17, "content": "125*200", "is_feature": false, "is_detail": false, "is_file": false, "status": true, "created_at": "2021-03-31T06:12:24.081Z", "updated_at": "2021-03-31T06:12:24.081Z"}}, {"model": "product.product_details", "pk": 131, "fields": {"product": 28, "product_details_property_name": 19, "content": "8GB", "is_feature": false, "is_detail": false, "is_file": false, "status": true, "created_at": "2021-03-31T06:12:24.082Z", "updated_at": "2021-03-31T06:12:24.082Z"}}, {"model": "product.product_details", "pk": 132, "fields": {"product": 28, "product_details_property_name": 21, "content": "250Hz", "is_feature": false, "is_detail": false, "is_file": false, "status": true, "created_at": "2021-03-31T06:12:24.082Z", "updated_at": "2021-03-31T06:12:24.082Z"}}, {"model": "product.product_details", "pk": 133, "fields": {"product": 28, "product_details_property_name": 22, "content": "32MP", "is_feature": false, "is_detail": false, "is_file": false, "status": true, "created_at": "2021-03-31T06:12:24.083Z", "updated_at": "2021-03-31T06:12:24.083Z"}}, {"model": "product.product_details", "pk": 134, "fields": {"product": 28, "product_details_property_name": 23, "content": "25MP", "is_feature": false, "is_detail": false, "is_file": false, "status": true, "created_at": "2021-03-31T06:12:24.083Z", "updated_at": "2021-03-31T06:12:24.083Z"}}, {"model": "product.product_details", "pk": 135, "fields": {"product": 28, "product_details_property_name": 27, "content": "2", "is_feature": false, "is_detail": false, "is_file": false, "status": true, "created_at": "2021-03-31T06:12:24.084Z", "updated_at": "2021-03-31T06:12:24.084Z"}}, {"model": "product.product_details", "pk": 136, "fields": {"product": 28, "product_details_property_name": 32, "content": "5000MHah", "is_feature": false, "is_detail": false, "is_file": false, "status": true, "created_at": "2021-03-31T06:12:24.084Z", "updated_at": "2021-03-31T06:12:24.084Z"}}, {"model": "product.product_details", "pk": 137, "fields": {"product": 28, "product_details_property_name": 34, "content": "145qr", "is_feature": false, "is_detail": false, "is_file": false, "status": true, "created_at": "2021-03-31T06:12:24.085Z", "updated_at": "2021-03-31T06:12:24.085Z"}}, {"model": "product.product_details", "pk": 138, "fields": {"product": 29, "product_details_property_name": 12, "content": "2020", "is_feature": false, "is_detail": false, "is_file": false, "status": true, "created_at": "2021-03-31T06:20:14.469Z", "updated_at": "2021-03-31T06:20:14.469Z"}}, {"model": "product.product_details", "pk": 141, "fields": {"product": 32, "product_details_property_name": 12, "content": "2020", "is_feature": false, "is_detail": false, "is_file": false, "status": true, "created_at": "2021-03-31T07:13:29.673Z", "updated_at": "2021-03-31T07:13:29.673Z"}}, {"model": "product.product_details", "pk": 142, "fields": {"product": 33, "product_details_property_name": 12, "content": "2020", "is_feature": false, "is_detail": false, "is_file": false, "status": true, "created_at": "2021-03-31T08:24:01.203Z", "updated_at": "2021-03-31T08:24:01.203Z"}}, {"model": "product.product_details", "pk": 143, "fields": {"product": 33, "product_details_property_name": 16, "content": "Android", "is_feature": false, "is_detail": false, "is_file": false, "status": true, "created_at": "2021-03-31T08:24:01.204Z", "updated_at": "2021-03-31T08:24:01.204Z"}}, {"model": "product.product_details", "pk": 144, "fields": {"product": 33, "product_details_property_name": 27, "content": "2", "is_feature": false, "is_detail": false, "is_file": false, "status": true, "created_at": "2021-03-31T08:24:01.205Z", "updated_at": "2021-03-31T08:24:01.205Z"}}, {"model": "product.product_details", "pk": 145, "fields": {"product": 34, "product_details_property_name": 12, "content": "2020", "is_feature": false, "is_detail": false, "is_file": false, "status": true, "created_at": "2021-03-31T08:42:07.445Z", "updated_at": "2021-03-31T08:42:07.445Z"}}, {"model": "product.product_details", "pk": 146, "fields": {"product": 34, "product_details_property_name": 16, "content": "Android", "is_feature": false, "is_detail": false, "is_file": false, "status": true, "created_at": "2021-03-31T08:42:07.446Z", "updated_at": "2021-03-31T08:42:07.446Z"}}, {"model": "product.product_details", "pk": 147, "fields": {"product": 34, "product_details_property_name": 27, "content": "2", "is_feature": false, "is_detail": false, "is_file": false, "status": true, "created_at": "2021-03-31T08:42:07.447Z", "updated_at": "2021-03-31T08:42:07.447Z"}}, {"model": "product.product_details", "pk": 148, "fields": {"product": 35, "product_details_property_name": 12, "content": "2020", "is_feature": false, "is_detail": false, "is_file": false, "status": true, "created_at": "2021-03-31T08:48:20.564Z", "updated_at": "2021-03-31T08:48:20.564Z"}}, {"model": "product.product_details", "pk": 149, "fields": {"product": 35, "product_details_property_name": 16, "content": "Android", "is_feature": false, "is_detail": false, "is_file": false, "status": true, "created_at": "2021-03-31T08:48:20.565Z", "updated_at": "2021-03-31T08:48:20.565Z"}}, {"model": "product.product_details", "pk": 150, "fields": {"product": 35, "product_details_property_name": 27, "content": "2", "is_feature": false, "is_detail": false, "is_file": false, "status": true, "created_at": "2021-03-31T08:48:20.565Z", "updated_at": "2021-03-31T08:48:20.565Z"}}, {"model": "product.product_details", "pk": 151, "fields": {"product": 36, "product_details_property_name": 12, "content": "2020", "is_feature": false, "is_detail": false, "is_file": false, "status": true, "created_at": "2021-03-31T10:26:49.687Z", "updated_at": "2021-03-31T10:26:49.687Z"}}, {"model": "product.product_details", "pk": 152, "fields": {"product": 36, "product_details_property_name": 16, "content": "Android", "is_feature": false, "is_detail": false, "is_file": false, "status": true, "created_at": "2021-03-31T10:26:49.687Z", "updated_at": "2021-03-31T10:26:49.687Z"}}, {"model": "product.product_details", "pk": 153, "fields": {"product": 36, "product_details_property_name": 27, "content": "2", "is_feature": false, "is_detail": false, "is_file": false, "status": true, "created_at": "2021-03-31T10:26:49.688Z", "updated_at": "2021-03-31T10:26:49.688Z"}}, {"model": "product.product_details", "pk": 154, "fields": {"product": 37, "product_details_property_name": 12, "content": "2020", "is_feature": false, "is_detail": false, "is_file": false, "status": true, "created_at": "2021-03-31T10:36:17.146Z", "updated_at": "2021-03-31T10:36:17.146Z"}}, {"model": "product.product_details", "pk": 155, "fields": {"product": 37, "product_details_property_name": 13, "content": "125GB", "is_feature": false, "is_detail": false, "is_file": false, "status": true, "created_at": "2021-03-31T10:36:17.147Z", "updated_at": "2021-03-31T10:36:17.147Z"}}, {"model": "product.product_details", "pk": 156, "fields": {"product": 37, "product_details_property_name": 16, "content": "IOS", "is_feature": false, "is_detail": false, "is_file": false, "status": true, "created_at": "2021-03-31T10:36:17.147Z", "updated_at": "2021-03-31T10:36:17.147Z"}}, {"model": "product.product_details", "pk": 157, "fields": {"product": 37, "product_details_property_name": 17, "content": "125*200", "is_feature": false, "is_detail": false, "is_file": false, "status": true, "created_at": "2021-03-31T10:36:17.148Z", "updated_at": "2021-03-31T10:36:17.148Z"}}, {"model": "product.product_details", "pk": 158, "fields": {"product": 37, "product_details_property_name": 19, "content": "8GB", "is_feature": false, "is_detail": false, "is_file": false, "status": true, "created_at": "2021-03-31T10:36:17.148Z", "updated_at": "2021-03-31T10:36:17.148Z"}}, {"model": "product.product_details", "pk": 159, "fields": {"product": 37, "product_details_property_name": 21, "content": "250Hz", "is_feature": false, "is_detail": false, "is_file": false, "status": true, "created_at": "2021-03-31T10:36:17.149Z", "updated_at": "2021-03-31T10:36:17.149Z"}}, {"model": "product.product_details", "pk": 160, "fields": {"product": 37, "product_details_property_name": 22, "content": "32MP", "is_feature": false, "is_detail": false, "is_file": false, "status": true, "created_at": "2021-03-31T10:36:17.149Z", "updated_at": "2021-03-31T10:36:17.149Z"}}, {"model": "product.product_details", "pk": 161, "fields": {"product": 37, "product_details_property_name": 23, "content": "25MP", "is_feature": false, "is_detail": false, "is_file": false, "status": true, "created_at": "2021-03-31T10:36:17.150Z", "updated_at": "2021-03-31T10:36:17.150Z"}}, {"model": "product.product_details", "pk": 162, "fields": {"product": 37, "product_details_property_name": 27, "content": "2", "is_feature": false, "is_detail": false, "is_file": false, "status": true, "created_at": "2021-03-31T10:36:17.150Z", "updated_at": "2021-03-31T10:36:17.150Z"}}, {"model": "product.product_details", "pk": 163, "fields": {"product": 37, "product_details_property_name": 32, "content": "5000MHah", "is_feature": false, "is_detail": false, "is_file": false, "status": true, "created_at": "2021-03-31T10:36:17.151Z", "updated_at": "2021-03-31T10:36:17.151Z"}}, {"model": "product.product_details", "pk": 164, "fields": {"product": 37, "product_details_property_name": 34, "content": "145qr", "is_feature": false, "is_detail": false, "is_file": false, "status": true, "created_at": "2021-03-31T10:36:17.152Z", "updated_at": "2021-03-31T10:36:17.152Z"}}, {"model": "product.product_details", "pk": 165, "fields": {"product": 38, "product_details_property_name": 12, "content": "2020", "is_feature": false, "is_detail": false, "is_file": false, "status": true, "created_at": "2021-03-31T10:47:53.455Z", "updated_at": "2021-03-31T10:47:53.455Z"}}, {"model": "product.product_details", "pk": 166, "fields": {"product": 38, "product_details_property_name": 13, "content": "125GB", "is_feature": false, "is_detail": false, "is_file": false, "status": true, "created_at": "2021-03-31T10:47:53.456Z", "updated_at": "2021-03-31T10:47:53.456Z"}}, {"model": "product.product_details", "pk": 167, "fields": {"product": 38, "product_details_property_name": 16, "content": "IOS", "is_feature": false, "is_detail": false, "is_file": false, "status": true, "created_at": "2021-03-31T10:47:53.457Z", "updated_at": "2021-03-31T10:47:53.457Z"}}, {"model": "product.product_details", "pk": 168, "fields": {"product": 38, "product_details_property_name": 17, "content": "125*200", "is_feature": false, "is_detail": false, "is_file": false, "status": true, "created_at": "2021-03-31T10:47:53.457Z", "updated_at": "2021-03-31T10:47:53.457Z"}}, {"model": "product.product_details", "pk": 169, "fields": {"product": 38, "product_details_property_name": 19, "content": "8GB", "is_feature": false, "is_detail": false, "is_file": false, "status": true, "created_at": "2021-03-31T10:47:53.458Z", "updated_at": "2021-03-31T10:47:53.458Z"}}, {"model": "product.product_details", "pk": 170, "fields": {"product": 38, "product_details_property_name": 21, "content": "250Hz", "is_feature": false, "is_detail": false, "is_file": false, "status": true, "created_at": "2021-03-31T10:47:53.458Z", "updated_at": "2021-03-31T10:47:53.458Z"}}, {"model": "product.product_details", "pk": 171, "fields": {"product": 38, "product_details_property_name": 22, "content": "32MP", "is_feature": false, "is_detail": false, "is_file": false, "status": true, "created_at": "2021-03-31T10:47:53.459Z", "updated_at": "2021-03-31T10:47:53.459Z"}}, {"model": "product.product_details", "pk": 172, "fields": {"product": 38, "product_details_property_name": 23, "content": "25MP", "is_feature": false, "is_detail": false, "is_file": false, "status": true, "created_at": "2021-03-31T10:47:53.459Z", "updated_at": "2021-03-31T10:47:53.459Z"}}, {"model": "product.product_details", "pk": 173, "fields": {"product": 38, "product_details_property_name": 27, "content": "2", "is_feature": false, "is_detail": false, "is_file": false, "status": true, "created_at": "2021-03-31T10:47:53.460Z", "updated_at": "2021-03-31T10:47:53.460Z"}}, {"model": "product.product_details", "pk": 174, "fields": {"product": 38, "product_details_property_name": 32, "content": "5000MHah", "is_feature": false, "is_detail": false, "is_file": false, "status": true, "created_at": "2021-03-31T10:47:53.460Z", "updated_at": "2021-03-31T10:47:53.460Z"}}, {"model": "product.product_details", "pk": 175, "fields": {"product": 38, "product_details_property_name": 34, "content": "145qr", "is_feature": false, "is_detail": false, "is_file": false, "status": true, "created_at": "2021-03-31T10:47:53.461Z", "updated_at": "2021-03-31T10:47:53.461Z"}}, {"model": "product.product_details", "pk": 176, "fields": {"product": 39, "product_details_property_name": 12, "content": "2020", "is_feature": false, "is_detail": false, "is_file": false, "status": true, "created_at": "2021-03-31T10:59:11.631Z", "updated_at": "2021-03-31T10:59:11.631Z"}}, {"model": "product.product_details", "pk": 177, "fields": {"product": 39, "product_details_property_name": 13, "content": "125GB", "is_feature": false, "is_detail": false, "is_file": false, "status": true, "created_at": "2021-03-31T10:59:11.632Z", "updated_at": "2021-03-31T10:59:11.632Z"}}, {"model": "product.product_details", "pk": 178, "fields": {"product": 39, "product_details_property_name": 16, "content": "IOS", "is_feature": false, "is_detail": false, "is_file": false, "status": true, "created_at": "2021-03-31T10:59:11.632Z", "updated_at": "2021-03-31T10:59:11.632Z"}}, {"model": "product.product_details", "pk": 179, "fields": {"product": 39, "product_details_property_name": 17, "content": "125*200", "is_feature": false, "is_detail": false, "is_file": false, "status": true, "created_at": "2021-03-31T10:59:11.633Z", "updated_at": "2021-03-31T10:59:11.633Z"}}, {"model": "product.product_details", "pk": 180, "fields": {"product": 39, "product_details_property_name": 19, "content": "8GB", "is_feature": false, "is_detail": false, "is_file": false, "status": true, "created_at": "2021-03-31T10:59:11.633Z", "updated_at": "2021-03-31T10:59:11.633Z"}}, {"model": "product.product_details", "pk": 181, "fields": {"product": 39, "product_details_property_name": 21, "content": "250Hz", "is_feature": false, "is_detail": false, "is_file": false, "status": true, "created_at": "2021-03-31T10:59:11.634Z", "updated_at": "2021-03-31T10:59:11.634Z"}}, {"model": "product.product_details", "pk": 182, "fields": {"product": 39, "product_details_property_name": 22, "content": "32MP", "is_feature": false, "is_detail": false, "is_file": false, "status": true, "created_at": "2021-03-31T10:59:11.634Z", "updated_at": "2021-03-31T10:59:11.634Z"}}, {"model": "product.product_details", "pk": 183, "fields": {"product": 39, "product_details_property_name": 23, "content": "25MP", "is_feature": false, "is_detail": false, "is_file": false, "status": true, "created_at": "2021-03-31T10:59:11.635Z", "updated_at": "2021-03-31T10:59:11.635Z"}}, {"model": "product.product_details", "pk": 184, "fields": {"product": 39, "product_details_property_name": 27, "content": "2", "is_feature": false, "is_detail": false, "is_file": false, "status": true, "created_at": "2021-03-31T10:59:11.635Z", "updated_at": "2021-03-31T10:59:11.635Z"}}, {"model": "product.product_details", "pk": 185, "fields": {"product": 39, "product_details_property_name": 32, "content": "5000MHah", "is_feature": false, "is_detail": false, "is_file": false, "status": true, "created_at": "2021-03-31T10:59:11.636Z", "updated_at": "2021-03-31T10:59:11.636Z"}}, {"model": "product.product_details", "pk": 186, "fields": {"product": 39, "product_details_property_name": 34, "content": "145qr", "is_feature": false, "is_detail": false, "is_file": false, "status": true, "created_at": "2021-03-31T10:59:11.636Z", "updated_at": "2021-03-31T10:59:11.636Z"}}, {"model": "product.product_details", "pk": 187, "fields": {"product": 40, "product_details_property_name": 12, "content": "2020", "is_feature": false, "is_detail": false, "is_file": false, "status": true, "created_at": "2021-03-31T11:07:42.448Z", "updated_at": "2021-03-31T11:07:42.448Z"}}, {"model": "product.product_details", "pk": 188, "fields": {"product": 40, "product_details_property_name": 13, "content": "125GB", "is_feature": false, "is_detail": false, "is_file": false, "status": true, "created_at": "2021-03-31T11:07:42.448Z", "updated_at": "2021-03-31T11:07:42.448Z"}}, {"model": "product.product_details", "pk": 189, "fields": {"product": 40, "product_details_property_name": 16, "content": "IOS", "is_feature": false, "is_detail": false, "is_file": false, "status": true, "created_at": "2021-03-31T11:07:42.449Z", "updated_at": "2021-03-31T11:07:42.449Z"}}, {"model": "product.product_details", "pk": 190, "fields": {"product": 40, "product_details_property_name": 17, "content": "125*200", "is_feature": false, "is_detail": false, "is_file": false, "status": true, "created_at": "2021-03-31T11:07:42.449Z", "updated_at": "2021-03-31T11:07:42.449Z"}}, {"model": "product.product_details", "pk": 191, "fields": {"product": 40, "product_details_property_name": 19, "content": "8GB", "is_feature": false, "is_detail": false, "is_file": false, "status": true, "created_at": "2021-03-31T11:07:42.450Z", "updated_at": "2021-03-31T11:07:42.450Z"}}, {"model": "product.product_details", "pk": 192, "fields": {"product": 40, "product_details_property_name": 21, "content": "250Hz", "is_feature": false, "is_detail": false, "is_file": false, "status": true, "created_at": "2021-03-31T11:07:42.450Z", "updated_at": "2021-03-31T11:07:42.450Z"}}, {"model": "product.product_details", "pk": 193, "fields": {"product": 40, "product_details_property_name": 22, "content": "32MP", "is_feature": false, "is_detail": false, "is_file": false, "status": true, "created_at": "2021-03-31T11:07:42.451Z", "updated_at": "2021-03-31T11:07:42.451Z"}}, {"model": "product.product_details", "pk": 194, "fields": {"product": 40, "product_details_property_name": 23, "content": "25MP", "is_feature": false, "is_detail": false, "is_file": false, "status": true, "created_at": "2021-03-31T11:07:42.451Z", "updated_at": "2021-03-31T11:07:42.451Z"}}, {"model": "product.product_details", "pk": 195, "fields": {"product": 40, "product_details_property_name": 27, "content": "2", "is_feature": false, "is_detail": false, "is_file": false, "status": true, "created_at": "2021-03-31T11:07:42.452Z", "updated_at": "2021-03-31T11:07:42.452Z"}}, {"model": "product.product_details", "pk": 196, "fields": {"product": 40, "product_details_property_name": 32, "content": "5000MHah", "is_feature": false, "is_detail": false, "is_file": false, "status": true, "created_at": "2021-03-31T11:07:42.452Z", "updated_at": "2021-03-31T11:07:42.452Z"}}, {"model": "product.product_details", "pk": 197, "fields": {"product": 40, "product_details_property_name": 34, "content": "145qr", "is_feature": false, "is_detail": false, "is_file": false, "status": true, "created_at": "2021-03-31T11:07:42.453Z", "updated_at": "2021-03-31T11:07:42.453Z"}}, {"model": "product.product_details", "pk": 198, "fields": {"product": 41, "product_details_property_name": 12, "content": "2020", "is_feature": false, "is_detail": false, "is_file": false, "status": true, "created_at": "2021-03-31T13:24:59.360Z", "updated_at": "2021-03-31T13:24:59.360Z"}}, {"model": "product.product_details", "pk": 199, "fields": {"product": 41, "product_details_property_name": 13, "content": "125GB", "is_feature": false, "is_detail": false, "is_file": false, "status": true, "created_at": "2021-03-31T13:24:59.361Z", "updated_at": "2021-03-31T13:24:59.361Z"}}, {"model": "product.product_details", "pk": 200, "fields": {"product": 41, "product_details_property_name": 16, "content": "IOS", "is_feature": false, "is_detail": false, "is_file": false, "status": true, "created_at": "2021-03-31T13:24:59.361Z", "updated_at": "2021-03-31T13:24:59.361Z"}}, {"model": "product.product_details", "pk": 201, "fields": {"product": 41, "product_details_property_name": 17, "content": "125*200", "is_feature": false, "is_detail": false, "is_file": false, "status": true, "created_at": "2021-03-31T13:24:59.362Z", "updated_at": "2021-03-31T13:24:59.362Z"}}, {"model": "product.product_details", "pk": 202, "fields": {"product": 41, "product_details_property_name": 19, "content": "8GB", "is_feature": false, "is_detail": false, "is_file": false, "status": true, "created_at": "2021-03-31T13:24:59.362Z", "updated_at": "2021-03-31T13:24:59.362Z"}}, {"model": "product.product_details", "pk": 203, "fields": {"product": 41, "product_details_property_name": 21, "content": "250Hz", "is_feature": false, "is_detail": false, "is_file": false, "status": true, "created_at": "2021-03-31T13:24:59.363Z", "updated_at": "2021-03-31T13:24:59.363Z"}}, {"model": "product.product_details", "pk": 204, "fields": {"product": 41, "product_details_property_name": 22, "content": "32MP", "is_feature": false, "is_detail": false, "is_file": false, "status": true, "created_at": "2021-03-31T13:24:59.363Z", "updated_at": "2021-03-31T13:24:59.363Z"}}, {"model": "product.product_details", "pk": 205, "fields": {"product": 41, "product_details_property_name": 23, "content": "25MP", "is_feature": false, "is_detail": false, "is_file": false, "status": true, "created_at": "2021-03-31T13:24:59.364Z", "updated_at": "2021-03-31T13:24:59.364Z"}}, {"model": "product.product_details", "pk": 206, "fields": {"product": 41, "product_details_property_name": 27, "content": "2", "is_feature": false, "is_detail": false, "is_file": false, "status": true, "created_at": "2021-03-31T13:24:59.364Z", "updated_at": "2021-03-31T13:24:59.364Z"}}, {"model": "product.product_details", "pk": 207, "fields": {"product": 41, "product_details_property_name": 32, "content": "5000MHah", "is_feature": false, "is_detail": false, "is_file": false, "status": true, "created_at": "2021-03-31T13:24:59.365Z", "updated_at": "2021-03-31T13:24:59.365Z"}}, {"model": "product.product_details", "pk": 208, "fields": {"product": 41, "product_details_property_name": 34, "content": "145qr", "is_feature": false, "is_detail": false, "is_file": false, "status": true, "created_at": "2021-03-31T13:24:59.365Z", "updated_at": "2021-03-31T13:24:59.365Z"}}, {"model": "product.product_details", "pk": 209, "fields": {"product": 42, "product_details_property_name": 12, "content": "2020", "is_feature": false, "is_detail": false, "is_file": false, "status": true, "created_at": "2021-03-31T17:55:15.606Z", "updated_at": "2021-03-31T17:55:15.606Z"}}, {"model": "product.product_details", "pk": 210, "fields": {"product": 42, "product_details_property_name": 13, "content": "125GB", "is_feature": false, "is_detail": false, "is_file": false, "status": true, "created_at": "2021-03-31T17:55:15.606Z", "updated_at": "2021-03-31T17:55:15.606Z"}}, {"model": "product.product_details", "pk": 211, "fields": {"product": 42, "product_details_property_name": 16, "content": "IOS", "is_feature": false, "is_detail": false, "is_file": false, "status": true, "created_at": "2021-03-31T17:55:15.607Z", "updated_at": "2021-03-31T17:55:15.607Z"}}, {"model": "product.product_details", "pk": 212, "fields": {"product": 42, "product_details_property_name": 17, "content": "125*200", "is_feature": false, "is_detail": false, "is_file": false, "status": true, "created_at": "2021-03-31T17:55:15.607Z", "updated_at": "2021-03-31T17:55:15.608Z"}}, {"model": "product.product_details", "pk": 213, "fields": {"product": 42, "product_details_property_name": 19, "content": "8GB", "is_feature": false, "is_detail": false, "is_file": false, "status": true, "created_at": "2021-03-31T17:55:15.608Z", "updated_at": "2021-03-31T17:55:15.608Z"}}, {"model": "product.product_details", "pk": 214, "fields": {"product": 42, "product_details_property_name": 21, "content": "250Hz", "is_feature": false, "is_detail": false, "is_file": false, "status": true, "created_at": "2021-03-31T17:55:15.608Z", "updated_at": "2021-03-31T17:55:15.608Z"}}, {"model": "product.product_details", "pk": 215, "fields": {"product": 42, "product_details_property_name": 22, "content": "32MP", "is_feature": false, "is_detail": false, "is_file": false, "status": true, "created_at": "2021-03-31T17:55:15.609Z", "updated_at": "2021-03-31T17:55:15.609Z"}}, {"model": "product.product_details", "pk": 216, "fields": {"product": 42, "product_details_property_name": 23, "content": "25MP", "is_feature": false, "is_detail": false, "is_file": false, "status": true, "created_at": "2021-03-31T17:55:15.609Z", "updated_at": "2021-03-31T17:55:15.609Z"}}, {"model": "product.product_details", "pk": 217, "fields": {"product": 42, "product_details_property_name": 27, "content": "2", "is_feature": false, "is_detail": false, "is_file": false, "status": true, "created_at": "2021-03-31T17:55:15.610Z", "updated_at": "2021-03-31T17:55:15.610Z"}}, {"model": "product.product_details", "pk": 218, "fields": {"product": 42, "product_details_property_name": 32, "content": "5000MHah", "is_feature": false, "is_detail": false, "is_file": false, "status": true, "created_at": "2021-03-31T17:55:15.610Z", "updated_at": "2021-03-31T17:55:15.610Z"}}, {"model": "product.product_details", "pk": 219, "fields": {"product": 42, "product_details_property_name": 34, "content": "145qr", "is_feature": false, "is_detail": false, "is_file": false, "status": true, "created_at": "2021-03-31T17:55:15.611Z", "updated_at": "2021-03-31T17:55:15.611Z"}}, {"model": "product.product_details", "pk": 220, "fields": {"product": 43, "product_details_property_name": 12, "content": "2020", "is_feature": false, "is_detail": false, "is_file": false, "status": true, "created_at": "2021-04-01T12:12:02.466Z", "updated_at": "2021-04-01T12:12:02.466Z"}}, {"model": "product.product_details", "pk": 221, "fields": {"product": 43, "product_details_property_name": 13, "content": "125GB", "is_feature": false, "is_detail": false, "is_file": false, "status": true, "created_at": "2021-04-01T12:12:02.466Z", "updated_at": "2021-04-01T12:12:02.466Z"}}, {"model": "product.product_details", "pk": 222, "fields": {"product": 43, "product_details_property_name": 16, "content": "IOS", "is_feature": false, "is_detail": false, "is_file": false, "status": true, "created_at": "2021-04-01T12:12:02.467Z", "updated_at": "2021-04-01T12:12:02.467Z"}}, {"model": "product.product_details", "pk": 223, "fields": {"product": 43, "product_details_property_name": 17, "content": "125*200", "is_feature": false, "is_detail": false, "is_file": false, "status": true, "created_at": "2021-04-01T12:12:02.467Z", "updated_at": "2021-04-01T12:12:02.467Z"}}, {"model": "product.product_details", "pk": 224, "fields": {"product": 43, "product_details_property_name": 19, "content": "8GB", "is_feature": false, "is_detail": false, "is_file": false, "status": true, "created_at": "2021-04-01T12:12:02.468Z", "updated_at": "2021-04-01T12:12:02.468Z"}}, {"model": "product.product_details", "pk": 225, "fields": {"product": 43, "product_details_property_name": 21, "content": "250Hz", "is_feature": false, "is_detail": false, "is_file": false, "status": true, "created_at": "2021-04-01T12:12:02.468Z", "updated_at": "2021-04-01T12:12:02.468Z"}}, {"model": "product.product_details", "pk": 226, "fields": {"product": 43, "product_details_property_name": 22, "content": "32MP", "is_feature": false, "is_detail": false, "is_file": false, "status": true, "created_at": "2021-04-01T12:12:02.469Z", "updated_at": "2021-04-01T12:12:02.469Z"}}, {"model": "product.product_details", "pk": 227, "fields": {"product": 43, "product_details_property_name": 23, "content": "25MP", "is_feature": false, "is_detail": false, "is_file": false, "status": true, "created_at": "2021-04-01T12:12:02.470Z", "updated_at": "2021-04-01T12:12:02.470Z"}}, {"model": "product.product_details", "pk": 228, "fields": {"product": 43, "product_details_property_name": 27, "content": "2", "is_feature": false, "is_detail": false, "is_file": false, "status": true, "created_at": "2021-04-01T12:12:02.470Z", "updated_at": "2021-04-01T12:12:02.470Z"}}, {"model": "product.product_details", "pk": 229, "fields": {"product": 43, "product_details_property_name": 32, "content": "5000MHah", "is_feature": false, "is_detail": false, "is_file": false, "status": true, "created_at": "2021-04-01T12:12:02.471Z", "updated_at": "2021-04-01T12:12:02.471Z"}}, {"model": "product.product_details", "pk": 230, "fields": {"product": 43, "product_details_property_name": 34, "content": "145qr", "is_feature": false, "is_detail": false, "is_file": false, "status": true, "created_at": "2021-04-01T12:12:02.471Z", "updated_at": "2021-04-01T12:12:02.471Z"}}, {"model": "product.product_details", "pk": 253, "fields": {"product": 50, "product_details_property_name": 12, "content": "2020", "is_feature": false, "is_detail": false, "is_file": false, "status": true, "created_at": "2021-04-02T03:04:24.684Z", "updated_at": "2021-04-02T03:04:24.684Z"}}, {"model": "product.product_details", "pk": 254, "fields": {"product": 50, "product_details_property_name": 13, "content": "125GB", "is_feature": false, "is_detail": false, "is_file": false, "status": true, "created_at": "2021-04-02T03:04:24.685Z", "updated_at": "2021-04-02T03:04:24.685Z"}}, {"model": "product.product_details", "pk": 255, "fields": {"product": 50, "product_details_property_name": 16, "content": "IOS", "is_feature": false, "is_detail": false, "is_file": false, "status": true, "created_at": "2021-04-02T03:04:24.686Z", "updated_at": "2021-04-02T03:04:24.686Z"}}, {"model": "product.product_details", "pk": 256, "fields": {"product": 50, "product_details_property_name": 17, "content": "125*200", "is_feature": false, "is_detail": false, "is_file": false, "status": true, "created_at": "2021-04-02T03:04:24.686Z", "updated_at": "2021-04-02T03:04:24.686Z"}}, {"model": "product.product_details", "pk": 257, "fields": {"product": 50, "product_details_property_name": 19, "content": "8GB", "is_feature": false, "is_detail": false, "is_file": false, "status": true, "created_at": "2021-04-02T03:04:24.687Z", "updated_at": "2021-04-02T03:04:24.687Z"}}, {"model": "product.product_details", "pk": 258, "fields": {"product": 50, "product_details_property_name": 21, "content": "250Hz", "is_feature": false, "is_detail": false, "is_file": false, "status": true, "created_at": "2021-04-02T03:04:24.687Z", "updated_at": "2021-04-02T03:04:24.687Z"}}, {"model": "product.product_details", "pk": 259, "fields": {"product": 50, "product_details_property_name": 22, "content": "32MP", "is_feature": false, "is_detail": false, "is_file": false, "status": true, "created_at": "2021-04-02T03:04:24.688Z", "updated_at": "2021-04-02T03:04:24.688Z"}}, {"model": "product.product_details", "pk": 260, "fields": {"product": 50, "product_details_property_name": 23, "content": "25MP", "is_feature": false, "is_detail": false, "is_file": false, "status": true, "created_at": "2021-04-02T03:04:24.688Z", "updated_at": "2021-04-02T03:04:24.688Z"}}, {"model": "product.product_details", "pk": 261, "fields": {"product": 50, "product_details_property_name": 27, "content": "2", "is_feature": false, "is_detail": false, "is_file": false, "status": true, "created_at": "2021-04-02T03:04:24.688Z", "updated_at": "2021-04-02T03:04:24.688Z"}}, {"model": "product.product_details", "pk": 262, "fields": {"product": 50, "product_details_property_name": 32, "content": "5000MHah", "is_feature": false, "is_detail": false, "is_file": false, "status": true, "created_at": "2021-04-02T03:04:24.689Z", "updated_at": "2021-04-02T03:04:24.689Z"}}, {"model": "product.product_details", "pk": 263, "fields": {"product": 50, "product_details_property_name": 34, "content": "145qr", "is_feature": false, "is_detail": false, "is_file": false, "status": true, "created_at": "2021-04-02T03:04:24.690Z", "updated_at": "2021-04-02T03:04:24.690Z"}}, {"model": "product.product_details", "pk": 275, "fields": {"product": 52, "product_details_property_name": 12, "content": "2020", "is_feature": false, "is_detail": false, "is_file": false, "status": true, "created_at": "2021-04-02T06:52:11.797Z", "updated_at": "2021-04-02T06:52:11.797Z"}}, {"model": "product.product_details", "pk": 276, "fields": {"product": 52, "product_details_property_name": 13, "content": "125GB", "is_feature": false, "is_detail": false, "is_file": false, "status": true, "created_at": "2021-04-02T06:52:11.798Z", "updated_at": "2021-04-02T06:52:11.798Z"}}, {"model": "product.product_details", "pk": 277, "fields": {"product": 52, "product_details_property_name": 16, "content": "IOS", "is_feature": false, "is_detail": false, "is_file": false, "status": true, "created_at": "2021-04-02T06:52:11.798Z", "updated_at": "2021-04-02T06:52:11.798Z"}}, {"model": "product.product_details", "pk": 278, "fields": {"product": 52, "product_details_property_name": 17, "content": "125*200", "is_feature": false, "is_detail": false, "is_file": false, "status": true, "created_at": "2021-04-02T06:52:11.799Z", "updated_at": "2021-04-02T06:52:11.799Z"}}, {"model": "product.product_details", "pk": 279, "fields": {"product": 52, "product_details_property_name": 19, "content": "8GB", "is_feature": false, "is_detail": false, "is_file": false, "status": true, "created_at": "2021-04-02T06:52:11.799Z", "updated_at": "2021-04-02T06:52:11.799Z"}}, {"model": "product.product_details", "pk": 280, "fields": {"product": 52, "product_details_property_name": 21, "content": "250Hz", "is_feature": false, "is_detail": false, "is_file": false, "status": true, "created_at": "2021-04-02T06:52:11.800Z", "updated_at": "2021-04-02T06:52:11.800Z"}}, {"model": "product.product_details", "pk": 281, "fields": {"product": 52, "product_details_property_name": 22, "content": "32MP", "is_feature": false, "is_detail": false, "is_file": false, "status": true, "created_at": "2021-04-02T06:52:11.800Z", "updated_at": "2021-04-02T06:52:11.800Z"}}, {"model": "product.product_details", "pk": 282, "fields": {"product": 52, "product_details_property_name": 23, "content": "25MP", "is_feature": false, "is_detail": false, "is_file": false, "status": true, "created_at": "2021-04-02T06:52:11.801Z", "updated_at": "2021-04-02T06:52:11.801Z"}}, {"model": "product.product_details", "pk": 283, "fields": {"product": 52, "product_details_property_name": 27, "content": "2", "is_feature": false, "is_detail": false, "is_file": false, "status": true, "created_at": "2021-04-02T06:52:11.801Z", "updated_at": "2021-04-02T06:52:11.801Z"}}, {"model": "product.product_details", "pk": 284, "fields": {"product": 52, "product_details_property_name": 32, "content": "5000MHah", "is_feature": false, "is_detail": false, "is_file": false, "status": true, "created_at": "2021-04-02T06:52:11.802Z", "updated_at": "2021-04-02T06:52:11.802Z"}}, {"model": "product.product_details", "pk": 285, "fields": {"product": 52, "product_details_property_name": 34, "content": "145qr", "is_feature": false, "is_detail": false, "is_file": false, "status": true, "created_at": "2021-04-02T06:52:11.802Z", "updated_at": "2021-04-02T06:52:11.802Z"}}, {"model": "product.product_details", "pk": 286, "fields": {"product": 53, "product_details_property_name": 12, "content": "1995", "is_feature": false, "is_detail": false, "is_file": false, "status": true, "created_at": "2021-04-02T11:19:42.537Z", "updated_at": "2021-04-02T11:19:42.537Z"}}, {"model": "product.product_details", "pk": 287, "fields": {"product": 53, "product_details_property_name": 27, "content": "2", "is_feature": false, "is_detail": false, "is_file": false, "status": true, "created_at": "2021-04-02T11:19:42.538Z", "updated_at": "2021-04-02T11:19:42.538Z"}}, {"model": "product.product_details", "pk": 288, "fields": {"product": 54, "product_details_property_name": 12, "content": "1995", "is_feature": false, "is_detail": false, "is_file": false, "status": true, "created_at": "2021-04-02T13:09:13.318Z", "updated_at": "2021-04-02T13:09:13.318Z"}}, {"model": "product.product_details", "pk": 289, "fields": {"product": 54, "product_details_property_name": 27, "content": "2", "is_feature": false, "is_detail": false, "is_file": false, "status": true, "created_at": "2021-04-02T13:09:13.319Z", "updated_at": "2021-04-02T13:09:13.319Z"}}, {"model": "product.product_details", "pk": 290, "fields": {"product": 55, "product_details_property_name": 12, "content": "1995", "is_feature": false, "is_detail": false, "is_file": false, "status": true, "created_at": "2021-04-02T13:22:26.596Z", "updated_at": "2021-04-02T13:22:26.596Z"}}, {"model": "product.product_details", "pk": 291, "fields": {"product": 55, "product_details_property_name": 27, "content": "2", "is_feature": false, "is_detail": false, "is_file": false, "status": true, "created_at": "2021-04-02T13:22:26.597Z", "updated_at": "2021-04-02T13:22:26.597Z"}}, {"model": "product.product_details", "pk": 292, "fields": {"product": 56, "product_details_property_name": 12, "content": "1995", "is_feature": false, "is_detail": false, "is_file": false, "status": true, "created_at": "2021-04-02T13:37:55.974Z", "updated_at": "2021-04-02T13:37:55.974Z"}}, {"model": "product.product_details", "pk": 293, "fields": {"product": 56, "product_details_property_name": 27, "content": "2", "is_feature": false, "is_detail": false, "is_file": false, "status": true, "created_at": "2021-04-02T13:37:55.974Z", "updated_at": "2021-04-02T13:37:55.974Z"}}, {"model": "product.product_details_property_name", "pk": 12, "fields": {"title": "Istehsal ili", "status": true, "created_at": "2021-02-23T07:30:42.183Z", "updated_at": "2021-02-23T07:30:42.183Z"}}, {"model": "product.product_details_property_name", "pk": 13, "fields": {"title": "Yaddas", "status": true, "created_at": "2021-02-23T07:30:49.151Z", "updated_at": "2021-02-23T07:30:49.151Z"}}, {"model": "product.product_details_property_name", "pk": 14, "fields": {"title": "Model", "status": true, "created_at": "2021-03-04T19:52:53.701Z", "updated_at": "2021-03-04T19:52:53.701Z"}}, {"model": "product.product_details_property_name", "pk": 16, "fields": {"title": "Əməliyyat sistemi", "status": true, "created_at": "2021-03-04T19:54:46.208Z", "updated_at": "2021-03-04T19:54:46.208Z"}}, {"model": "product.product_details_property_name", "pk": 17, "fields": {"title": "Ekranın ölçüsü", "status": true, "created_at": "2021-03-04T19:55:35.930Z", "updated_at": "2021-03-04T19:55:35.930Z"}}, {"model": "product.product_details_property_name", "pk": 18, "fields": {"title": "Ekranın imkanları", "status": true, "created_at": "2021-03-04T19:55:46.416Z", "updated_at": "2021-03-04T19:55:46.416Z"}}, {"model": "product.product_details_property_name", "pk": 19, "fields": {"title": "Operativ yaddaş (RAM)", "status": true, "created_at": "2021-03-04T19:56:04.530Z", "updated_at": "2021-03-04T19:56:04.530Z"}}, {"model": "product.product_details_property_name", "pk": 20, "fields": {"title": "Daxili Yaddaş", "status": true, "created_at": "2021-03-04T19:56:18.122Z", "updated_at": "2021-03-04T19:56:18.122Z"}}, {"model": "product.product_details_property_name", "pk": 21, "fields": {"title": "Prosessor", "status": true, "created_at": "2021-03-04T19:56:31.422Z", "updated_at": "2021-03-04T19:56:31.423Z"}}, {"model": "product.product_details_property_name", "pk": 22, "fields": {"title": "Əsas Kamera", "status": true, "created_at": "2021-03-04T20:04:14.052Z", "updated_at": "2021-03-04T20:04:14.052Z"}}, {"model": "product.product_details_property_name", "pk": 23, "fields": {"title": "Ön Kamera", "status": true, "created_at": "2021-03-04T20:04:39.510Z", "updated_at": "2021-03-04T20:04:39.510Z"}}, {"model": "product.product_details_property_name", "pk": 24, "fields": {"title": "Video imkanları", "status": true, "created_at": "2021-03-04T20:04:56.574Z", "updated_at": "2021-03-04T20:04:56.574Z"}}, {"model": "product.product_details_property_name", "pk": 25, "fields": {"title": "Şəbəkə", "status": true, "created_at": "2021-03-04T20:05:20.115Z", "updated_at": "2021-03-04T20:05:20.115Z"}}, {"model": "product.product_details_property_name", "pk": 26, "fields": {"title": "Təhlükəsizlik", "status": true, "created_at": "2021-03-04T20:06:18.707Z", "updated_at": "2021-03-04T20:06:18.707Z"}}, {"model": "product.product_details_property_name", "pk": 27, "fields": {"title": "Sim-kart sayı", "status": true, "created_at": "2021-03-04T20:06:33.540Z", "updated_at": "2021-03-04T20:06:33.540Z"}}, {"model": "product.product_details_property_name", "pk": 28, "fields": {"title": "Yaddaş kart dəstəyi", "status": true, "created_at": "2021-03-04T20:06:48.603Z", "updated_at": "2021-03-04T20:06:48.603Z"}}, {"model": "product.product_details_property_name", "pk": 29, "fields": {"title": "NFC", "status": true, "created_at": "2021-03-04T20:06:59.232Z", "updated_at": "2021-03-04T20:06:59.232Z"}}, {"model": "product.product_details_property_name", "pk": 30, "fields": {"title": "Su və toz davamlılığı", "status": true, "created_at": "2021-03-04T20:07:10.403Z", "updated_at": "2021-03-04T20:07:10.403Z"}}, {"model": "product.product_details_property_name", "pk": 31, "fields": {"title": "Naqilsiz şarj", "status": true, "created_at": "2021-03-04T20:07:20.565Z", "updated_at": "2021-03-04T20:07:20.565Z"}}, {"model": "product.product_details_property_name", "pk": 32, "fields": {"title": "Batareya növü və tutumu", "status": true, "created_at": "2021-03-04T20:07:35.336Z", "updated_at": "2021-03-04T20:07:35.336Z"}}, {"model": "product.product_details_property_name", "pk": 33, "fields": {"title": "Ölçülər", "status": true, "created_at": "2021-03-04T20:07:49.176Z", "updated_at": "2021-03-04T20:07:49.176Z"}}, {"model": "product.product_details_property_name", "pk": 34, "fields": {"title": "Çəki", "status": true, "created_at": "2021-03-04T20:07:57.941Z", "updated_at": "2021-03-04T20:07:57.941Z"}}, {"model": "product.product_details_property_name", "pk": 35, "fields": {"title": "Nüvələrin sayı", "status": true, "created_at": "2021-03-04T23:22:25.745Z", "updated_at": "2021-03-04T23:22:25.745Z"}}, {"model": "product.product_details_property_name", "pk": 36, "fields": {"title": "Videokart növü", "status": true, "created_at": "2021-03-04T23:22:41.142Z", "updated_at": "2021-03-04T23:22:41.142Z"}}, {"model": "product.product_details_property_name", "pk": 37, "fields": {"title": "Mikrofon", "status": true, "created_at": "2021-03-04T23:22:52.146Z", "updated_at": "2021-03-04T23:22:52.146Z"}}, {"model": "product.product_details_property_name", "pk": 38, "fields": {"title": "Wi-Fi", "status": true, "created_at": "2021-03-04T23:23:03.548Z", "updated_at": "2021-03-04T23:23:03.548Z"}}, {"model": "product.product_details_property_name", "pk": 39, "fields": {"title": "Enerji yığma müddəti", "status": true, "created_at": "2021-03-04T23:56:35.667Z", "updated_at": "2021-03-04T23:56:35.667Z"}}, {"model": "product.product_details_property_name", "pk": 40, "fields": {"title": "İşləmə müddəti", "status": true, "created_at": "2021-03-04T23:56:50.179Z", "updated_at": "2021-03-04T23:56:50.179Z"}}, {"model": "product.product_details_property_name", "pk": 41, "fields": {"title": "Bluetooth məsafəsi", "status": true, "created_at": "2021-03-04T23:57:02.536Z", "updated_at": "2021-03-04T23:57:02.536Z"}}, {"model": "product.product_details_property_name", "pk": 42, "fields": {"title": "Zəngə cavab və imtina", "status": true, "created_at": "2021-03-04T23:57:15.454Z", "updated_at": "2021-03-04T23:57:15.454Z"}}, {"model": "product.product_details_property_value", "pk": 8, "fields": {"content": "2020", "file": "", "status": true, "created_at": "2021-02-23T07:30:10.338Z", "updated_at": "2021-02-23T07:30:10.338Z"}}, {"model": "product.product_details_property_value", "pk": 10, "fields": {"content": "Android 11, One UI 3.1", "file": "", "status": true, "created_at": "2021-03-04T20:10:21.234Z", "updated_at": "2021-03-04T20:10:21.234Z"}}, {"model": "product.product_details_property_value", "pk": 11, "fields": {"content": "6.2\"", "file": "", "status": true, "created_at": "2021-03-04T20:10:31.046Z", "updated_at": "2021-03-04T20:10:31.046Z"}}, {"model": "product.product_details_property_value", "pk": 12, "fields": {"content": "1080 x 2400 px", "file": "", "status": true, "created_at": "2021-03-04T20:10:41.011Z", "updated_at": "2021-03-04T20:10:41.011Z"}}, {"model": "product.product_details_property_value", "pk": 13, "fields": {"content": "8 GB", "file": "", "status": true, "created_at": "2021-03-04T20:11:03.073Z", "updated_at": "2021-03-04T20:11:03.073Z"}}, {"model": "product.product_details_property_value", "pk": 14, "fields": {"content": "128 GB", "file": "", "status": true, "created_at": "2021-03-04T20:11:14.530Z", "updated_at": "2021-03-04T20:11:14.530Z"}}, {"model": "product.product_details_property_value", "pk": 15, "fields": {"content": "Exynos 2100", "file": "", "status": true, "created_at": "2021-03-04T20:11:26.460Z", "updated_at": "2021-03-04T20:11:26.460Z"}}, {"model": "product.product_details_property_value", "pk": 16, "fields": {"content": "12 + 12 + 64 MP", "file": "", "status": true, "created_at": "2021-03-04T20:11:36.963Z", "updated_at": "2021-03-04T20:11:36.963Z"}}, {"model": "product.product_details_property_value", "pk": 17, "fields": {"content": "10 MP", "file": "", "status": true, "created_at": "2021-03-04T20:11:57.350Z", "updated_at": "2021-03-04T20:11:57.350Z"}}, {"model": "product.product_details_property_value", "pk": 18, "fields": {"content": "8K@30fps, 4K@30/60fps, 1080p@30/60/120fps, 720p@96", "file": "", "status": true, "created_at": "2021-03-04T20:12:27.268Z", "updated_at": "2021-03-04T20:12:27.268Z"}}, {"model": "product.product_details_property_value", "pk": 19, "fields": {"content": "GSM / CDMA / HSPA / EVDO / LTE / 5G", "file": "", "status": true, "created_at": "2021-03-04T20:12:38.943Z", "updated_at": "2021-03-04T20:12:38.943Z"}}, {"model": "product.product_details_property_value", "pk": 20, "fields": {"content": "-", "file": "", "status": true, "created_at": "2021-03-04T20:12:56.024Z", "updated_at": "2021-03-04T20:12:56.024Z"}}, {"model": "product.product_details_property_value", "pk": 21, "fields": {"content": "Finger print, FaceID, PIN", "file": "", "status": true, "created_at": "2021-03-04T20:13:42.631Z", "updated_at": "2021-03-04T20:13:42.631Z"}}, {"model": "product.product_details_property_value", "pk": 22, "fields": {"content": "2", "file": "", "status": true, "created_at": "2021-03-04T20:13:52.407Z", "updated_at": "2021-03-04T20:13:52.407Z"}}, {"model": "product.product_details_property_value", "pk": 23, "fields": {"content": "Var", "file": "", "status": true, "created_at": "2021-03-04T20:14:03.945Z", "updated_at": "2021-03-04T20:14:03.945Z"}}, {"model": "product.product_details_property_value", "pk": 24, "fields": {"content": "IP68", "file": "", "status": true, "created_at": "2021-03-04T20:14:15.930Z", "updated_at": "2021-03-04T20:14:15.930Z"}}, {"model": "product.product_details_property_value", "pk": 25, "fields": {"content": "Li-Po 4000 mAh", "file": "", "status": true, "created_at": "2021-03-04T20:14:28.801Z", "updated_at": "2021-03-04T20:14:28.801Z"}}, {"model": "product.product_details_property_value", "pk": 26, "fields": {"content": "71.2 x 151.7 x 7.9 mm", "file": "", "status": true, "created_at": "2021-03-04T20:14:50.227Z", "updated_at": "2021-03-04T20:14:50.227Z"}}, {"model": "product.product_details_property_value", "pk": 27, "fields": {"content": "171 q", "file": "", "status": true, "created_at": "2021-03-04T20:15:01.555Z", "updated_at": "2021-03-04T20:15:01.555Z"}}, {"model": "product.product_details_property_value", "pk": 29, "fields": {"content": "Android 9.0 (Pie), up to Android 10.0; MIUI 11", "file": "", "status": true, "created_at": "2021-03-04T21:19:14.141Z", "updated_at": "2021-03-04T21:19:14.141Z"}}, {"model": "product.product_details_property_value", "pk": 30, "fields": {"content": "6.53\"", "file": "", "status": true, "created_at": "2021-03-04T21:19:26.370Z", "updated_at": "2021-03-04T21:19:26.370Z"}}, {"model": "product.product_details_property_value", "pk": 31, "fields": {"content": "1080 x 2340 px", "file": "", "status": true, "created_at": "2021-03-04T21:19:42.669Z", "updated_at": "2021-03-04T21:19:42.669Z"}}, {"model": "product.product_details_property_value", "pk": 32, "fields": {"content": "6 GB", "file": "", "status": true, "created_at": "2021-03-04T21:20:03.452Z", "updated_at": "2021-03-04T21:20:03.452Z"}}, {"model": "product.product_details_property_value", "pk": 33, "fields": {"content": "64 GB", "file": "", "status": true, "created_at": "2021-03-04T21:20:15.802Z", "updated_at": "2021-03-04T21:20:15.802Z"}}, {"model": "product.product_details_property_value", "pk": 34, "fields": {"content": "Mediatek Helio G90T (12nm)", "file": "", "status": true, "created_at": "2021-03-04T21:20:32.288Z", "updated_at": "2021-03-04T21:20:32.288Z"}}, {"model": "product.product_details_property_value", "pk": 35, "fields": {"content": "64 + 8 + 2 + 2 MP", "file": "", "status": true, "created_at": "2021-03-04T21:20:44.993Z", "updated_at": "2021-03-04T21:20:44.993Z"}}, {"model": "product.product_details_property_value", "pk": 36, "fields": {"content": "20 MP", "file": "", "status": true, "created_at": "2021-03-04T21:20:59.746Z", "updated_at": "2021-03-04T21:20:59.746Z"}}, {"model": "product.product_details_property_value", "pk": 37, "fields": {"content": "2160p@30fps, 1080p@30/60/120fps, 720p@960fps, gyro", "file": "", "status": true, "created_at": "2021-03-04T21:21:09.558Z", "updated_at": "2021-03-04T21:21:09.558Z"}}, {"model": "product.product_details_property_value", "pk": 38, "fields": {"content": "GSM / HSPA / LTE", "file": "", "status": true, "created_at": "2021-03-04T21:23:29.590Z", "updated_at": "2021-03-04T21:23:29.590Z"}}, {"model": "product.product_details_property_value", "pk": 39, "fields": {"content": "FM radio", "file": "", "status": true, "created_at": "2021-03-04T21:23:51.995Z", "updated_at": "2021-03-04T21:23:51.995Z"}}, {"model": "product.product_details_property_value", "pk": 40, "fields": {"content": "161.4 x 76.4 x 8.8 mm", "file": "", "status": true, "created_at": "2021-03-04T21:24:20.278Z", "updated_at": "2021-03-04T21:24:20.278Z"}}, {"model": "product.product_details_property_value", "pk": 41, "fields": {"content": "200 q", "file": "", "status": true, "created_at": "2021-03-04T21:25:01.607Z", "updated_at": "2021-03-04T21:25:01.607Z"}}, {"model": "product.product_details_property_value", "pk": 42, "fields": {"content": "iPadOS 13.4", "file": "", "status": true, "created_at": "2021-03-04T21:47:05.708Z", "updated_at": "2021-03-04T21:47:05.708Z"}}, {"model": "product.product_details_property_value", "pk": 43, "fields": {"content": "12.9\"", "file": "", "status": true, "created_at": "2021-03-04T21:47:17.299Z", "updated_at": "2021-03-04T21:47:17.299Z"}}, {"model": "product.product_details_property_value", "pk": 44, "fields": {"content": "2048 x 2732 px", "file": "", "status": true, "created_at": "2021-03-04T21:47:26.847Z", "updated_at": "2021-03-04T21:47:26.847Z"}}, {"model": "product.product_details_property_value", "pk": 45, "fields": {"content": "Apple A12Z Bionic", "file": "", "status": true, "created_at": "2021-03-04T21:47:37.249Z", "updated_at": "2021-03-04T21:47:37.249Z"}}, {"model": "product.product_details_property_value", "pk": 46, "fields": {"content": "12 + 10 MP", "file": "", "status": true, "created_at": "2021-03-04T21:47:49.965Z", "updated_at": "2021-03-04T21:47:49.965Z"}}, {"model": "product.product_details_property_value", "pk": 47, "fields": {"content": "7 MP", "file": "", "status": true, "created_at": "2021-03-04T21:47:59.619Z", "updated_at": "2021-03-04T21:47:59.619Z"}}, {"model": "product.product_details_property_value", "pk": 48, "fields": {"content": "2160p@24/30/60fps, 1080p@30/60/120/240fps; gyro-EI", "file": "", "status": true, "created_at": "2021-03-04T21:48:09.238Z", "updated_at": "2021-03-04T21:48:09.238Z"}}, {"model": "product.product_details_property_value", "pk": 49, "fields": {"content": "Li-Po 9720 mAh", "file": "", "status": true, "created_at": "2021-03-04T21:48:43.732Z", "updated_at": "2021-03-04T21:48:43.732Z"}}, {"model": "product.product_details_property_value", "pk": 50, "fields": {"content": "280.6 x 214.9 x 5.9 mm", "file": "", "status": true, "created_at": "2021-03-04T21:48:59.797Z", "updated_at": "2021-03-04T21:48:59.797Z"}}, {"model": "product.product_details_property_value", "pk": 51, "fields": {"content": "641 q", "file": "", "status": true, "created_at": "2021-03-04T21:49:09.717Z", "updated_at": "2021-03-04T21:49:09.717Z"}}, {"model": "product.product_details_property_value", "pk": 52, "fields": {"content": "Android 9.0 (Pie), up to Android 10, One UI 2", "file": "", "status": true, "created_at": "2021-03-04T22:17:15.047Z", "updated_at": "2021-03-04T22:17:15.047Z"}}, {"model": "product.product_details_property_value", "pk": 53, "fields": {"content": "Qualcomm SM8150 Snapdragon 855 (7 nm)", "file": "", "status": true, "created_at": "2021-03-04T22:17:25.066Z", "updated_at": "2021-03-04T22:17:25.066Z"}}, {"model": "product.product_details_property_value", "pk": 54, "fields": {"content": "13 + 5 MP", "file": "", "status": true, "created_at": "2021-03-04T22:17:39.010Z", "updated_at": "2021-03-04T22:17:39.010Z"}}, {"model": "product.product_details_property_value", "pk": 55, "fields": {"content": "8 MP", "file": "", "status": true, "created_at": "2021-03-04T22:17:48.193Z", "updated_at": "2021-03-04T22:17:48.193Z"}}, {"model": "product.product_details_property_value", "pk": 56, "fields": {"content": "4K@30fps, 1080p@30fps", "file": "", "status": true, "created_at": "2021-03-04T22:17:56.716Z", "updated_at": "2021-03-04T22:17:56.716Z"}}, {"model": "product.product_details_property_value", "pk": 57, "fields": {"content": "1.8\"", "file": "", "status": true, "created_at": "2021-03-04T22:24:46.045Z", "updated_at": "2021-03-04T22:24:46.045Z"}}, {"model": "product.product_details_property_value", "pk": 58, "fields": {"content": "120 x 160 px", "file": "", "status": true, "created_at": "2021-03-04T22:24:56.703Z", "updated_at": "2021-03-04T22:24:56.703Z"}}, {"model": "product.product_details_property_value", "pk": 59, "fields": {"content": "GSM", "file": "", "status": true, "created_at": "2021-03-04T22:25:09.039Z", "updated_at": "2021-03-04T22:25:09.039Z"}}, {"model": "product.product_details_property_value", "pk": 60, "fields": {"content": "Windows 10", "file": "", "status": true, "created_at": "2021-03-04T23:25:59.109Z", "updated_at": "2021-03-04T23:25:59.109Z"}}, {"model": "product.product_details_property_value", "pk": 61, "fields": {"content": "13.3\"", "file": "", "status": true, "created_at": "2021-03-04T23:26:14.992Z", "updated_at": "2021-03-04T23:26:14.992Z"}}, {"model": "product.product_details_property_value", "pk": 62, "fields": {"content": "4", "file": "", "status": true, "created_at": "2021-03-04T23:26:27.728Z", "updated_at": "2021-03-04T23:26:27.728Z"}}, {"model": "product.product_details_property_value", "pk": 63, "fields": {"content": "Intel Core i5-8265U", "file": "", "status": true, "created_at": "2021-03-04T23:26:55.754Z", "updated_at": "2021-03-04T23:26:55.754Z"}}, {"model": "product.product_details_property_value", "pk": 64, "fields": {"content": "Full HD (1920 x 1080 px)", "file": "", "status": true, "created_at": "2021-03-04T23:27:08.198Z", "updated_at": "2021-03-04T23:27:08.198Z"}}, {"model": "product.product_details_property_value", "pk": 65, "fields": {"content": "0.97 kq", "file": "", "status": true, "created_at": "2021-03-04T23:27:35.270Z", "updated_at": "2021-03-04T23:27:35.270Z"}}, {"model": "product.product_details_property_value", "pk": 66, "fields": {"content": "Apple M1", "file": "", "status": true, "created_at": "2021-03-04T23:41:47.500Z", "updated_at": "2021-03-04T23:41:47.500Z"}}, {"model": "product.product_details_property_value", "pk": 67, "fields": {"content": "8", "file": "", "status": true, "created_at": "2021-03-04T23:41:55.604Z", "updated_at": "2021-03-04T23:41:55.604Z"}}, {"model": "product.product_details_property_value", "pk": 68, "fields": {"content": "macOS Big Sur", "file": "", "status": true, "created_at": "2021-03-04T23:42:19.632Z", "updated_at": "2021-03-04T23:42:19.632Z"}}, {"model": "product.product_details_property_value", "pk": 70, "fields": {"content": "13.3\" IPS LED 60 Hz", "file": "", "status": true, "created_at": "2021-03-04T23:42:31.206Z", "updated_at": "2021-03-04T23:42:31.206Z"}}, {"model": "product.product_details_property_value", "pk": 71, "fields": {"content": "Retina (2560 x 1600 px)", "file": "", "status": true, "created_at": "2021-03-04T23:42:54.169Z", "updated_at": "2021-03-04T23:42:54.169Z"}}, {"model": "product.product_details_property_value", "pk": 72, "fields": {"content": "M1 7-core", "file": "", "status": true, "created_at": "2021-03-04T23:43:10.254Z", "updated_at": "2021-03-04T23:43:10.254Z"}}, {"model": "product.product_details_property_value", "pk": 73, "fields": {"content": "Intel Core i7-10750H", "file": "", "status": true, "created_at": "2021-03-04T23:48:56.469Z", "updated_at": "2021-03-04T23:48:56.469Z"}}, {"model": "product.product_details_property_value", "pk": 74, "fields": {"content": "FreeDOS", "file": "", "status": true, "created_at": "2021-03-04T23:49:26.899Z", "updated_at": "2021-03-04T23:49:26.899Z"}}, {"model": "product.product_details_property_value", "pk": 75, "fields": {"content": "17.3\"", "file": "", "status": true, "created_at": "2021-03-04T23:49:37.425Z", "updated_at": "2021-03-04T23:49:37.425Z"}}, {"model": "product.product_details_property_value", "pk": 76, "fields": {"content": "Full HD (1920 x 1080 px) IPS", "file": "", "status": true, "created_at": "2021-03-04T23:49:51.865Z", "updated_at": "2021-03-04T23:49:51.865Z"}}, {"model": "product.product_details_property_value", "pk": 77, "fields": {"content": "1 TB HDD + 256 GB SSD", "file": "", "status": true, "created_at": "2021-03-04T23:50:01.492Z", "updated_at": "2021-03-04T23:50:01.492Z"}}, {"model": "product.product_details_property_value", "pk": 78, "fields": {"content": "NVIDIA GeForce RTX 2060 6 GB", "file": "", "status": true, "created_at": "2021-03-04T23:50:10.749Z", "updated_at": "2021-03-04T23:50:10.750Z"}}, {"model": "product.product_details_property_value", "pk": 79, "fields": {"content": "3.33 kq", "file": "", "status": true, "created_at": "2021-03-04T23:50:28.791Z", "updated_at": "2021-03-04T23:50:28.791Z"}}, {"model": "product.product_details_property_value", "pk": 80, "fields": {"content": "2 saat", "file": "", "status": true, "created_at": "2021-03-04T23:58:17.375Z", "updated_at": "2021-03-04T23:58:17.375Z"}}, {"model": "product.product_details_property_value", "pk": 81, "fields": {"content": "6 saat", "file": "", "status": true, "created_at": "2021-03-04T23:58:27.599Z", "updated_at": "2021-03-04T23:58:27.599Z"}}, {"model": "product.product_details_property_value", "pk": 82, "fields": {"content": "10 m", "file": "", "status": true, "created_at": "2021-03-04T23:58:38.546Z", "updated_at": "2021-03-04T23:58:38.546Z"}}, {"model": "product.product_details_property_value", "pk": 83, "fields": {"content": "IPX5", "file": "", "status": true, "created_at": "2021-03-04T23:58:55.825Z", "updated_at": "2021-03-04T23:58:55.825Z"}}, {"model": "product.product_images", "pk": 33, "fields": {"product": 26, "image": "product_images/miA2_Bccs88v.jpeg", "is_main": false, "is_second_main": true, "status": true, "created_at": "2021-03-29T21:50:52.103Z", "updated_at": "2021-03-31T05:02:09.031Z"}}, {"model": "product.product_images", "pk": 34, "fields": {"product": 26, "image": "product_images/1iphone-12-blue-min.jpeg", "is_main": true, "is_second_main": false, "status": true, "created_at": "2021-03-29T21:50:52.126Z", "updated_at": "2021-03-31T05:02:09.004Z"}}, {"model": "product.product_images", "pk": 35, "fields": {"product": 27, "image": "product_images/1iphone-12-red-min.jpeg", "is_main": true, "is_second_main": false, "status": true, "created_at": "2021-03-31T05:08:33.266Z", "updated_at": "2021-03-31T05:08:33.266Z"}}, {"model": "product.product_images", "pk": 36, "fields": {"product": 27, "image": "product_images/miA2_yeo7t77.jpeg", "is_main": false, "is_second_main": true, "status": true, "created_at": "2021-03-31T05:08:33.294Z", "updated_at": "2021-03-31T05:08:33.294Z"}}, {"model": "product.product_images", "pk": 37, "fields": {"product": 28, "image": "product_images/1iphone-12-white-min.jpeg", "is_main": true, "is_second_main": false, "status": true, "created_at": "2021-03-31T06:12:24.050Z", "updated_at": "2021-03-31T06:12:24.050Z"}}, {"model": "product.product_images", "pk": 38, "fields": {"product": 28, "image": "product_images/miA2_sjaXDi4.jpeg", "is_main": false, "is_second_main": true, "status": true, "created_at": "2021-03-31T06:12:24.078Z", "updated_at": "2021-03-31T06:12:24.078Z"}}, {"model": "product.product_images", "pk": 39, "fields": {"product": 29, "image": "product_images/1iphone-12-black-min.jpeg", "is_main": true, "is_second_main": false, "status": true, "created_at": "2021-03-31T06:20:14.440Z", "updated_at": "2021-03-31T06:20:14.440Z"}}, {"model": "product.product_images", "pk": 40, "fields": {"product": 29, "image": "product_images/miA2_2K3jFpN.jpeg", "is_main": false, "is_second_main": true, "status": true, "created_at": "2021-03-31T06:20:14.468Z", "updated_at": "2021-03-31T06:20:14.468Z"}}, {"model": "product.product_images", "pk": 45, "fields": {"product": 32, "image": "product_images/miA2_QAFSpdj.jpeg", "is_main": false, "is_second_main": true, "status": true, "created_at": "2021-03-31T07:13:29.634Z", "updated_at": "2021-03-31T07:13:29.634Z"}}, {"model": "product.product_images", "pk": 46, "fields": {"product": 32, "image": "product_images/1iphone-12-green-min_du6WB2e.jpeg", "is_main": true, "is_second_main": false, "status": true, "created_at": "2021-03-31T07:13:29.672Z", "updated_at": "2021-03-31T07:13:29.672Z"}}, {"model": "product.product_images", "pk": 47, "fields": {"product": 33, "image": "product_images/xiaomi-redmi-note-10-black-min_81sAMtN.jpeg", "is_main": true, "is_second_main": false, "status": true, "created_at": "2021-03-31T08:24:01.174Z", "updated_at": "2021-03-31T08:24:01.174Z"}}, {"model": "product.product_images", "pk": 48, "fields": {"product": 33, "image": "product_images/miA2_EftCATa.jpeg", "is_main": false, "is_second_main": true, "status": true, "created_at": "2021-03-31T08:24:01.202Z", "updated_at": "2021-03-31T08:24:01.202Z"}}, {"model": "product.product_images", "pk": 49, "fields": {"product": 34, "image": "product_images/miA2_HhXiteA.jpeg", "is_main": false, "is_second_main": true, "status": true, "created_at": "2021-03-31T08:42:07.405Z", "updated_at": "2021-03-31T08:42:07.405Z"}}, {"model": "product.product_images", "pk": 50, "fields": {"product": 34, "image": "product_images/redmi-9t-orange-min.jpeg", "is_main": true, "is_second_main": false, "status": true, "created_at": "2021-03-31T08:42:07.444Z", "updated_at": "2021-03-31T08:42:07.444Z"}}, {"model": "product.product_images", "pk": 51, "fields": {"product": 35, "image": "product_images/redmi-note-9t-sdkjvlgk-min.jpeg", "is_main": true, "is_second_main": false, "status": true, "created_at": "2021-03-31T08:48:20.533Z", "updated_at": "2021-03-31T08:48:20.533Z"}}, {"model": "product.product_images", "pk": 52, "fields": {"product": 35, "image": "product_images/miA2_HDK668m.jpeg", "is_main": false, "is_second_main": true, "status": true, "created_at": "2021-03-31T08:48:20.562Z", "updated_at": "2021-03-31T08:48:20.562Z"}}, {"model": "product.product_images", "pk": 53, "fields": {"product": 36, "image": "product_images/miA2_NB52ziB.jpeg", "is_main": false, "is_second_main": true, "status": true, "created_at": "2021-03-31T10:26:49.646Z", "updated_at": "2021-03-31T10:26:49.646Z"}}, {"model": "product.product_images", "pk": 54, "fields": {"product": 36, "image": "product_images/redmi_note_9_green-min.jpeg", "is_main": true, "is_second_main": false, "status": true, "created_at": "2021-03-31T10:26:49.685Z", "updated_at": "2021-03-31T10:26:49.685Z"}}, {"model": "product.product_images", "pk": 55, "fields": {"product": 37, "image": "product_images/samsung-galaxy-s20-plus-black-1.jpeg", "is_main": true, "is_second_main": false, "status": true, "created_at": "2021-03-31T10:36:17.117Z", "updated_at": "2021-03-31T10:36:17.117Z"}}, {"model": "product.product_images", "pk": 56, "fields": {"product": 37, "image": "product_images/miA2_cugPBpy.jpeg", "is_main": false, "is_second_main": true, "status": true, "created_at": "2021-03-31T10:36:17.145Z", "updated_at": "2021-03-31T10:36:17.145Z"}}, {"model": "product.product_images", "pk": 57, "fields": {"product": 38, "image": "product_images/miA2_GrHxule.jpeg", "is_main": false, "is_second_main": true, "status": true, "created_at": "2021-03-31T10:47:53.402Z", "updated_at": "2021-03-31T10:47:53.402Z"}}, {"model": "product.product_images", "pk": 58, "fields": {"product": 38, "image": "product_images/galax.jpeg", "is_main": true, "is_second_main": false, "status": true, "created_at": "2021-03-31T10:47:53.454Z", "updated_at": "2021-03-31T10:47:53.454Z"}}, {"model": "product.product_images", "pk": 59, "fields": {"product": 39, "image": "product_images/a107_red_1.jpeg", "is_main": true, "is_second_main": false, "status": true, "created_at": "2021-03-31T10:59:11.602Z", "updated_at": "2021-03-31T10:59:11.602Z"}}, {"model": "product.product_images", "pk": 60, "fields": {"product": 39, "image": "product_images/miA2_DkNf6eL.jpeg", "is_main": false, "is_second_main": true, "status": true, "created_at": "2021-03-31T10:59:11.630Z", "updated_at": "2021-03-31T10:59:11.630Z"}}, {"model": "product.product_images", "pk": 61, "fields": {"product": 40, "image": "product_images/miA2_6hPwOGF.jpeg", "is_main": false, "is_second_main": true, "status": true, "created_at": "2021-03-31T11:07:42.402Z", "updated_at": "2021-03-31T11:07:42.402Z"}}, {"model": "product.product_images", "pk": 62, "fields": {"product": 40, "image": "product_images/ipad_pro_2020.jpeg", "is_main": true, "is_second_main": false, "status": true, "created_at": "2021-03-31T11:07:42.447Z", "updated_at": "2021-03-31T11:07:42.447Z"}}, {"model": "product.product_images", "pk": 63, "fields": {"product": 41, "image": "product_images/Screen_Shot_2021-03-24_at_6.59.10_PM.apng", "is_main": true, "is_second_main": false, "status": true, "created_at": "2021-03-31T13:24:59.330Z", "updated_at": "2021-04-01T12:15:10.030Z"}}, {"model": "product.product_images", "pk": 64, "fields": {"product": 41, "image": "product_images/Screen_Shot_2021-03-22_at_4.42.31_PM_WLxMdag.apng", "is_main": false, "is_second_main": true, "status": true, "created_at": "2021-03-31T13:24:59.358Z", "updated_at": "2021-04-01T12:15:09.923Z"}}, {"model": "product.product_images", "pk": 65, "fields": {"product": 42, "image": "product_images/photo5195140519838199030_vtAW99i.jpeg", "is_main": true, "is_second_main": false, "status": true, "created_at": "2021-03-31T17:55:15.562Z", "updated_at": "2021-03-31T17:55:15.562Z"}}, {"model": "product.product_images", "pk": 66, "fields": {"product": 42, "image": "product_images/photo5195140519838199030_BGKwCqh.jpeg", "is_main": false, "is_second_main": true, "status": true, "created_at": "2021-03-31T17:55:15.605Z", "updated_at": "2021-03-31T17:55:15.605Z"}}, {"model": "product.product_images", "pk": 67, "fields": {"product": 43, "image": "product_images/Screen_Shot_2021-03-22_at_4.42.31_PM.apng", "is_main": false, "is_second_main": true, "status": true, "created_at": "2021-04-01T12:12:02.398Z", "updated_at": "2021-04-01T12:12:02.398Z"}}, {"model": "product.product_images", "pk": 68, "fields": {"product": 43, "image": "product_images/Screen_Shot_2021-03-24_at_2.53.49_AM.apng", "is_main": true, "is_second_main": false, "status": true, "created_at": "2021-04-01T12:12:02.464Z", "updated_at": "2021-04-01T12:12:02.465Z"}}, {"model": "product.product_images", "pk": 71, "fields": {"product": 50, "image": "product_images/sumsung-blue.jpeg", "is_main": true, "is_second_main": false, "status": true, "created_at": "2021-04-02T03:04:24.657Z", "updated_at": "2021-04-02T03:05:01.978Z"}}, {"model": "product.product_images", "pk": 72, "fields": {"product": 50, "image": "product_images/miA2_BmCFi7L.jpeg", "is_main": false, "is_second_main": true, "status": true, "created_at": "2021-04-02T03:04:24.683Z", "updated_at": "2021-04-02T03:05:01.977Z"}}, {"model": "product.product_images", "pk": 75, "fields": {"product": 52, "image": "product_images/lenovo-tab-m10-x505x_wLLFiSK.jpeg", "is_main": true, "is_second_main": false, "status": true, "created_at": "2021-04-02T06:52:11.768Z", "updated_at": "2021-04-02T06:52:11.768Z"}}, {"model": "product.product_images", "pk": 76, "fields": {"product": 52, "image": "product_images/miA2_CgGRb5x.jpeg", "is_main": false, "is_second_main": true, "status": true, "created_at": "2021-04-02T06:52:11.796Z", "updated_at": "2021-04-02T06:52:11.796Z"}}, {"model": "product.product_images", "pk": 77, "fields": {"product": 53, "image": "product_images/nokia-210.jpeg", "is_main": true, "is_second_main": false, "status": true, "created_at": "2021-04-02T11:19:42.510Z", "updated_at": "2021-04-02T11:19:42.510Z"}}, {"model": "product.product_images", "pk": 78, "fields": {"product": 53, "image": "product_images/miA2_sxfc7PL.jpeg", "is_main": false, "is_second_main": true, "status": true, "created_at": "2021-04-02T11:19:42.536Z", "updated_at": "2021-04-02T11:19:42.536Z"}}, {"model": "product.product_images", "pk": 79, "fields": {"product": 54, "image": "product_images/miA2_5kK5XvE.jpeg", "is_main": false, "is_second_main": true, "status": true, "created_at": "2021-04-02T13:09:13.282Z", "updated_at": "2021-04-02T13:09:13.282Z"}}, {"model": "product.product_images", "pk": 80, "fields": {"product": 54, "image": "product_images/nokia-130-841.jpeg", "is_main": true, "is_second_main": false, "status": true, "created_at": "2021-04-02T13:09:13.317Z", "updated_at": "2021-04-02T13:09:13.317Z"}}, {"model": "product.product_images", "pk": 81, "fields": {"product": 55, "image": "product_images/nokia-150-blue.jpeg", "is_main": true, "is_second_main": false, "status": true, "created_at": "2021-04-02T13:22:26.567Z", "updated_at": "2021-04-02T13:22:26.567Z"}}, {"model": "product.product_images", "pk": 82, "fields": {"product": 55, "image": "product_images/miA2_6KP45BY.jpeg", "is_main": false, "is_second_main": true, "status": true, "created_at": "2021-04-02T13:22:26.595Z", "updated_at": "2021-04-02T13:22:26.595Z"}}, {"model": "product.product_images", "pk": 83, "fields": {"product": 56, "image": "product_images/miA2_B17DSny.jpeg", "is_main": false, "is_second_main": true, "status": true, "created_at": "2021-04-02T13:37:55.931Z", "updated_at": "2021-04-02T13:37:55.931Z"}}, {"model": "product.product_images", "pk": 84, "fields": {"product": 56, "image": "product_images/Nokia-230-black-min_1.jpeg", "is_main": true, "is_second_main": false, "status": true, "created_at": "2021-04-02T13:37:55.972Z", "updated_at": "2021-04-02T13:37:55.972Z"}}, {"model": "account.customer", "pk": 9, "fields": {"device": "74856e3f-aa9a-49f6-a215-61d806c43681"}}, {"model": "account.customer", "pk": 10, "fields": {"device": "8522a269-58a8-49e0-96a2-267321a6b606"}}, {"model": "account.customer", "pk": 11, "fields": {"device": "elrjclkej1c65c16"}}, {"model": "account.customer", "pk": 12, "fields": {"device": "hfjhfgfhgdfdgfdgfdhh"}}, {"model": "account.customer", "pk": 13, "fields": {"device": "sasasasasasasasasaqdqdqdqd"}}, {"model": "account.customer", "pk": 14, "fields": {"device": "kjhbkjhb1651651"}}, {"model": "order.order", "pk": 27, "fields": {"name": null, "surname": null, "email": null, "tel_number": null, "customer": 9, "complete": false, "transaction_id": null, "message": "", "status": true, "created_at": "2021-03-29T21:51:01.235Z", "updated_at": "2021-03-29T21:51:01.235Z"}}, {"model": "order.order", "pk": 28, "fields": {"name": null, "surname": null, "email": null, "tel_number": null, "customer": 10, "complete": false, "transaction_id": null, "message": "", "status": true, "created_at": "2021-03-29T21:57:33.471Z", "updated_at": "2021-03-29T21:57:33.471Z"}}, {"model": "order.order", "pk": 29, "fields": {"name": null, "surname": null, "email": null, "tel_number": null, "customer": 11, "complete": false, "transaction_id": null, "message": "", "status": true, "created_at": "2021-04-02T12:16:49.610Z", "updated_at": "2021-04-02T12:16:49.610Z"}}, {"model": "order.order", "pk": 30, "fields": {"name": null, "surname": null, "email": null, "tel_number": null, "customer": 12, "complete": false, "transaction_id": null, "message": "", "status": true, "created_at": "2021-04-03T01:07:41.269Z", "updated_at": "2021-04-03T01:07:41.269Z"}}, {"model": "order.order", "pk": 31, "fields": {"name": null, "surname": null, "email": null, "tel_number": null, "customer": 13, "complete": false, "transaction_id": null, "message": "", "status": true, "created_at": "2021-04-03T01:09:37.311Z", "updated_at": "2021-04-03T01:09:37.311Z"}}, {"model": "order.order", "pk": 32, "fields": {"name": null, "surname": null, "email": null, "tel_number": null, "customer": 14, "complete": false, "transaction_id": null, "message": "", "status": true, "created_at": "2021-04-03T04:48:01.605Z", "updated_at": "2021-04-03T04:48:01.605Z"}}, {"model": "order.orderitem", "pk": 9, "fields": {"product": 26, "order": 28, "quantity": 4, "customer": 10, "status": true, "created_at": "2021-03-29T22:06:43.845Z", "updated_at": "2021-03-29T22:07:13.943Z"}}, {"model": "order.orderitem", "pk": 10, "fields": {"product": 57, "order": 31, "quantity": 1, "customer": 13, "status": true, "created_at": "2021-04-03T01:24:14.373Z", "updated_at": "2021-04-03T01:24:14.376Z"}}, {"model": "index.subscriber", "pk": 1, "fields": {"email": "husubayli@gmail.com", "created_at": "2021-02-23T15:11:12.978Z", "updated_at": "2021-02-23T15:11:12.978Z"}}, {"model": "index.subscriber", "pk": 2, "fields": {"email": "husubayli@gmail.comm", "created_at": "2021-02-24T19:56:59.612Z", "updated_at": "2021-02-24T19:56:59.612Z"}}, {"model": "auth.user", "pk": 1, "fields": {"password": "pbkdf2_sha256$216000$PIJ6jl2Gvlyt$N5+5/ArcOcwSTk6XH8PatPNLS+DY4DrDryWDtcIJi24=", "last_login": "2021-03-30T16:06:08.992Z", "is_superuser": true, "username": "fuad", "first_name": "", "last_name": "", "email": "fuadpayme@gmail.com", "is_staff": true, "is_active": true, "date_joined": "2021-02-17T20:58:23.736Z", "groups": [], "user_permissions": []}}, {"model": "sessions.session", "pk": "2qelyekk6yve28ebm838fxsumcmkmu87", "fields": {"session_data": ".eJxVjEEOwiAQRe_C2hAYpB1cuu8ZyMCAVA0kpV0Z765NutDtf-_9l_C0rcVvPS1-ZnERWpx-t0DxkeoO-E711mRsdV3mIHdFHrTLqXF6Xg_376BQL98aLQ8BkcOARjvCQGiiDWRwdJBdhhwxMjoYCQBJkQVWWjElyOnsWLw_6ZM4Qg:1lQzja:CGWUVzi9llGTNtrpzhSHRL3ZEGG6HGrKPUaZlLB-AT8", "expire_date": "2021-04-12T21:47:42.429Z"}}, {"model": "sessions.session", "pk": "aj9l6hj26wl7aaahz2wd2xmd8do9y66j", "fields": {"session_data": ".eJxVjEEOwiAQRe_C2hAYpB1cuu8ZyMCAVA0kpV0Z765NutDtf-_9l_C0rcVvPS1-ZnERWpx-t0DxkeoO-E711mRsdV3mIHdFHrTLqXF6Xg_376BQL98aLQ8BkcOARjvCQGiiDWRwdJBdhhwxMjoYCQBJkQVWWjElyOnsWLw_6ZM4Qg:1lQzxG:FgMIudpmHVd7bjKDeo8DqLh6pguDzXis3JYoSQHqo8g", "expire_date": "2021-04-12T22:01:50.235Z"}}, {"model": "sessions.session", "pk": "bhx2ukemok1yng5jab4q1ru85skfs66f", "fields": {"session_data": ".eJxVjEEOwiAQRe_C2hAYpB1cuu8ZyMCAVA0kpV0Z765NutDtf-_9l_C0rcVvPS1-ZnERWpx-t0DxkeoO-E711mRsdV3mIHdFHrTLqXF6Xg_376BQL98aLQ8BkcOARjvCQGiiDWRwdJBdhhwxMjoYCQBJkQVWWjElyOnsWLw_6ZM4Qg:1lEW03:C43CX2vnm-SxgDjgL66H5zILCo_mioFcR0Z3_TmO7Wc", "expire_date": "2021-03-09T11:37:07.879Z"}}, {"model": "sessions.session", "pk": "blw6c9mqj486x8e647jz6kf3amr5a3b0", "fields": {"session_data": ".eJxVjEEOwiAQRe_C2hAYpB1cuu8ZyMCAVA0kpV0Z765NutDtf-_9l_C0rcVvPS1-ZnERWpx-t0DxkeoO-E711mRsdV3mIHdFHrTLqXF6Xg_376BQL98aLQ8BkcOARjvCQGiiDWRwdJBdhhwxMjoYCQBJkQVWWjElyOnsWLw_6ZM4Qg:1lN2qU:ulTlAuoxIWKEQnqll0-y7xbmEyXLHTqtV1tm_JqaMUc", "expire_date": "2021-04-02T00:18:30.823Z"}}, {"model": "sessions.session", "pk": "bqld8r969bcv3c3z1ho60ywbwczgsdgm", "fields": {"session_data": ".eJxVjEEOwiAQRe_C2hAYpB1cuu8ZyMCAVA0kpV0Z765NutDtf-_9l_C0rcVvPS1-ZnERWpx-t0DxkeoO-E711mRsdV3mIHdFHrTLqXF6Xg_376BQL98aLQ8BkcOARjvCQGiiDWRwdJBdhhwxMjoYCQBJkQVWWjElyOnsWLw_6ZM4Qg:1lCfGH:FHavG5BiNqk17lYIHczKVC_oIm_AkvQ4JPqu7WctGsk", "expire_date": "2021-03-04T09:06:13.412Z"}}, {"model": "sessions.session", "pk": "ejixe8nvnn2qfjaa8u5v156vyc8hyex2", "fields": {"session_data": ".eJxVjEEOwiAQRe_C2hAYpB1cuu8ZyMCAVA0kpV0Z765NutDtf-_9l_C0rcVvPS1-ZnERWpx-t0DxkeoO-E711mRsdV3mIHdFHrTLqXF6Xg_376BQL98aLQ8BkcOARjvCQGiiDWRwdJBdhhwxMjoYCQBJkQVWWjElyOnsWLw_6ZM4Qg:1lHqkd:DctmUMP9kJ5ojduM-sf7viMceS2yx8i2bdeFjd5ZcXo", "expire_date": "2021-03-18T16:22:59.925Z"}}, {"model": "sessions.session", "pk": "hccu7sth0u2f9g73m6hdk8t6v518g5sv", "fields": {"session_data": ".eJxVjEEOwiAQRe_C2hAYpB1cuu8ZyMCAVA0kpV0Z765NutDtf-_9l_C0rcVvPS1-ZnERWpx-t0DxkeoO-E711mRsdV3mIHdFHrTLqXF6Xg_376BQL98aLQ8BkcOARjvCQGiiDWRwdJBdhhwxMjoYCQBJkQVWWjElyOnsWLw_6ZM4Qg:1lD6vs:LnDz4eCgHlGJ7Mz57-j8tGtLSnF3G1qKjMk2GLZ9Xes", "expire_date": "2021-03-05T14:39:00.931Z"}}, {"model": "sessions.session", "pk": "jleh73viv4rrdqqxxvrcahfzokxh1ds7", "fields": {"session_data": ".eJxVjEEOwiAQRe_C2hAYpB1cuu8ZyMCAVA0kpV0Z765NutDtf-_9l_C0rcVvPS1-ZnERWpx-t0DxkeoO-E711mRsdV3mIHdFHrTLqXF6Xg_376BQL98aLQ8BkcOARjvCQGiiDWRwdJBdhhwxMjoYCQBJkQVWWjElyOnsWLw_6ZM4Qg:1lJN6X:q7TrQ4c2F_eLCySvvgfOuMclzE-4R7C97Fk_XdX-ECg", "expire_date": "2021-03-22T21:07:53.145Z"}}, {"model": "sessions.session", "pk": "jmxljk0gk46corarm2f5a7zaz6w24ip6", "fields": {"session_data": ".eJxVjEEOwiAQRe_C2hAYpB1cuu8ZyMCAVA0kpV0Z765NutDtf-_9l_C0rcVvPS1-ZnERWpx-t0DxkeoO-E711mRsdV3mIHdFHrTLqXF6Xg_376BQL98aLQ8BkcOARjvCQGiiDWRwdJBdhhwxMjoYCQBJkQVWWjElyOnsWLw_6ZM4Qg:1lRGsa:2qgLMaDCIJ_yaAn0F1zvKPkRkN2dRQewBPfB8LgBUC8", "expire_date": "2021-04-13T16:06:08.995Z"}}, {"model": "sessions.session", "pk": "py0d535ro9788i35zn8stk32r8msoomt", "fields": {"session_data": ".eJxVjEEOwiAQRe_C2hAYpB1cuu8ZyMCAVA0kpV0Z765NutDtf-_9l_C0rcVvPS1-ZnERWpx-t0DxkeoO-E711mRsdV3mIHdFHrTLqXF6Xg_376BQL98aLQ8BkcOARjvCQGiiDWRwdJBdhhwxMjoYCQBJkQVWWjElyOnsWLw_6ZM4Qg:1lPw1a:2jPn4hLKrs9ZqgPUxzoqnjiqhh7s3iqQSEsubk95DQo", "expire_date": "2021-04-09T23:37:54.574Z"}}, {"model": "sessions.session", "pk": "r67w08krev48pzbkc9fe1j26vgdr7izl", "fields": {"session_data": ".eJxVjEEOwiAQRe_C2hAYpB1cuu8ZyMCAVA0kpV0Z765NutDtf-_9l_C0rcVvPS1-ZnERWpx-t0DxkeoO-E711mRsdV3mIHdFHrTLqXF6Xg_376BQL98aLQ8BkcOARjvCQGiiDWRwdJBdhhwxMjoYCQBJkQVWWjElyOnsWLw_6ZM4Qg:1lD6Kf:sobDW34USf9jysv5mgeawrEqspZ04qqbNG4jQBKrECs", "expire_date": "2021-03-05T14:00:33.725Z"}}, {"model": "sessions.session", "pk": "vqm7grq58tcfwtvg17w9vdjeopxdpoeb", "fields": {"session_data": ".eJxVjEEOwiAQRe_C2hAYpB1cuu8ZyMCAVA0kpV0Z765NutDtf-_9l_C0rcVvPS1-ZnERWpx-t0DxkeoO-E711mRsdV3mIHdFHrTLqXF6Xg_376BQL98aLQ8BkcOARjvCQGiiDWRwdJBdhhwxMjoYCQBJkQVWWjElyOnsWLw_6ZM4Qg:1lERtG:RSV2UMca9gR3HjQ79VSWpZeAtPj7hOnwXFiuPAkx-tA", "expire_date": "2021-03-09T07:13:50.790Z"}}]