[{"model": "dashboard.userdashboardmodule", "pk": 1, "fields": {"title": "Quick links", "module": "jet.dashboard.modules.LinkList", "app_label": null, "user": 1, "column": 0, "order": 0, "settings": "{\"draggable\": false, \"deletable\": false, \"collapsible\": false, \"layout\": \"inline\"}", "children": "[{\"title\": \"Return to site\", \"url\": \"/\"}, {\"title\": \"Change password\", \"url\": \"/admin/password_change/\"}, {\"title\": \"Log out\", \"url\": \"/admin/logout/\"}]", "collapsed": false}}, {"model": "dashboard.userdashboardmodule", "pk": 2, "fields": {"title": "Applications", "module": "jet.dashboard.modules.AppList", "app_label": null, "user": 1, "column": 1, "order": 0, "settings": "{\"models\": null, \"exclude\": [\"auth.*\"]}", "children": "", "collapsed": false}}, {"model": "dashboard.userdashboardmodule", "pk": 3, "fields": {"title": "Administration", "module": "jet.dashboard.modules.AppList", "app_label": null, "user": 1, "column": 2, "order": 0, "settings": "{\"models\": [\"auth.*\"], \"exclude\": null}", "children": "", "collapsed": false}}, {"model": "dashboard.userdashboardmodule", "pk": 4, "fields": {"title": "Recent Actions", "module": "jet.dashboard.modules.RecentActions", "app_label": null, "user": 1, "column": 0, "order": 1, "settings": "{\"limit\": 10, \"include_list\": null, \"exclude_list\": null, \"user\": null}", "children": "", "collapsed": false}}, {"model": "dashboard.userdashboardmodule", "pk": 5, "fields": {"title": "Latest Django News", "module": "jet.dashboard.modules.Feed", "app_label": null, "user": 1, "column": 1, "order": 1, "settings": "{\"feed_url\": \"http://www.djangoproject.com/rss/weblog/\", \"limit\": 5}", "children": "", "collapsed": false}}, {"model": "dashboard.userdashboardmodule", "pk": 6, "fields": {"title": "Support", "module": "jet.dashboard.modules.LinkList", "app_label": null, "user": 1, "column": 2, "order": 1, "settings": "{\"draggable\": true, \"deletable\": true, \"collapsible\": true, \"layout\": \"stacked\"}", "children": "[{\"title\": \"Django documentation\", \"url\": \"http://docs.djangoproject.com/\", \"external\": true}, {\"title\": \"Django \\\"django-users\\\" mailing list\", \"url\": \"http://groups.google.com/group/django-users\", \"external\": true}, {\"title\": \"Django irc channel\", \"url\": \"irc://irc.freenode.net/django\", \"external\": true}]", "collapsed": false}}, {"model": "dashboard.userdashboardmodule", "pk": 7, "fields": {"title": "Application models", "module": "jet.dashboard.modules.ModelList", "app_label": "product", "user": 1, "column": 0, "order": 0, "settings": "{\"models\": [\"product.*\"], \"exclude\": null}", "children": "", "collapsed": false}}, {"model": "dashboard.userdashboardmodule", "pk": 8, "fields": {"title": "Recent Actions", "module": "jet.dashboard.modules.RecentActions", "app_label": "product", "user": 1, "column": 1, "order": 0, "settings": "{\"limit\": 10, \"include_list\": [\"product.*\"], \"exclude_list\": null, \"user\": null}", "children": "", "collapsed": false}}, {"model": "dashboard.userdashboardmodule", "pk": 9, "fields": {"title": "Application models", "module": "jet.dashboard.modules.ModelList", "app_label": "account", "user": 1, "column": 0, "order": 0, "settings": "{\"models\": [\"account.*\"], \"exclude\": null}", "children": "", "collapsed": false}}, {"model": "dashboard.userdashboardmodule", "pk": 10, "fields": {"title": "Recent Actions", "module": "jet.dashboard.modules.RecentActions", "app_label": "account", "user": 1, "column": 1, "order": 0, "settings": "{\"limit\": 10, \"include_list\": [\"account.*\"], \"exclude_list\": null, \"user\": null}", "children": "", "collapsed": false}}, {"model": "dashboard.userdashboardmodule", "pk": 11, "fields": {"title": "Application models", "module": "jet.dashboard.modules.ModelList", "app_label": "auth", "user": 1, "column": 0, "order": 0, "settings": "{\"models\": [\"auth.*\"], \"exclude\": null}", "children": "", "collapsed": false}}, {"model": "dashboard.userdashboardmodule", "pk": 12, "fields": {"title": "Recent Actions", "module": "jet.dashboard.modules.RecentActions", "app_label": "auth", "user": 1, "column": 1, "order": 0, "settings": "{\"limit\": 10, \"include_list\": [\"auth.*\"], \"exclude_list\": null, \"user\": null}", "children": "", "collapsed": false}}, {"model": "product.marka", "pk": 1, "fields": {"title": "Apple", "image": "", "description": "", "slug": "", "status": true, "created_at": "2021-02-18T10:02:46.846Z", "updated_at": "2021-02-18T10:02:46.846Z"}}, {"model": "product.marka", "pk": 27, "fields": {"title": "Apple", "image": "", "description": "", "slug": "apple", "status": true, "created_at": "2021-02-19T22:24:34.504Z", "updated_at": "2021-02-19T22:24:34.535Z"}}, {"model": "product.category", "pk": 1, "fields": {"title": "Telefon və planşetlər", "image": "", "description": "", "slug": "telefon-ve-plansetler", "is_main": true, "is_second": false, "is_third": false, "status": true, "created_at": "2021-02-18T10:15:53.647Z", "updated_at": "2021-02-18T10:15:53.707Z", "parent": [6, 7, 8, 9, 10, 43, 44, 45, 46, 47, 60]}}, {"model": "product.category", "pk": 2, "fields": {"title": "Aksesuarlar", "image": "", "description": "", "slug": "aksesuarlar", "is_main": true, "is_second": false, "is_third": false, "status": true, "created_at": "2021-02-18T12:27:17.887Z", "updated_at": "2021-02-18T12:27:17.906Z", "parent": [48, 49, 50]}}, {"model": "product.category", "pk": 3, "fields": {"title": "Kompüter texnikası", "image": "", "description": "", "slug": "scaner-komputer-texnikasi", "is_main": true, "is_second": false, "is_third": false, "status": true, "created_at": "2021-02-18T12:29:36.659Z", "updated_at": "2021-02-20T13:52:23.164Z", "parent": [51, 52, 53, 54]}}, {"model": "product.category", "pk": 4, "fields": {"title": "Nömrələr", "image": "", "description": "", "slug": "nomreler", "is_main": true, "is_second": false, "is_third": false, "status": true, "created_at": "2021-02-18T12:33:30.716Z", "updated_at": "2021-02-18T12:33:30.728Z", "parent": [55, 56, 57]}}, {"model": "product.category", "pk": 6, "fields": {"title": "Planşetlər", "image": "", "description": "", "slug": "plansetler-xiaomi-plansetler", "is_main": false, "is_second": true, "is_third": false, "status": true, "created_at": "2021-02-18T12:48:55.356Z", "updated_at": "2021-02-20T13:49:02.141Z", "parent": [1, 43, 44, 45]}}, {"model": "product.category", "pk": 7, "fields": {"title": "Düyməli telefonlar", "image": "", "description": "", "slug": "duymeli-telefonlar-motorola-duymeli-telefonlar", "is_main": false, "is_second": true, "is_third": false, "status": true, "created_at": "2021-02-18T12:49:41.160Z", "updated_at": "2021-02-20T10:13:46.589Z", "parent": [1, 46, 47]}}, {"model": "product.category", "pk": 8, "fields": {"title": "Apple", "image": "", "description": "", "slug": "smartfonlar-apple", "is_main": false, "is_second": false, "is_third": true, "status": true, "created_at": "2021-02-18T12:51:20.870Z", "updated_at": "2021-02-23T11:40:06.978Z", "parent": [1, 60]}}, {"model": "product.category", "pk": 9, "fields": {"title": "Samsung", "image": "", "description": "", "slug": "smartfonlar-samsung", "is_main": false, "is_second": false, "is_third": true, "status": true, "created_at": "2021-02-18T12:52:42.394Z", "updated_at": "2021-02-23T11:41:50.215Z", "parent": [1, 60]}}, {"model": "product.category", "pk": 10, "fields": {"title": "Xiaomi", "image": "", "description": "", "slug": "telefon-ve-plansetler-xiaomi", "is_main": false, "is_second": false, "is_third": true, "status": true, "created_at": "2021-02-18T12:56:33.794Z", "updated_at": "2021-02-23T11:40:52.604Z", "parent": [1, 60]}}, {"model": "product.category", "pk": 43, "fields": {"title": "Apple", "image": "", "description": "", "slug": "plansetler-apple", "is_main": false, "is_second": false, "is_third": true, "status": true, "created_at": "2021-02-20T08:59:28.946Z", "updated_at": "2021-02-20T13:49:56.397Z", "parent": [1, 6]}}, {"model": "product.category", "pk": 44, "fields": {"title": "Samsung", "image": "", "description": "", "slug": "plansetler-samsung", "is_main": false, "is_second": false, "is_third": true, "status": true, "created_at": "2021-02-20T08:59:54.699Z", "updated_at": "2021-02-20T13:50:24.996Z", "parent": [1, 6]}}, {"model": "product.category", "pk": 45, "fields": {"title": "Xiaomi", "image": "", "description": "", "slug": "plansetler-xiaomi", "is_main": false, "is_second": false, "is_third": true, "status": true, "created_at": "2021-02-20T09:00:20.298Z", "updated_at": "2021-02-20T13:50:46.799Z", "parent": [1, 6]}}, {"model": "product.category", "pk": 46, "fields": {"title": "Nokia", "image": "", "description": "", "slug": "duymeli-telefonlar-nokia", "is_main": false, "is_second": false, "is_third": true, "status": true, "created_at": "2021-02-20T09:01:12.987Z", "updated_at": "2021-02-20T13:51:04.559Z", "parent": [1, 7]}}, {"model": "product.category", "pk": 47, "fields": {"title": "Motorola", "image": "", "description": "", "slug": "duymeli-telefonlar-motorola", "is_main": false, "is_second": false, "is_third": true, "status": true, "created_at": "2021-02-20T09:01:55.725Z", "updated_at": "2021-02-20T13:51:12.685Z", "parent": [1, 7]}}, {"model": "product.category", "pk": 48, "fields": {"title": "Qulaqcıq", "image": "", "description": "", "slug": "aksesuarlar-qulaqciq", "is_main": false, "is_second": true, "is_third": false, "status": true, "created_at": "2021-02-20T09:02:29.527Z", "updated_at": "2021-02-20T13:51:32.121Z", "parent": [2]}}, {"model": "product.category", "pk": 49, "fields": {"title": "Ekran qoruyucu", "image": "", "description": "", "slug": "aksesuarlar-ekran-qoruyucu", "is_main": false, "is_second": false, "is_third": true, "status": true, "created_at": "2021-02-20T09:02:45.861Z", "updated_at": "2021-02-20T13:51:38.723Z", "parent": [2]}}, {"model": "product.category", "pk": 50, "fields": {"title": "Adapter", "image": "", "description": "", "slug": "aksesuarlar-adapter", "is_main": false, "is_second": true, "is_third": false, "status": true, "created_at": "2021-02-20T09:03:06.803Z", "updated_at": "2021-02-20T13:53:22.453Z", "parent": [2]}}, {"model": "product.category", "pk": 51, "fields": {"title": "Laptop", "image": "", "description": "", "slug": "komputer-texnikasi-laptop", "is_main": false, "is_second": true, "is_third": false, "status": true, "created_at": "2021-02-20T09:03:32.472Z", "updated_at": "2021-02-20T13:52:03.701Z", "parent": [3]}}, {"model": "product.category", "pk": 52, "fields": {"title": "Printer", "image": "", "description": "", "slug": "komputer-texnikasi-printer", "is_main": false, "is_second": true, "is_third": false, "status": true, "created_at": "2021-02-20T09:04:12.882Z", "updated_at": "2021-02-20T13:53:50.870Z", "parent": [3]}}, {"model": "product.category", "pk": 53, "fields": {"title": "Monitor", "image": "", "description": "", "slug": "komputer-texnikasi-monitor", "is_main": false, "is_second": true, "is_third": false, "status": true, "created_at": "2021-02-20T09:04:31.961Z", "updated_at": "2021-02-20T13:53:08.608Z", "parent": [3]}}, {"model": "product.category", "pk": 54, "fields": {"title": "Scaner", "image": "", "description": "", "slug": "komputer-texnikasi-scaner", "is_main": false, "is_second": true, "is_third": false, "status": true, "created_at": "2021-02-20T09:04:49.865Z", "updated_at": "2021-02-20T13:53:02.528Z", "parent": [3]}}, {"model": "product.category", "pk": 55, "fields": {"title": "Azercell", "image": "", "description": "", "slug": "nomreler-azercell", "is_main": false, "is_second": true, "is_third": false, "status": true, "created_at": "2021-02-20T09:05:11.865Z", "updated_at": "2021-02-20T13:52:49.193Z", "parent": [4]}}, {"model": "product.category", "pk": 56, "fields": {"title": "Bakcell", "image": "", "description": "", "slug": "nomreler-bakcell", "is_main": false, "is_second": true, "is_third": false, "status": true, "created_at": "2021-02-20T09:05:35.045Z", "updated_at": "2021-02-20T13:52:33.623Z", "parent": [4]}}, {"model": "product.category", "pk": 57, "fields": {"title": "Nar", "image": "", "description": "", "slug": "nomreler-nar", "is_main": false, "is_second": true, "is_third": false, "status": true, "created_at": "2021-02-20T09:06:00.729Z", "updated_at": "2021-02-20T13:52:40.469Z", "parent": [4]}}, {"model": "product.category", "pk": 60, "fields": {"title": "Smartfonlar", "image": "", "description": "", "slug": "smartfonlar-apple-smartfonlar", "is_main": false, "is_second": true, "is_third": false, "status": true, "created_at": "2021-02-23T11:38:50.412Z", "updated_at": "2021-02-23T11:39:19.079Z", "parent": [1, 8, 9, 10]}}, {"model": "product.product", "pk": 3, "fields": {"color_title": null, "color_code": null, "title": "Bakcell", "slug": "bakcel", "sku": "02123", "description": "", "sale_count": 0, "is_published": true, "is_new": true, "is_featured": false, "is_discount": false, "price": "13.00", "discount_type": 1, "discount_value": null, "status": true, "created_at": "2021-02-19T22:19:03.323Z", "updated_at": "2021-02-23T11:43:09.735Z", "tags": [], "same_product": [], "category": [4, 56], "who_like": [], "marka": []}}, {"model": "product.product", "pk": 4, "fields": {"color_title": "Space Gray", "color_code": "#858585", "title": "iPhone XS", "slug": "iphone-xs-1", "sku": "000001", "description": "", "sale_count": 0, "is_published": true, "is_new": true, "is_featured": false, "is_discount": false, "price": "1000.00", "discount_type": 1, "discount_value": null, "status": true, "created_at": "2021-02-23T07:32:34.531Z", "updated_at": "2021-02-23T07:32:34.531Z", "tags": [], "same_product": [5], "category": [1, 8], "who_like": [], "marka": [27]}}, {"model": "product.product", "pk": 5, "fields": {"color_title": "Qırmızı", "color_code": "#FF250B", "title": "iPhone XS", "slug": "iphone-xs-2", "sku": "000002", "description": "", "sale_count": 0, "is_published": true, "is_new": true, "is_featured": false, "is_discount": false, "price": "1100.00", "discount_type": 1, "discount_value": null, "status": true, "created_at": "2021-02-23T07:34:11.436Z", "updated_at": "2021-02-23T12:04:50.256Z", "tags": [], "same_product": [4], "category": [1, 8], "who_like": [], "marka": [27]}}, {"model": "product.product_details", "pk": 1, "fields": {"product": 4, "product_details_property_name": 12, "product_details_propert_value": 8, "is_feature": false, "is_detail": false, "is_file": false, "status": true, "created_at": "2021-02-23T07:32:34.711Z", "updated_at": "2021-02-23T07:32:34.711Z"}}, {"model": "product.product_details", "pk": 2, "fields": {"product": 4, "product_details_property_name": 13, "product_details_propert_value": 9, "is_feature": false, "is_detail": false, "is_file": false, "status": true, "created_at": "2021-02-23T07:32:34.740Z", "updated_at": "2021-02-23T07:32:34.740Z"}}, {"model": "product.product_details", "pk": 3, "fields": {"product": 5, "product_details_property_name": 12, "product_details_propert_value": 8, "is_feature": true, "is_detail": false, "is_file": false, "status": true, "created_at": "2021-02-23T07:34:11.646Z", "updated_at": "2021-02-23T12:04:50.550Z"}}, {"model": "product.product_details", "pk": 4, "fields": {"product": 5, "product_details_property_name": 13, "product_details_propert_value": 9, "is_feature": false, "is_detail": true, "is_file": false, "status": true, "created_at": "2021-02-23T07:34:11.664Z", "updated_at": "2021-02-23T12:03:24.179Z"}}, {"model": "product.product_details_property_name", "pk": 12, "fields": {"title": "Istehsal ili", "status": true, "created_at": "2021-02-23T07:30:42.183Z", "updated_at": "2021-02-23T07:30:42.183Z"}}, {"model": "product.product_details_property_name", "pk": 13, "fields": {"title": "Yaddas", "status": true, "created_at": "2021-02-23T07:30:49.151Z", "updated_at": "2021-02-23T07:30:49.151Z"}}, {"model": "product.product_details_property_value", "pk": 8, "fields": {"content": "2020", "file": "", "status": true, "created_at": "2021-02-23T07:30:10.338Z", "updated_at": "2021-02-23T07:30:10.338Z"}}, {"model": "product.product_details_property_value", "pk": 9, "fields": {"content": "128GB", "file": "", "status": true, "created_at": "2021-02-23T07:30:21.786Z", "updated_at": "2021-02-23T07:30:21.786Z"}}, {"model": "product.product_images", "pk": 1, "fields": {"product": 3, "image": "product_images/15865056426308253656_1000x669_eIKcn31.jpg", "is_main": true, "is_second_main": false, "status": true, "created_at": "2021-02-23T07:19:58.134Z", "updated_at": "2021-02-23T07:19:58.134Z"}}, {"model": "product.product_images", "pk": 2, "fields": {"product": 4, "image": "product_images/71XeQzRDyML._AC_SL1500__PyDtDB4.jpg", "is_main": true, "is_second_main": false, "status": true, "created_at": "2021-02-23T07:32:34.675Z", "updated_at": "2021-02-23T07:32:34.676Z"}}, {"model": "product.product_images", "pk": 3, "fields": {"product": 4, "image": "product_images/81nSsCFeiTL._AC_SL1500__3W30PeJ.jpg", "is_main": false, "is_second_main": true, "status": true, "created_at": "2021-02-23T07:32:34.694Z", "updated_at": "2021-02-23T07:32:34.694Z"}}, {"model": "product.product_images", "pk": 4, "fields": {"product": 5, "image": "product_images/6.5_IC_RDcopy_nlW99ux.jpg", "is_main": true, "is_second_main": false, "status": true, "created_at": "2021-02-23T07:34:11.612Z", "updated_at": "2021-02-23T07:34:11.612Z"}}, {"model": "product.product_images", "pk": 5, "fields": {"product": 5, "image": "product_images/iphone-x_combine_nc_red_3_PU3C2s9.jpg", "is_main": false, "is_second_main": true, "status": true, "created_at": "2021-02-23T07:34:11.630Z", "updated_at": "2021-02-23T11:14:24.283Z"}}, {"model": "auth.user", "pk": 1, "fields": {"password": "pbkdf2_sha256$216000$PIJ6jl2Gvlyt$N5+5/ArcOcwSTk6XH8PatPNLS+DY4DrDryWDtcIJi24=", "last_login": "2021-02-23T11:37:07.738Z", "is_superuser": true, "username": "fuad", "first_name": "", "last_name": "", "email": "fuadpayme@gmail.com", "is_staff": true, "is_active": true, "date_joined": "2021-02-17T20:58:23.736Z", "groups": [], "user_permissions": []}}, {"model": "sessions.session", "pk": "bhx2ukemok1yng5jab4q1ru85skfs66f", "fields": {"session_data": ".eJxVjEEOwiAQRe_C2hAYpB1cuu8ZyMCAVA0kpV0Z765NutDtf-_9l_C0rcVvPS1-ZnERWpx-t0DxkeoO-E711mRsdV3mIHdFHrTLqXF6Xg_376BQL98aLQ8BkcOARjvCQGiiDWRwdJBdhhwxMjoYCQBJkQVWWjElyOnsWLw_6ZM4Qg:1lEW03:C43CX2vnm-SxgDjgL66H5zILCo_mioFcR0Z3_TmO7Wc", "expire_date": "2021-03-09T11:37:07.879Z"}}, {"model": "sessions.session", "pk": "bqld8r969bcv3c3z1ho60ywbwczgsdgm", "fields": {"session_data": ".eJxVjEEOwiAQRe_C2hAYpB1cuu8ZyMCAVA0kpV0Z765NutDtf-_9l_C0rcVvPS1-ZnERWpx-t0DxkeoO-E711mRsdV3mIHdFHrTLqXF6Xg_376BQL98aLQ8BkcOARjvCQGiiDWRwdJBdhhwxMjoYCQBJkQVWWjElyOnsWLw_6ZM4Qg:1lCfGH:FHavG5BiNqk17lYIHczKVC_oIm_AkvQ4JPqu7WctGsk", "expire_date": "2021-03-04T09:06:13.412Z"}}, {"model": "sessions.session", "pk": "hccu7sth0u2f9g73m6hdk8t6v518g5sv", "fields": {"session_data": ".eJxVjEEOwiAQRe_C2hAYpB1cuu8ZyMCAVA0kpV0Z765NutDtf-_9l_C0rcVvPS1-ZnERWpx-t0DxkeoO-E711mRsdV3mIHdFHrTLqXF6Xg_376BQL98aLQ8BkcOARjvCQGiiDWRwdJBdhhwxMjoYCQBJkQVWWjElyOnsWLw_6ZM4Qg:1lD6vs:LnDz4eCgHlGJ7Mz57-j8tGtLSnF3G1qKjMk2GLZ9Xes", "expire_date": "2021-03-05T14:39:00.931Z"}}, {"model": "sessions.session", "pk": "r67w08krev48pzbkc9fe1j26vgdr7izl", "fields": {"session_data": ".eJxVjEEOwiAQRe_C2hAYpB1cuu8ZyMCAVA0kpV0Z765NutDtf-_9l_C0rcVvPS1-ZnERWpx-t0DxkeoO-E711mRsdV3mIHdFHrTLqXF6Xg_376BQL98aLQ8BkcOARjvCQGiiDWRwdJBdhhwxMjoYCQBJkQVWWjElyOnsWLw_6ZM4Qg:1lD6Kf:sobDW34USf9jysv5mgeawrEqspZ04qqbNG4jQBKrECs", "expire_date": "2021-03-05T14:00:33.725Z"}}, {"model": "sessions.session", "pk": "vqm7grq58tcfwtvg17w9vdjeopxdpoeb", "fields": {"session_data": ".eJxVjEEOwiAQRe_C2hAYpB1cuu8ZyMCAVA0kpV0Z765NutDtf-_9l_C0rcVvPS1-ZnERWpx-t0DxkeoO-E711mRsdV3mIHdFHrTLqXF6Xg_376BQL98aLQ8BkcOARjvCQGiiDWRwdJBdhhwxMjoYCQBJkQVWWjElyOnsWLw_6ZM4Qg:1lERtG:RSV2UMca9gR3HjQ79VSWpZeAtPj7hOnwXFiuPAkx-tA", "expire_date": "2021-03-09T07:13:50.790Z"}}]