[{"model": "dashboard.userdashboardmodule", "pk": 1, "fields": {"title": "Quick links", "module": "jet.dashboard.modules.LinkList", "app_label": null, "user": 1, "column": 0, "order": 0, "settings": "{\"draggable\": false, \"deletable\": false, \"collapsible\": false, \"layout\": \"inline\"}", "children": "[{\"title\": \"Return to site\", \"url\": \"/\"}, {\"title\": \"Change password\", \"url\": \"/admin/password_change/\"}, {\"title\": \"Log out\", \"url\": \"/admin/logout/\"}]", "collapsed": false}}, {"model": "dashboard.userdashboardmodule", "pk": 2, "fields": {"title": "Applications", "module": "jet.dashboard.modules.AppList", "app_label": null, "user": 1, "column": 1, "order": 0, "settings": "{\"models\": null, \"exclude\": [\"auth.*\"]}", "children": "", "collapsed": false}}, {"model": "dashboard.userdashboardmodule", "pk": 3, "fields": {"title": "Administration", "module": "jet.dashboard.modules.AppList", "app_label": null, "user": 1, "column": 2, "order": 0, "settings": "{\"models\": [\"auth.*\"], \"exclude\": null}", "children": "", "collapsed": false}}, {"model": "dashboard.userdashboardmodule", "pk": 4, "fields": {"title": "Recent Actions", "module": "jet.dashboard.modules.RecentActions", "app_label": null, "user": 1, "column": 0, "order": 1, "settings": "{\"limit\": 10, \"include_list\": null, \"exclude_list\": null, \"user\": null}", "children": "", "collapsed": false}}, {"model": "dashboard.userdashboardmodule", "pk": 5, "fields": {"title": "Latest Django News", "module": "jet.dashboard.modules.Feed", "app_label": null, "user": 1, "column": 1, "order": 1, "settings": "{\"feed_url\": \"http://www.djangoproject.com/rss/weblog/\", \"limit\": 5}", "children": "", "collapsed": false}}, {"model": "dashboard.userdashboardmodule", "pk": 6, "fields": {"title": "Support", "module": "jet.dashboard.modules.LinkList", "app_label": null, "user": 1, "column": 2, "order": 1, "settings": "{\"draggable\": true, \"deletable\": true, \"collapsible\": true, \"layout\": \"stacked\"}", "children": "[{\"title\": \"Django documentation\", \"url\": \"http://docs.djangoproject.com/\", \"external\": true}, {\"title\": \"Django \\\"django-users\\\" mailing list\", \"url\": \"http://groups.google.com/group/django-users\", \"external\": true}, {\"title\": \"Django irc channel\", \"url\": \"irc://irc.freenode.net/django\", \"external\": true}]", "collapsed": false}}, {"model": "dashboard.userdashboardmodule", "pk": 7, "fields": {"title": "Application models", "module": "jet.dashboard.modules.ModelList", "app_label": "product", "user": 1, "column": 0, "order": 0, "settings": "{\"models\": [\"product.*\"], \"exclude\": null}", "children": "", "collapsed": false}}, {"model": "dashboard.userdashboardmodule", "pk": 8, "fields": {"title": "Recent Actions", "module": "jet.dashboard.modules.RecentActions", "app_label": "product", "user": 1, "column": 1, "order": 0, "settings": "{\"limit\": 10, \"include_list\": [\"product.*\"], \"exclude_list\": null, \"user\": null}", "children": "", "collapsed": false}}, {"model": "dashboard.userdashboardmodule", "pk": 9, "fields": {"title": "Application models", "module": "jet.dashboard.modules.ModelList", "app_label": "account", "user": 1, "column": 0, "order": 0, "settings": "{\"models\": [\"account.*\"], \"exclude\": null}", "children": "", "collapsed": false}}, {"model": "dashboard.userdashboardmodule", "pk": 10, "fields": {"title": "Recent Actions", "module": "jet.dashboard.modules.RecentActions", "app_label": "account", "user": 1, "column": 1, "order": 0, "settings": "{\"limit\": 10, \"include_list\": [\"account.*\"], \"exclude_list\": null, \"user\": null}", "children": "", "collapsed": false}}, {"model": "dashboard.userdashboardmodule", "pk": 11, "fields": {"title": "Application models", "module": "jet.dashboard.modules.ModelList", "app_label": "auth", "user": 1, "column": 0, "order": 0, "settings": "{\"models\": [\"auth.*\"], \"exclude\": null}", "children": "", "collapsed": false}}, {"model": "dashboard.userdashboardmodule", "pk": 12, "fields": {"title": "Recent Actions", "module": "jet.dashboard.modules.RecentActions", "app_label": "auth", "user": 1, "column": 1, "order": 0, "settings": "{\"limit\": 10, \"include_list\": [\"auth.*\"], \"exclude_list\": null, \"user\": null}", "children": "", "collapsed": false}}, {"model": "dashboard.userdashboardmodule", "pk": 13, "fields": {"title": "Application models", "module": "jet.dashboard.modules.ModelList", "app_label": "contact", "user": 1, "column": 0, "order": 0, "settings": "{\"models\": [\"contact.*\"], \"exclude\": null}", "children": "", "collapsed": false}}, {"model": "dashboard.userdashboardmodule", "pk": 14, "fields": {"title": "Recent Actions", "module": "jet.dashboard.modules.RecentActions", "app_label": "contact", "user": 1, "column": 1, "order": 0, "settings": "{\"limit\": 10, \"include_list\": [\"contact.*\"], \"exclude_list\": null, \"user\": null}", "children": "", "collapsed": false}}, {"model": "contact.contact", "pk": 1, "fields": {"first_name": "Husubayli", "last_name": "Elvin", "phone_number": "+994505262026", "email": "husubeyli@gmail.com", "message": "ad", "created_at": "2021-02-26T00:19:53.204Z"}}, {"model": "contact.contact", "pk": 2, "fields": {"first_name": "Husubayli", "last_name": "Elvin", "phone_number": "+994559990770", "email": "husubeyli@gmail.com", "message": "sada", "created_at": "2021-02-26T09:09:39.775Z"}}, {"model": "contact.contact", "pk": 4, "fields": {"first_name": "Husubayli", "last_name": "Elvin", "phone_number": "+994505262026", "email": "husubeyli@gmail.com", "message": "salam", "created_at": "2021-02-26T12:01:48.555Z"}}, {"model": "contact.contact", "pk": 5, "fields": {"first_name": "Husubayli", "last_name": "Elvin", "phone_number": "+994505262026", "email": "husubeyli@gmail.com", "message": "salam", "created_at": "2021-02-26T12:03:23.204Z"}}, {"model": "contact.contact", "pk": 6, "fields": {"first_name": "Husubayli", "last_name": "Elvin", "phone_number": "+994505262026", "email": "husubeyli@gmail.com", "message": "salam", "created_at": "2021-02-26T12:06:00.292Z"}}, {"model": "contact.contact", "pk": 7, "fields": {"first_name": "Husubayli", "last_name": "Elvin", "phone_number": "+994505262026", "email": "husubeyli@gmail.com", "message": "salam", "created_at": "2021-02-26T12:06:57.305Z"}}, {"model": "contact.contact", "pk": 8, "fields": {"first_name": "Husubayli", "last_name": "Elvin", "phone_number": "+994505262026", "email": "husubeyli@gmail.com", "message": "salam", "created_at": "2021-02-26T12:07:12.287Z"}}, {"model": "contact.contact", "pk": 9, "fields": {"first_name": "Husubayli", "last_name": "Elvin", "phone_number": "+994505262026", "email": "husubeyli@gmail.com", "message": "salam", "created_at": "2021-02-26T12:08:55.309Z"}}, {"model": "contact.contact", "pk": 10, "fields": {"first_name": "Husubayli", "last_name": "Elvin", "phone_number": "+994505262026", "email": "husubeyli@gmail.com", "message": "sa", "created_at": "2021-02-26T12:09:37.292Z"}}, {"model": "product.marka", "pk": 27, "fields": {"title": "Apple", "image": "", "description": "", "slug": "apple", "status": true, "created_at": "2021-02-19T22:24:34.504Z", "updated_at": "2021-02-19T22:24:34.535Z"}}, {"model": "product.marka", "pk": 32, "fields": {"title": "Samsung", "image": "", "description": "", "slug": "samsung-32", "status": true, "created_at": "2021-02-23T22:00:19.435Z", "updated_at": "2021-02-23T22:00:19.453Z"}}, {"model": "product.marka", "pk": 33, "fields": {"title": "Bakcell", "image": "marka_images/bakcell.png", "description": "", "slug": "bakcell-33", "status": true, "created_at": "2021-03-01T14:47:07.936Z", "updated_at": "2021-03-01T14:59:22.950Z"}}, {"model": "product.marka", "pk": 34, "fields": {"title": "Azercell", "image": "marka_images/azercell.png", "description": "", "slug": "azercell-34", "status": true, "created_at": "2021-03-01T16:39:02.636Z", "updated_at": "2021-03-01T16:39:02.677Z"}}, {"model": "product.category", "pk": 91, "fields": {"title": "Telefon və planşetlər", "image": "", "description": "", "slug": "telefon-ve-plansetler", "is_main": true, "is_second": false, "is_third": false, "status": true, "created_at": "2021-03-04T16:31:34.348Z", "updated_at": "2021-03-04T16:36:12.306Z", "parent": [95, 96, 97, 98, 99, 100, 101, 103, 104, 105, 115]}}, {"model": "product.category", "pk": 92, "fields": {"title": "Kompüter texnikası", "image": "", "description": "", "slug": "komputer-texnikasi", "is_main": true, "is_second": false, "is_third": false, "status": true, "created_at": "2021-03-04T16:32:29.227Z", "updated_at": "2021-03-04T16:36:22.179Z", "parent": [106, 107, 108]}}, {"model": "product.category", "pk": 93, "fields": {"title": "Aksesuarlar", "image": "", "description": "", "slug": "aksesuarlar", "is_main": true, "is_second": false, "is_third": false, "status": true, "created_at": "2021-03-04T16:36:39.300Z", "updated_at": "2021-03-04T16:36:39.401Z", "parent": [109, 110, 111]}}, {"model": "product.category", "pk": 94, "fields": {"title": "Nömrələr", "image": "", "description": "", "slug": "nomreler", "is_main": true, "is_second": false, "is_third": false, "status": true, "created_at": "2021-03-04T16:37:21.431Z", "updated_at": "2021-03-04T16:37:21.557Z", "parent": [112, 113, 114]}}, {"model": "product.category", "pk": 95, "fields": {"title": "Smartfonlar", "image": "", "description": "", "slug": "telefon-ve-plansetler-smartfonlar", "is_main": false, "is_second": true, "is_third": false, "status": true, "created_at": "2021-03-04T16:37:35.564Z", "updated_at": "2021-03-04T16:37:35.772Z", "parent": [91, 98, 99, 100]}}, {"model": "product.category", "pk": 96, "fields": {"title": "Planşetlər", "image": "", "description": "", "slug": "telefon-ve-plansetler-plansetler", "is_main": false, "is_second": true, "is_third": false, "status": true, "created_at": "2021-03-04T16:38:22.749Z", "updated_at": "2021-03-04T16:38:22.926Z", "parent": [91, 101, 102, 103]}}, {"model": "product.category", "pk": 97, "fields": {"title": "Düyməli telefonlar", "image": "", "description": "", "slug": "telefon-ve-plansetler-duymeli-telefonlar", "is_main": false, "is_second": true, "is_third": false, "status": true, "created_at": "2021-03-04T16:38:48.091Z", "updated_at": "2021-03-04T16:38:48.249Z", "parent": [91, 104, 105, 115]}}, {"model": "product.category", "pk": 98, "fields": {"title": "Apple", "image": "", "description": "", "slug": "smartfonlar-apple", "is_main": false, "is_second": false, "is_third": true, "status": true, "created_at": "2021-03-04T16:39:03.206Z", "updated_at": "2021-03-04T16:39:03.390Z", "parent": [91, 95]}}, {"model": "product.category", "pk": 99, "fields": {"title": "Samsung", "image": "", "description": "", "slug": "smartfonlar-samsung", "is_main": false, "is_second": false, "is_third": true, "status": true, "created_at": "2021-03-04T16:39:25.810Z", "updated_at": "2021-03-04T16:39:25.968Z", "parent": [91, 95]}}, {"model": "product.category", "pk": 100, "fields": {"title": "Xiaomi", "image": "", "description": "", "slug": "smartfonlar-xiaomi", "is_main": false, "is_second": false, "is_third": true, "status": true, "created_at": "2021-03-04T16:39:44.515Z", "updated_at": "2021-03-04T16:39:44.687Z", "parent": [91, 95]}}, {"model": "product.category", "pk": 101, "fields": {"title": "Apple", "image": "", "description": "", "slug": "plansetler-apple", "is_main": false, "is_second": false, "is_third": true, "status": true, "created_at": "2021-03-04T16:40:02.531Z", "updated_at": "2021-03-04T16:40:02.821Z", "parent": [91, 96]}}, {"model": "product.category", "pk": 102, "fields": {"title": "Samsung", "image": "", "description": "", "slug": "plansetler-samsung", "is_main": false, "is_second": false, "is_third": true, "status": true, "created_at": "2021-03-04T16:40:46.910Z", "updated_at": "2021-03-04T16:40:47.192Z", "parent": [96]}}, {"model": "product.category", "pk": 103, "fields": {"title": "Xiaomi", "image": "", "description": "", "slug": "plansetler-xiaomi", "is_main": false, "is_second": false, "is_third": true, "status": true, "created_at": "2021-03-04T16:41:06.665Z", "updated_at": "2021-03-04T16:41:06.836Z", "parent": [91, 96]}}, {"model": "product.category", "pk": 104, "fields": {"title": "Nokia", "image": "", "description": "", "slug": "duymeli-telefonlar-nokia", "is_main": false, "is_second": false, "is_third": true, "status": true, "created_at": "2021-03-04T16:42:04.232Z", "updated_at": "2021-03-04T16:42:04.402Z", "parent": [91, 97]}}, {"model": "product.category", "pk": 105, "fields": {"title": "Motorola", "image": "", "description": "", "slug": "duymeli-telefonlar-motorola", "is_main": false, "is_second": false, "is_third": true, "status": true, "created_at": "2021-03-04T16:42:25.602Z", "updated_at": "2021-03-04T16:42:25.832Z", "parent": [91, 97]}}, {"model": "product.category", "pk": 106, "fields": {"title": "Laptop", "image": "", "description": "", "slug": "komputer-texnikasi-laptop", "is_main": false, "is_second": true, "is_third": false, "status": true, "created_at": "2021-03-04T16:42:57.252Z", "updated_at": "2021-03-04T16:42:57.442Z", "parent": [92]}}, {"model": "product.category", "pk": 107, "fields": {"title": "Scaner", "image": "", "description": "", "slug": "komputer-texnikasi-scaner", "is_main": false, "is_second": true, "is_third": false, "status": true, "created_at": "2021-03-04T16:43:30.447Z", "updated_at": "2021-03-04T16:43:30.685Z", "parent": [92]}}, {"model": "product.category", "pk": 108, "fields": {"title": "Printer", "image": "", "description": "", "slug": "komputer-texnikasi-printer", "is_main": false, "is_second": true, "is_third": false, "status": true, "created_at": "2021-03-04T16:43:52.708Z", "updated_at": "2021-03-04T16:43:52.896Z", "parent": [92]}}, {"model": "product.category", "pk": 109, "fields": {"title": "Qulaqcıq", "image": "", "description": "", "slug": "aksesuarlar-qulaqciq", "is_main": false, "is_second": true, "is_third": false, "status": true, "created_at": "2021-03-04T16:44:46.640Z", "updated_at": "2021-03-04T16:44:47.127Z", "parent": [93]}}, {"model": "product.category", "pk": 110, "fields": {"title": "Ekran qoruyucu", "image": "", "description": "", "slug": "aksesuarlar-ekran-qoruyucu", "is_main": false, "is_second": true, "is_third": false, "status": true, "created_at": "2021-03-04T16:45:05.198Z", "updated_at": "2021-03-04T16:45:05.367Z", "parent": [93]}}, {"model": "product.category", "pk": 111, "fields": {"title": "Adapter", "image": "", "description": "", "slug": "aksesuarlar-adapter", "is_main": false, "is_second": true, "is_third": false, "status": true, "created_at": "2021-03-04T16:45:42.947Z", "updated_at": "2021-03-04T16:45:43.144Z", "parent": [93]}}, {"model": "product.category", "pk": 112, "fields": {"title": "Azercell", "image": "", "description": "", "slug": "nomreler-azercell", "is_main": false, "is_second": true, "is_third": false, "status": true, "created_at": "2021-03-04T16:46:14.031Z", "updated_at": "2021-03-04T16:46:14.217Z", "parent": [94]}}, {"model": "product.category", "pk": 113, "fields": {"title": "Bakcell", "image": "", "description": "", "slug": "nomreler-bakcell", "is_main": false, "is_second": true, "is_third": false, "status": true, "created_at": "2021-03-04T16:46:27.489Z", "updated_at": "2021-03-04T16:46:27.659Z", "parent": [94]}}, {"model": "product.category", "pk": 114, "fields": {"title": "Nar", "image": "", "description": "", "slug": "nomreler-nar", "is_main": false, "is_second": true, "is_third": false, "status": true, "created_at": "2021-03-04T16:46:44.198Z", "updated_at": "2021-03-04T16:48:33.977Z", "parent": [94]}}, {"model": "product.category", "pk": 115, "fields": {"title": "Samsung", "image": "", "description": "", "slug": "duymeli-telefonlar-samsung", "is_main": false, "is_second": false, "is_third": true, "status": true, "created_at": "2021-03-04T16:47:39.758Z", "updated_at": "2021-03-04T16:47:55.296Z", "parent": [91, 97]}}, {"model": "product.product", "pk": 3, "fields": {"color_title": null, "color_code": null, "operator_code": "055", "title": "4727773", "slug": "4727773-3", "sku": "02123", "description": "", "sale_count": 0, "is_published": true, "is_new": true, "is_featured": false, "is_discount": false, "price": "13.00", "discount_type": 1, "discount_value": null, "status": true, "created_at": "2021-02-19T22:19:03.323Z", "updated_at": "2021-03-04T19:47:03.492Z", "tags": [], "same_product": [], "category": [94, 113], "who_like": [], "marka": [33]}}, {"model": "product.product", "pk": 4, "fields": {"color_title": "Space Gray", "color_code": "#858585", "operator_code": null, "title": "iPhone XS", "slug": "iphone-xs-4", "sku": "000001", "description": "", "sale_count": 0, "is_published": true, "is_new": true, "is_featured": false, "is_discount": false, "price": "1000.00", "discount_type": 1, "discount_value": null, "status": true, "created_at": "2021-02-23T07:32:34.531Z", "updated_at": "2021-03-04T16:50:10.219Z", "tags": [], "same_product": [5], "category": [91, 95, 98], "who_like": [], "marka": [27]}}, {"model": "product.product", "pk": 5, "fields": {"color_title": "Qırmızı", "color_code": "#FF250B", "operator_code": null, "title": "iPhone XS", "slug": "iphone-xs-5", "sku": "000002", "description": "", "sale_count": 0, "is_published": true, "is_new": false, "is_featured": false, "is_discount": false, "price": "1100.00", "discount_type": 1, "discount_value": null, "status": true, "created_at": "2021-02-23T07:34:11.436Z", "updated_at": "2021-03-04T16:50:34.505Z", "tags": [], "same_product": [4], "category": [91, 95, 98], "who_like": [], "marka": [27]}}, {"model": "product.product", "pk": 6, "fields": {"color_title": null, "color_code": null, "operator_code": "050", "title": "5262026", "slug": "5262026-6", "sku": "000004", "description": "", "sale_count": 0, "is_published": true, "is_new": true, "is_featured": false, "is_discount": false, "price": "200.00", "discount_type": 1, "discount_value": null, "status": true, "created_at": "2021-03-01T16:40:32.265Z", "updated_at": "2021-03-04T19:47:26.050Z", "tags": [], "same_product": [], "category": [94, 112], "who_like": [], "marka": [34]}}, {"model": "product.product", "pk": 7, "fields": {"color_title": "Phantom Gray", "color_code": "#787878", "operator_code": null, "title": "Galaxy S21 (G991)", "slug": "galaxy-s21-g991-7", "sku": "sasasasasasa", "description": "", "sale_count": 10, "is_published": true, "is_new": true, "is_featured": false, "is_discount": false, "price": "2099.00", "discount_type": 1, "discount_value": null, "status": true, "created_at": "2021-03-04T20:30:46.670Z", "updated_at": "2021-03-04T20:38:33.962Z", "tags": [], "same_product": [], "category": [91, 95, 99], "who_like": [], "marka": [32]}}, {"model": "product.product_details", "pk": 1, "fields": {"product": 4, "product_details_property_name": 12, "product_details_propert_value": 8, "is_feature": false, "is_detail": false, "is_file": false, "status": true, "created_at": "2021-02-23T07:32:34.711Z", "updated_at": "2021-02-23T07:32:34.711Z"}}, {"model": "product.product_details", "pk": 3, "fields": {"product": 5, "product_details_property_name": 12, "product_details_propert_value": 8, "is_feature": true, "is_detail": false, "is_file": false, "status": true, "created_at": "2021-02-23T07:34:11.646Z", "updated_at": "2021-02-23T12:04:50.550Z"}}, {"model": "product.product_details", "pk": 5, "fields": {"product": 7, "product_details_property_name": 12, "product_details_propert_value": 8, "is_feature": false, "is_detail": false, "is_file": false, "status": true, "created_at": "2021-03-04T20:30:47.385Z", "updated_at": "2021-03-04T20:30:47.385Z"}}, {"model": "product.product_details", "pk": 7, "fields": {"product": 7, "product_details_property_name": 16, "product_details_propert_value": 15, "is_feature": false, "is_detail": false, "is_file": false, "status": true, "created_at": "2021-03-04T20:30:47.466Z", "updated_at": "2021-03-04T20:30:47.466Z"}}, {"model": "product.product_details", "pk": 8, "fields": {"product": 7, "product_details_property_name": 17, "product_details_propert_value": 11, "is_feature": false, "is_detail": false, "is_file": false, "status": true, "created_at": "2021-03-04T20:30:47.487Z", "updated_at": "2021-03-04T20:30:47.487Z"}}, {"model": "product.product_details", "pk": 9, "fields": {"product": 7, "product_details_property_name": 18, "product_details_propert_value": 12, "is_feature": false, "is_detail": false, "is_file": false, "status": true, "created_at": "2021-03-04T20:30:47.513Z", "updated_at": "2021-03-04T20:30:47.513Z"}}, {"model": "product.product_details", "pk": 10, "fields": {"product": 7, "product_details_property_name": 19, "product_details_propert_value": 13, "is_feature": false, "is_detail": false, "is_file": false, "status": true, "created_at": "2021-03-04T20:30:47.533Z", "updated_at": "2021-03-04T20:30:47.533Z"}}, {"model": "product.product_details", "pk": 12, "fields": {"product": 7, "product_details_property_name": 21, "product_details_propert_value": 15, "is_feature": false, "is_detail": false, "is_file": false, "status": true, "created_at": "2021-03-04T20:30:47.575Z", "updated_at": "2021-03-04T20:30:47.575Z"}}, {"model": "product.product_details", "pk": 13, "fields": {"product": 7, "product_details_property_name": 22, "product_details_propert_value": 16, "is_feature": false, "is_detail": false, "is_file": false, "status": true, "created_at": "2021-03-04T20:30:47.598Z", "updated_at": "2021-03-04T20:30:47.598Z"}}, {"model": "product.product_details", "pk": 14, "fields": {"product": 7, "product_details_property_name": 23, "product_details_propert_value": 17, "is_feature": false, "is_detail": false, "is_file": false, "status": true, "created_at": "2021-03-04T20:30:47.619Z", "updated_at": "2021-03-04T20:30:47.619Z"}}, {"model": "product.product_details", "pk": 15, "fields": {"product": 7, "product_details_property_name": 24, "product_details_propert_value": 18, "is_feature": false, "is_detail": false, "is_file": false, "status": true, "created_at": "2021-03-04T20:30:47.659Z", "updated_at": "2021-03-04T20:30:47.659Z"}}, {"model": "product.product_details", "pk": 16, "fields": {"product": 7, "product_details_property_name": 25, "product_details_propert_value": 19, "is_feature": false, "is_detail": false, "is_file": false, "status": true, "created_at": "2021-03-04T20:30:47.686Z", "updated_at": "2021-03-04T20:30:47.686Z"}}, {"model": "product.product_details", "pk": 17, "fields": {"product": 7, "product_details_property_name": 26, "product_details_propert_value": 21, "is_feature": false, "is_detail": false, "is_file": false, "status": true, "created_at": "2021-03-04T20:30:47.710Z", "updated_at": "2021-03-04T20:30:47.710Z"}}, {"model": "product.product_details", "pk": 18, "fields": {"product": 7, "product_details_property_name": 27, "product_details_propert_value": 22, "is_feature": false, "is_detail": false, "is_file": false, "status": true, "created_at": "2021-03-04T20:30:47.733Z", "updated_at": "2021-03-04T20:30:47.733Z"}}, {"model": "product.product_details", "pk": 19, "fields": {"product": 7, "product_details_property_name": 28, "product_details_propert_value": 20, "is_feature": false, "is_detail": false, "is_file": false, "status": true, "created_at": "2021-03-04T20:30:47.766Z", "updated_at": "2021-03-04T20:30:47.766Z"}}, {"model": "product.product_details", "pk": 20, "fields": {"product": 7, "product_details_property_name": 29, "product_details_propert_value": 23, "is_feature": false, "is_detail": false, "is_file": false, "status": true, "created_at": "2021-03-04T20:37:44.843Z", "updated_at": "2021-03-04T20:37:44.843Z"}}, {"model": "product.product_details", "pk": 21, "fields": {"product": 7, "product_details_property_name": 30, "product_details_propert_value": 24, "is_feature": false, "is_detail": false, "is_file": false, "status": true, "created_at": "2021-03-04T20:37:44.870Z", "updated_at": "2021-03-04T20:37:44.870Z"}}, {"model": "product.product_details", "pk": 22, "fields": {"product": 7, "product_details_property_name": 31, "product_details_propert_value": 23, "is_feature": false, "is_detail": false, "is_file": false, "status": true, "created_at": "2021-03-04T20:37:44.896Z", "updated_at": "2021-03-04T20:37:44.896Z"}}, {"model": "product.product_details", "pk": 23, "fields": {"product": 7, "product_details_property_name": 32, "product_details_propert_value": 25, "is_feature": false, "is_detail": false, "is_file": false, "status": true, "created_at": "2021-03-04T20:37:44.920Z", "updated_at": "2021-03-04T20:37:44.920Z"}}, {"model": "product.product_details", "pk": 24, "fields": {"product": 7, "product_details_property_name": 33, "product_details_propert_value": 26, "is_feature": false, "is_detail": false, "is_file": false, "status": true, "created_at": "2021-03-04T20:37:44.947Z", "updated_at": "2021-03-04T20:37:44.947Z"}}, {"model": "product.product_details", "pk": 25, "fields": {"product": 7, "product_details_property_name": 34, "product_details_propert_value": 27, "is_feature": false, "is_detail": false, "is_file": false, "status": true, "created_at": "2021-03-04T20:37:44.971Z", "updated_at": "2021-03-04T20:37:44.971Z"}}, {"model": "product.product_details_property_name", "pk": 12, "fields": {"title": "Istehsal ili", "status": true, "created_at": "2021-02-23T07:30:42.183Z", "updated_at": "2021-02-23T07:30:42.183Z"}}, {"model": "product.product_details_property_name", "pk": 13, "fields": {"title": "Yaddas", "status": true, "created_at": "2021-02-23T07:30:49.151Z", "updated_at": "2021-02-23T07:30:49.151Z"}}, {"model": "product.product_details_property_name", "pk": 14, "fields": {"title": "Model", "status": true, "created_at": "2021-03-04T19:52:53.701Z", "updated_at": "2021-03-04T19:52:53.701Z"}}, {"model": "product.product_details_property_name", "pk": 16, "fields": {"title": "Əməliyyat sistemi", "status": true, "created_at": "2021-03-04T19:54:46.208Z", "updated_at": "2021-03-04T19:54:46.208Z"}}, {"model": "product.product_details_property_name", "pk": 17, "fields": {"title": "Ekranın ölçüsü", "status": true, "created_at": "2021-03-04T19:55:35.930Z", "updated_at": "2021-03-04T19:55:35.930Z"}}, {"model": "product.product_details_property_name", "pk": 18, "fields": {"title": "Ekranın imkanları", "status": true, "created_at": "2021-03-04T19:55:46.416Z", "updated_at": "2021-03-04T19:55:46.416Z"}}, {"model": "product.product_details_property_name", "pk": 19, "fields": {"title": "Operativ yaddaş (RAM)", "status": true, "created_at": "2021-03-04T19:56:04.530Z", "updated_at": "2021-03-04T19:56:04.530Z"}}, {"model": "product.product_details_property_name", "pk": 20, "fields": {"title": "Daxili Yaddaş", "status": true, "created_at": "2021-03-04T19:56:18.122Z", "updated_at": "2021-03-04T19:56:18.122Z"}}, {"model": "product.product_details_property_name", "pk": 21, "fields": {"title": "Prosessor", "status": true, "created_at": "2021-03-04T19:56:31.422Z", "updated_at": "2021-03-04T19:56:31.423Z"}}, {"model": "product.product_details_property_name", "pk": 22, "fields": {"title": "Əsas Kamera", "status": true, "created_at": "2021-03-04T20:04:14.052Z", "updated_at": "2021-03-04T20:04:14.052Z"}}, {"model": "product.product_details_property_name", "pk": 23, "fields": {"title": "Ön Kamera", "status": true, "created_at": "2021-03-04T20:04:39.510Z", "updated_at": "2021-03-04T20:04:39.510Z"}}, {"model": "product.product_details_property_name", "pk": 24, "fields": {"title": "Video imkanları", "status": true, "created_at": "2021-03-04T20:04:56.574Z", "updated_at": "2021-03-04T20:04:56.574Z"}}, {"model": "product.product_details_property_name", "pk": 25, "fields": {"title": "Şəbəkə", "status": true, "created_at": "2021-03-04T20:05:20.115Z", "updated_at": "2021-03-04T20:05:20.115Z"}}, {"model": "product.product_details_property_name", "pk": 26, "fields": {"title": "Təhlükəsizlik", "status": true, "created_at": "2021-03-04T20:06:18.707Z", "updated_at": "2021-03-04T20:06:18.707Z"}}, {"model": "product.product_details_property_name", "pk": 27, "fields": {"title": "Sim-kart sayı", "status": true, "created_at": "2021-03-04T20:06:33.540Z", "updated_at": "2021-03-04T20:06:33.540Z"}}, {"model": "product.product_details_property_name", "pk": 28, "fields": {"title": "Yaddaş kart dəstəyi", "status": true, "created_at": "2021-03-04T20:06:48.603Z", "updated_at": "2021-03-04T20:06:48.603Z"}}, {"model": "product.product_details_property_name", "pk": 29, "fields": {"title": "NFC", "status": true, "created_at": "2021-03-04T20:06:59.232Z", "updated_at": "2021-03-04T20:06:59.232Z"}}, {"model": "product.product_details_property_name", "pk": 30, "fields": {"title": "Su və toz davamlılığı", "status": true, "created_at": "2021-03-04T20:07:10.403Z", "updated_at": "2021-03-04T20:07:10.403Z"}}, {"model": "product.product_details_property_name", "pk": 31, "fields": {"title": "Naqilsiz şarj", "status": true, "created_at": "2021-03-04T20:07:20.565Z", "updated_at": "2021-03-04T20:07:20.565Z"}}, {"model": "product.product_details_property_name", "pk": 32, "fields": {"title": "Batareya növü və tutumu", "status": true, "created_at": "2021-03-04T20:07:35.336Z", "updated_at": "2021-03-04T20:07:35.336Z"}}, {"model": "product.product_details_property_name", "pk": 33, "fields": {"title": "Ölçülər", "status": true, "created_at": "2021-03-04T20:07:49.176Z", "updated_at": "2021-03-04T20:07:49.176Z"}}, {"model": "product.product_details_property_name", "pk": 34, "fields": {"title": "Çəki", "status": true, "created_at": "2021-03-04T20:07:57.941Z", "updated_at": "2021-03-04T20:07:57.941Z"}}, {"model": "product.product_details_property_value", "pk": 8, "fields": {"content": "2020", "file": "", "status": true, "created_at": "2021-02-23T07:30:10.338Z", "updated_at": "2021-02-23T07:30:10.338Z"}}, {"model": "product.product_details_property_value", "pk": 10, "fields": {"content": "Android 11, One UI 3.1", "file": "", "status": true, "created_at": "2021-03-04T20:10:21.234Z", "updated_at": "2021-03-04T20:10:21.234Z"}}, {"model": "product.product_details_property_value", "pk": 11, "fields": {"content": "6.2\"", "file": "", "status": true, "created_at": "2021-03-04T20:10:31.046Z", "updated_at": "2021-03-04T20:10:31.046Z"}}, {"model": "product.product_details_property_value", "pk": 12, "fields": {"content": "1080 x 2400 px", "file": "", "status": true, "created_at": "2021-03-04T20:10:41.011Z", "updated_at": "2021-03-04T20:10:41.011Z"}}, {"model": "product.product_details_property_value", "pk": 13, "fields": {"content": "8 GB", "file": "", "status": true, "created_at": "2021-03-04T20:11:03.073Z", "updated_at": "2021-03-04T20:11:03.073Z"}}, {"model": "product.product_details_property_value", "pk": 14, "fields": {"content": "128 GB", "file": "", "status": true, "created_at": "2021-03-04T20:11:14.530Z", "updated_at": "2021-03-04T20:11:14.530Z"}}, {"model": "product.product_details_property_value", "pk": 15, "fields": {"content": "Exynos 2100", "file": "", "status": true, "created_at": "2021-03-04T20:11:26.460Z", "updated_at": "2021-03-04T20:11:26.460Z"}}, {"model": "product.product_details_property_value", "pk": 16, "fields": {"content": "12 + 12 + 64 MP", "file": "", "status": true, "created_at": "2021-03-04T20:11:36.963Z", "updated_at": "2021-03-04T20:11:36.963Z"}}, {"model": "product.product_details_property_value", "pk": 17, "fields": {"content": "10 MP", "file": "", "status": true, "created_at": "2021-03-04T20:11:57.350Z", "updated_at": "2021-03-04T20:11:57.350Z"}}, {"model": "product.product_details_property_value", "pk": 18, "fields": {"content": "8K@30fps, 4K@30/60fps, 1080p@30/60/120fps, 720p@96", "file": "", "status": true, "created_at": "2021-03-04T20:12:27.268Z", "updated_at": "2021-03-04T20:12:27.268Z"}}, {"model": "product.product_details_property_value", "pk": 19, "fields": {"content": "GSM / CDMA / HSPA / EVDO / LTE / 5G", "file": "", "status": true, "created_at": "2021-03-04T20:12:38.943Z", "updated_at": "2021-03-04T20:12:38.943Z"}}, {"model": "product.product_details_property_value", "pk": 20, "fields": {"content": "-", "file": "", "status": true, "created_at": "2021-03-04T20:12:56.024Z", "updated_at": "2021-03-04T20:12:56.024Z"}}, {"model": "product.product_details_property_value", "pk": 21, "fields": {"content": "Finger print, FaceID, PIN", "file": "", "status": true, "created_at": "2021-03-04T20:13:42.631Z", "updated_at": "2021-03-04T20:13:42.631Z"}}, {"model": "product.product_details_property_value", "pk": 22, "fields": {"content": "2", "file": "", "status": true, "created_at": "2021-03-04T20:13:52.407Z", "updated_at": "2021-03-04T20:13:52.407Z"}}, {"model": "product.product_details_property_value", "pk": 23, "fields": {"content": "Var", "file": "", "status": true, "created_at": "2021-03-04T20:14:03.945Z", "updated_at": "2021-03-04T20:14:03.945Z"}}, {"model": "product.product_details_property_value", "pk": 24, "fields": {"content": "IP68", "file": "", "status": true, "created_at": "2021-03-04T20:14:15.930Z", "updated_at": "2021-03-04T20:14:15.930Z"}}, {"model": "product.product_details_property_value", "pk": 25, "fields": {"content": "Li-Po 4000 mAh", "file": "", "status": true, "created_at": "2021-03-04T20:14:28.801Z", "updated_at": "2021-03-04T20:14:28.801Z"}}, {"model": "product.product_details_property_value", "pk": 26, "fields": {"content": "71.2 x 151.7 x 7.9 mm", "file": "", "status": true, "created_at": "2021-03-04T20:14:50.227Z", "updated_at": "2021-03-04T20:14:50.227Z"}}, {"model": "product.product_details_property_value", "pk": 27, "fields": {"content": "171 q", "file": "", "status": true, "created_at": "2021-03-04T20:15:01.555Z", "updated_at": "2021-03-04T20:15:01.555Z"}}, {"model": "product.product_images", "pk": 2, "fields": {"product": 4, "image": "product_images/71XeQzRDyML._AC_SL1500_.jpeg", "is_main": true, "is_second_main": false, "status": true, "created_at": "2021-02-23T07:32:34.675Z", "updated_at": "2021-02-27T20:31:19.310Z"}}, {"model": "product.product_images", "pk": 3, "fields": {"product": 4, "image": "product_images/81nSsCFeiTL._AC_SL1500_.jpeg", "is_main": false, "is_second_main": true, "status": true, "created_at": "2021-02-23T07:32:34.694Z", "updated_at": "2021-02-27T20:31:19.277Z"}}, {"model": "product.product_images", "pk": 4, "fields": {"product": 5, "image": "product_images/iphone-x_combine_nc_red_3.jpeg", "is_main": true, "is_second_main": false, "status": true, "created_at": "2021-02-23T07:34:11.612Z", "updated_at": "2021-02-27T20:26:32.189Z"}}, {"model": "product.product_images", "pk": 5, "fields": {"product": 5, "image": "product_images/6.5_IC_RDcopy.jpeg", "is_main": false, "is_second_main": true, "status": true, "created_at": "2021-02-23T07:34:11.630Z", "updated_at": "2021-02-27T20:05:51.496Z"}}, {"model": "product.product_images", "pk": 6, "fields": {"product": 7, "image": "product_images/galaxy-s21-gray-min.jpeg", "is_main": true, "is_second_main": false, "status": true, "created_at": "2021-03-04T20:30:47.154Z", "updated_at": "2021-03-04T20:30:47.154Z"}}, {"model": "product.product_images", "pk": 7, "fields": {"product": 7, "image": "product_images/1610633145_1614285.jpeg", "is_main": false, "is_second_main": true, "status": true, "created_at": "2021-03-04T20:30:47.350Z", "updated_at": "2021-03-04T20:30:47.350Z"}}, {"model": "account.customer", "pk": 1, "fields": {"device": "1281242f-e516-45db-a069-b4d214ba775d"}}, {"model": "account.customer", "pk": 2, "fields": {"device": "a56a433c-bb2e-455b-880e-34eea8c75305"}}, {"model": "order.order", "pk": 1, "fields": {"customer": 1, "complete": false, "transaction_id": null, "status": true, "created_at": "2021-02-24T22:34:05.059Z", "updated_at": "2021-02-24T22:34:05.059Z"}}, {"model": "order.order", "pk": 2, "fields": {"customer": 2, "complete": false, "transaction_id": null, "status": true, "created_at": "2021-03-02T13:40:36.821Z", "updated_at": "2021-03-02T13:40:36.822Z"}}, {"model": "index.subscriber", "pk": 1, "fields": {"email": "husubayli@gmail.com", "created_at": "2021-02-23T15:11:12.978Z", "updated_at": "2021-02-23T15:11:12.978Z"}}, {"model": "index.subscriber", "pk": 2, "fields": {"email": "husubayli@gmail.comm", "created_at": "2021-02-24T19:56:59.612Z", "updated_at": "2021-02-24T19:56:59.612Z"}}, {"model": "auth.user", "pk": 1, "fields": {"password": "pbkdf2_sha256$216000$PIJ6jl2Gvlyt$N5+5/ArcOcwSTk6XH8PatPNLS+DY4DrDryWDtcIJi24=", "last_login": "2021-03-04T16:22:59.711Z", "is_superuser": true, "username": "fuad", "first_name": "", "last_name": "", "email": "fuadpayme@gmail.com", "is_staff": true, "is_active": true, "date_joined": "2021-02-17T20:58:23.736Z", "groups": [], "user_permissions": []}}, {"model": "sessions.session", "pk": "bhx2ukemok1yng5jab4q1ru85skfs66f", "fields": {"session_data": ".eJxVjEEOwiAQRe_C2hAYpB1cuu8ZyMCAVA0kpV0Z765NutDtf-_9l_C0rcVvPS1-ZnERWpx-t0DxkeoO-E711mRsdV3mIHdFHrTLqXF6Xg_376BQL98aLQ8BkcOARjvCQGiiDWRwdJBdhhwxMjoYCQBJkQVWWjElyOnsWLw_6ZM4Qg:1lEW03:C43CX2vnm-SxgDjgL66H5zILCo_mioFcR0Z3_TmO7Wc", "expire_date": "2021-03-09T11:37:07.879Z"}}, {"model": "sessions.session", "pk": "bqld8r969bcv3c3z1ho60ywbwczgsdgm", "fields": {"session_data": ".eJxVjEEOwiAQRe_C2hAYpB1cuu8ZyMCAVA0kpV0Z765NutDtf-_9l_C0rcVvPS1-ZnERWpx-t0DxkeoO-E711mRsdV3mIHdFHrTLqXF6Xg_376BQL98aLQ8BkcOARjvCQGiiDWRwdJBdhhwxMjoYCQBJkQVWWjElyOnsWLw_6ZM4Qg:1lCfGH:FHavG5BiNqk17lYIHczKVC_oIm_AkvQ4JPqu7WctGsk", "expire_date": "2021-03-04T09:06:13.412Z"}}, {"model": "sessions.session", "pk": "ejixe8nvnn2qfjaa8u5v156vyc8hyex2", "fields": {"session_data": ".eJxVjEEOwiAQRe_C2hAYpB1cuu8ZyMCAVA0kpV0Z765NutDtf-_9l_C0rcVvPS1-ZnERWpx-t0DxkeoO-E711mRsdV3mIHdFHrTLqXF6Xg_376BQL98aLQ8BkcOARjvCQGiiDWRwdJBdhhwxMjoYCQBJkQVWWjElyOnsWLw_6ZM4Qg:1lHqkd:DctmUMP9kJ5ojduM-sf7viMceS2yx8i2bdeFjd5ZcXo", "expire_date": "2021-03-18T16:22:59.925Z"}}, {"model": "sessions.session", "pk": "hccu7sth0u2f9g73m6hdk8t6v518g5sv", "fields": {"session_data": ".eJxVjEEOwiAQRe_C2hAYpB1cuu8ZyMCAVA0kpV0Z765NutDtf-_9l_C0rcVvPS1-ZnERWpx-t0DxkeoO-E711mRsdV3mIHdFHrTLqXF6Xg_376BQL98aLQ8BkcOARjvCQGiiDWRwdJBdhhwxMjoYCQBJkQVWWjElyOnsWLw_6ZM4Qg:1lD6vs:LnDz4eCgHlGJ7Mz57-j8tGtLSnF3G1qKjMk2GLZ9Xes", "expire_date": "2021-03-05T14:39:00.931Z"}}, {"model": "sessions.session", "pk": "r67w08krev48pzbkc9fe1j26vgdr7izl", "fields": {"session_data": ".eJxVjEEOwiAQRe_C2hAYpB1cuu8ZyMCAVA0kpV0Z765NutDtf-_9l_C0rcVvPS1-ZnERWpx-t0DxkeoO-E711mRsdV3mIHdFHrTLqXF6Xg_376BQL98aLQ8BkcOARjvCQGiiDWRwdJBdhhwxMjoYCQBJkQVWWjElyOnsWLw_6ZM4Qg:1lD6Kf:sobDW34USf9jysv5mgeawrEqspZ04qqbNG4jQBKrECs", "expire_date": "2021-03-05T14:00:33.725Z"}}, {"model": "sessions.session", "pk": "vqm7grq58tcfwtvg17w9vdjeopxdpoeb", "fields": {"session_data": ".eJxVjEEOwiAQRe_C2hAYpB1cuu8ZyMCAVA0kpV0Z765NutDtf-_9l_C0rcVvPS1-ZnERWpx-t0DxkeoO-E711mRsdV3mIHdFHrTLqXF6Xg_376BQL98aLQ8BkcOARjvCQGiiDWRwdJBdhhwxMjoYCQBJkQVWWjElyOnsWLw_6ZM4Qg:1lERtG:RSV2UMca9gR3HjQ79VSWpZeAtPj7hOnwXFiuPAkx-tA", "expire_date": "2021-03-09T07:13:50.790Z"}}]