[{"model": "dashboard.userdashboardmodule", "pk": 1, "fields": {"title": "Quick links", "module": "jet.dashboard.modules.LinkList", "app_label": null, "user": 1, "column": 0, "order": 0, "settings": "{\"draggable\": false, \"deletable\": false, \"collapsible\": false, \"layout\": \"inline\"}", "children": "[{\"title\": \"Return to site\", \"url\": \"/\"}, {\"title\": \"Change password\", \"url\": \"/admin/password_change/\"}, {\"title\": \"Log out\", \"url\": \"/admin/logout/\"}]", "collapsed": false}}, {"model": "dashboard.userdashboardmodule", "pk": 2, "fields": {"title": "Applications", "module": "jet.dashboard.modules.AppList", "app_label": null, "user": 1, "column": 1, "order": 0, "settings": "{\"models\": null, \"exclude\": [\"auth.*\"]}", "children": "", "collapsed": false}}, {"model": "dashboard.userdashboardmodule", "pk": 3, "fields": {"title": "Administration", "module": "jet.dashboard.modules.AppList", "app_label": null, "user": 1, "column": 2, "order": 0, "settings": "{\"models\": [\"auth.*\"], \"exclude\": null}", "children": "", "collapsed": false}}, {"model": "dashboard.userdashboardmodule", "pk": 4, "fields": {"title": "Recent Actions", "module": "jet.dashboard.modules.RecentActions", "app_label": null, "user": 1, "column": 0, "order": 1, "settings": "{\"limit\": 10, \"include_list\": null, \"exclude_list\": null, \"user\": null}", "children": "", "collapsed": false}}, {"model": "dashboard.userdashboardmodule", "pk": 5, "fields": {"title": "Latest Django News", "module": "jet.dashboard.modules.Feed", "app_label": null, "user": 1, "column": 1, "order": 1, "settings": "{\"feed_url\": \"http://www.djangoproject.com/rss/weblog/\", \"limit\": 5}", "children": "", "collapsed": false}}, {"model": "dashboard.userdashboardmodule", "pk": 6, "fields": {"title": "Support", "module": "jet.dashboard.modules.LinkList", "app_label": null, "user": 1, "column": 2, "order": 1, "settings": "{\"draggable\": true, \"deletable\": true, \"collapsible\": true, \"layout\": \"stacked\"}", "children": "[{\"title\": \"Django documentation\", \"url\": \"http://docs.djangoproject.com/\", \"external\": true}, {\"title\": \"Django \\\"django-users\\\" mailing list\", \"url\": \"http://groups.google.com/group/django-users\", \"external\": true}, {\"title\": \"Django irc channel\", \"url\": \"irc://irc.freenode.net/django\", \"external\": true}]", "collapsed": false}}, {"model": "dashboard.userdashboardmodule", "pk": 7, "fields": {"title": "Application models", "module": "jet.dashboard.modules.ModelList", "app_label": "product", "user": 1, "column": 0, "order": 0, "settings": "{\"models\": [\"product.*\"], \"exclude\": null}", "children": "", "collapsed": false}}, {"model": "dashboard.userdashboardmodule", "pk": 8, "fields": {"title": "Recent Actions", "module": "jet.dashboard.modules.RecentActions", "app_label": "product", "user": 1, "column": 1, "order": 0, "settings": "{\"limit\": 10, \"include_list\": [\"product.*\"], \"exclude_list\": null, \"user\": null}", "children": "", "collapsed": false}}, {"model": "dashboard.userdashboardmodule", "pk": 9, "fields": {"title": "Application models", "module": "jet.dashboard.modules.ModelList", "app_label": "account", "user": 1, "column": 0, "order": 0, "settings": "{\"models\": [\"account.*\"], \"exclude\": null}", "children": "", "collapsed": false}}, {"model": "dashboard.userdashboardmodule", "pk": 10, "fields": {"title": "Recent Actions", "module": "jet.dashboard.modules.RecentActions", "app_label": "account", "user": 1, "column": 1, "order": 0, "settings": "{\"limit\": 10, \"include_list\": [\"account.*\"], \"exclude_list\": null, \"user\": null}", "children": "", "collapsed": false}}, {"model": "dashboard.userdashboardmodule", "pk": 11, "fields": {"title": "Application models", "module": "jet.dashboard.modules.ModelList", "app_label": "auth", "user": 1, "column": 0, "order": 0, "settings": "{\"models\": [\"auth.*\"], \"exclude\": null}", "children": "", "collapsed": false}}, {"model": "dashboard.userdashboardmodule", "pk": 12, "fields": {"title": "Recent Actions", "module": "jet.dashboard.modules.RecentActions", "app_label": "auth", "user": 1, "column": 1, "order": 0, "settings": "{\"limit\": 10, \"include_list\": [\"auth.*\"], \"exclude_list\": null, \"user\": null}", "children": "", "collapsed": false}}, {"model": "dashboard.userdashboardmodule", "pk": 13, "fields": {"title": "Application models", "module": "jet.dashboard.modules.ModelList", "app_label": "contact", "user": 1, "column": 0, "order": 0, "settings": "{\"models\": [\"contact.*\"], \"exclude\": null}", "children": "", "collapsed": false}}, {"model": "dashboard.userdashboardmodule", "pk": 14, "fields": {"title": "Recent Actions", "module": "jet.dashboard.modules.RecentActions", "app_label": "contact", "user": 1, "column": 1, "order": 0, "settings": "{\"limit\": 10, \"include_list\": [\"contact.*\"], \"exclude_list\": null, \"user\": null}", "children": "", "collapsed": false}}, {"model": "dashboard.userdashboardmodule", "pk": 15, "fields": {"title": "Application models", "module": "jet.dashboard.modules.ModelList", "app_label": "index", "user": 1, "column": 0, "order": 0, "settings": "{\"models\": [\"index.*\"], \"exclude\": null}", "children": "", "collapsed": false}}, {"model": "dashboard.userdashboardmodule", "pk": 16, "fields": {"title": "Recent Actions", "module": "jet.dashboard.modules.RecentActions", "app_label": "index", "user": 1, "column": 1, "order": 0, "settings": "{\"limit\": 10, \"include_list\": [\"index.*\"], \"exclude_list\": null, \"user\": null}", "children": "", "collapsed": false}}, {"model": "dashboard.userdashboardmodule", "pk": 17, "fields": {"title": "Application models", "module": "jet.dashboard.modules.ModelList", "app_label": "order", "user": 1, "column": 0, "order": 0, "settings": "{\"models\": [\"order.*\"], \"exclude\": null}", "children": "", "collapsed": false}}, {"model": "dashboard.userdashboardmodule", "pk": 18, "fields": {"title": "Recent Actions", "module": "jet.dashboard.modules.RecentActions", "app_label": "order", "user": 1, "column": 1, "order": 0, "settings": "{\"limit\": 10, \"include_list\": [\"order.*\"], \"exclude_list\": null, \"user\": null}", "children": "", "collapsed": false}}, {"model": "contact.contact", "pk": 1, "fields": {"first_name": "Husubayli", "last_name": "Elvin", "phone_number": "+994505262026", "email": "husubeyli@gmail.com", "message": "ad", "created_at": "2021-02-26T00:19:53.204Z"}}, {"model": "contact.contact", "pk": 2, "fields": {"first_name": "Husubayli", "last_name": "Elvin", "phone_number": "+994559990770", "email": "husubeyli@gmail.com", "message": "sada", "created_at": "2021-02-26T09:09:39.775Z"}}, {"model": "contact.contact", "pk": 4, "fields": {"first_name": "Husubayli", "last_name": "Elvin", "phone_number": "+994505262026", "email": "husubeyli@gmail.com", "message": "salam", "created_at": "2021-02-26T12:01:48.555Z"}}, {"model": "contact.contact", "pk": 5, "fields": {"first_name": "Husubayli", "last_name": "Elvin", "phone_number": "+994505262026", "email": "husubeyli@gmail.com", "message": "salam", "created_at": "2021-02-26T12:03:23.204Z"}}, {"model": "contact.contact", "pk": 6, "fields": {"first_name": "Husubayli", "last_name": "Elvin", "phone_number": "+994505262026", "email": "husubeyli@gmail.com", "message": "salam", "created_at": "2021-02-26T12:06:00.292Z"}}, {"model": "contact.contact", "pk": 7, "fields": {"first_name": "Husubayli", "last_name": "Elvin", "phone_number": "+994505262026", "email": "husubeyli@gmail.com", "message": "salam", "created_at": "2021-02-26T12:06:57.305Z"}}, {"model": "contact.contact", "pk": 8, "fields": {"first_name": "Husubayli", "last_name": "Elvin", "phone_number": "+994505262026", "email": "husubeyli@gmail.com", "message": "salam", "created_at": "2021-02-26T12:07:12.287Z"}}, {"model": "contact.contact", "pk": 9, "fields": {"first_name": "Husubayli", "last_name": "Elvin", "phone_number": "+994505262026", "email": "husubeyli@gmail.com", "message": "salam", "created_at": "2021-02-26T12:08:55.309Z"}}, {"model": "contact.contact", "pk": 10, "fields": {"first_name": "Husubayli", "last_name": "Elvin", "phone_number": "+994505262026", "email": "husubeyli@gmail.com", "message": "sa", "created_at": "2021-02-26T12:09:37.292Z"}}, {"model": "product.marka", "pk": 27, "fields": {"title": "Apple", "image": "", "description": "", "slug": "apple", "status": true, "created_at": "2021-02-19T22:24:34.504Z", "updated_at": "2021-02-19T22:24:34.535Z"}}, {"model": "product.marka", "pk": 32, "fields": {"title": "Samsung", "image": "", "description": "", "slug": "samsung-32", "status": true, "created_at": "2021-02-23T22:00:19.435Z", "updated_at": "2021-02-23T22:00:19.453Z"}}, {"model": "product.marka", "pk": 33, "fields": {"title": "Bakcell", "image": "marka_images/bakcell.png", "description": "", "slug": "bakcell-33", "status": true, "created_at": "2021-03-01T14:47:07.936Z", "updated_at": "2021-03-01T14:59:22.950Z"}}, {"model": "product.marka", "pk": 34, "fields": {"title": "Azercell", "image": "marka_images/azercell_PbFzgQt.png", "description": "", "slug": "azercell-34", "status": true, "created_at": "2021-03-01T16:39:02.636Z", "updated_at": "2021-03-05T00:15:14.047Z"}}, {"model": "product.marka", "pk": 35, "fields": {"title": "Xiaomi", "image": "", "description": "", "slug": "xiaomi-35", "status": true, "created_at": "2021-03-04T21:28:15.331Z", "updated_at": "2021-03-04T21:28:15.375Z"}}, {"model": "product.marka", "pk": 36, "fields": {"title": "Nokia", "image": "", "description": "", "slug": "nokia-36", "status": true, "created_at": "2021-03-04T22:25:38.694Z", "updated_at": "2021-03-04T22:25:38.727Z"}}, {"model": "product.marka", "pk": 37, "fields": {"title": "Acer", "image": "", "description": "", "slug": "acer-37", "status": true, "created_at": "2021-03-04T23:21:28.264Z", "updated_at": "2021-03-04T23:21:28.375Z"}}, {"model": "product.marka", "pk": 38, "fields": {"title": "HP", "image": "", "description": "", "slug": "hp-38", "status": true, "created_at": "2021-03-04T23:21:42.043Z", "updated_at": "2021-03-04T23:21:42.072Z"}}, {"model": "product.marka", "pk": 39, "fields": {"title": "JBL", "image": "", "description": "", "slug": "jbl-39", "status": true, "created_at": "2021-03-04T23:54:41.037Z", "updated_at": "2021-03-04T23:54:41.085Z"}}, {"model": "product.marka", "pk": 40, "fields": {"title": "Nar", "image": "marka_images/nar.png", "description": "", "slug": "nar-40", "status": true, "created_at": "2021-03-05T00:09:11.743Z", "updated_at": "2021-03-05T00:09:11.775Z"}}, {"model": "product.category", "pk": 91, "fields": {"title": "Telefon və planşetlər", "image": "", "description": "", "slug": "telefon-ve-plansetler", "is_main": true, "is_second": false, "is_third": false, "status": true, "created_at": "2021-03-04T16:31:34.348Z", "updated_at": "2021-03-04T16:36:12.306Z", "parent": [95, 96, 97, 98, 99, 100, 101, 103, 104, 105, 115]}}, {"model": "product.category", "pk": 92, "fields": {"title": "Kompüter texnikası", "image": "", "description": "", "slug": "komputer-texnikasi", "is_main": true, "is_second": false, "is_third": false, "status": true, "created_at": "2021-03-04T16:32:29.227Z", "updated_at": "2021-03-04T16:36:22.179Z", "parent": [106, 107, 108, 116, 117, 118]}}, {"model": "product.category", "pk": 93, "fields": {"title": "Aksesuarlar", "image": "", "description": "", "slug": "aksesuarlar", "is_main": true, "is_second": false, "is_third": false, "status": true, "created_at": "2021-03-04T16:36:39.300Z", "updated_at": "2021-03-04T16:36:39.401Z", "parent": [109, 110, 111]}}, {"model": "product.category", "pk": 94, "fields": {"title": "Nömrələr", "image": "", "description": "", "slug": "nomreler", "is_main": true, "is_second": false, "is_third": false, "status": true, "created_at": "2021-03-04T16:37:21.431Z", "updated_at": "2021-03-04T16:37:21.557Z", "parent": [112, 113, 114]}}, {"model": "product.category", "pk": 95, "fields": {"title": "Smartfonlar", "image": "", "description": "", "slug": "telefon-ve-plansetler-smartfonlar", "is_main": false, "is_second": true, "is_third": false, "status": true, "created_at": "2021-03-04T16:37:35.564Z", "updated_at": "2021-03-04T16:37:35.772Z", "parent": [91, 98, 99, 100]}}, {"model": "product.category", "pk": 96, "fields": {"title": "Planşetlər", "image": "", "description": "", "slug": "telefon-ve-plansetler-plansetler", "is_main": false, "is_second": true, "is_third": false, "status": true, "created_at": "2021-03-04T16:38:22.749Z", "updated_at": "2021-03-04T16:38:22.926Z", "parent": [91, 101, 102, 103]}}, {"model": "product.category", "pk": 97, "fields": {"title": "Düyməli telefonlar", "image": "", "description": "", "slug": "telefon-ve-plansetler-duymeli-telefonlar", "is_main": false, "is_second": true, "is_third": false, "status": true, "created_at": "2021-03-04T16:38:48.091Z", "updated_at": "2021-03-04T16:38:48.249Z", "parent": [91, 104, 105, 115]}}, {"model": "product.category", "pk": 98, "fields": {"title": "Apple", "image": "", "description": "", "slug": "smartfonlar-apple", "is_main": false, "is_second": false, "is_third": true, "status": true, "created_at": "2021-03-04T16:39:03.206Z", "updated_at": "2021-03-04T16:39:03.390Z", "parent": [91, 95]}}, {"model": "product.category", "pk": 99, "fields": {"title": "Samsung", "image": "", "description": "", "slug": "smartfonlar-samsung", "is_main": false, "is_second": false, "is_third": true, "status": true, "created_at": "2021-03-04T16:39:25.810Z", "updated_at": "2021-03-04T16:39:25.968Z", "parent": [91, 95]}}, {"model": "product.category", "pk": 100, "fields": {"title": "Xiaomi", "image": "", "description": "", "slug": "smartfonlar-xiaomi", "is_main": false, "is_second": false, "is_third": true, "status": true, "created_at": "2021-03-04T16:39:44.515Z", "updated_at": "2021-03-04T16:39:44.687Z", "parent": [91, 95]}}, {"model": "product.category", "pk": 101, "fields": {"title": "Apple", "image": "", "description": "", "slug": "plansetler-apple", "is_main": false, "is_second": false, "is_third": true, "status": true, "created_at": "2021-03-04T16:40:02.531Z", "updated_at": "2021-03-04T16:40:02.821Z", "parent": [91, 96]}}, {"model": "product.category", "pk": 102, "fields": {"title": "Samsung", "image": "", "description": "", "slug": "plansetler-samsung", "is_main": false, "is_second": false, "is_third": true, "status": true, "created_at": "2021-03-04T16:40:46.910Z", "updated_at": "2021-03-04T16:40:47.192Z", "parent": [96]}}, {"model": "product.category", "pk": 103, "fields": {"title": "Xiaomi", "image": "", "description": "", "slug": "plansetler-xiaomi", "is_main": false, "is_second": false, "is_third": true, "status": true, "created_at": "2021-03-04T16:41:06.665Z", "updated_at": "2021-03-04T16:41:06.836Z", "parent": [91, 96]}}, {"model": "product.category", "pk": 104, "fields": {"title": "Nokia", "image": "", "description": "", "slug": "duymeli-telefonlar-nokia", "is_main": false, "is_second": false, "is_third": true, "status": true, "created_at": "2021-03-04T16:42:04.232Z", "updated_at": "2021-03-04T16:42:04.402Z", "parent": [91, 97]}}, {"model": "product.category", "pk": 105, "fields": {"title": "Motorola", "image": "", "description": "", "slug": "duymeli-telefonlar-motorola", "is_main": false, "is_second": false, "is_third": true, "status": true, "created_at": "2021-03-04T16:42:25.602Z", "updated_at": "2021-03-04T16:42:25.832Z", "parent": [91, 97]}}, {"model": "product.category", "pk": 106, "fields": {"title": "Notbuklar", "image": "", "description": "", "slug": "komputer-texnikasi-notbuklar", "is_main": false, "is_second": true, "is_third": false, "status": true, "created_at": "2021-03-04T16:42:57.252Z", "updated_at": "2021-03-04T23:15:10.586Z", "parent": [92, 116, 117, 118]}}, {"model": "product.category", "pk": 107, "fields": {"title": "Scaner", "image": "", "description": "", "slug": "komputer-texnikasi-scaner", "is_main": false, "is_second": true, "is_third": false, "status": true, "created_at": "2021-03-04T16:43:30.447Z", "updated_at": "2021-03-04T23:15:20.847Z", "parent": [92]}}, {"model": "product.category", "pk": 108, "fields": {"title": "Printer", "image": "", "description": "", "slug": "komputer-texnikasi-printer", "is_main": false, "is_second": true, "is_third": false, "status": true, "created_at": "2021-03-04T16:43:52.708Z", "updated_at": "2021-03-04T23:15:30.838Z", "parent": [92]}}, {"model": "product.category", "pk": 109, "fields": {"title": "Qulaqcıq", "image": "", "description": "", "slug": "aksesuarlar-qulaqciq", "is_main": false, "is_second": true, "is_third": false, "status": true, "created_at": "2021-03-04T16:44:46.640Z", "updated_at": "2021-03-04T16:44:47.127Z", "parent": [93]}}, {"model": "product.category", "pk": 110, "fields": {"title": "Ekran qoruyucu", "image": "", "description": "", "slug": "aksesuarlar-ekran-qoruyucu", "is_main": false, "is_second": true, "is_third": false, "status": true, "created_at": "2021-03-04T16:45:05.198Z", "updated_at": "2021-03-04T16:45:05.367Z", "parent": [93]}}, {"model": "product.category", "pk": 111, "fields": {"title": "Adapter", "image": "", "description": "", "slug": "aksesuarlar-adapter", "is_main": false, "is_second": true, "is_third": false, "status": true, "created_at": "2021-03-04T16:45:42.947Z", "updated_at": "2021-03-04T16:45:43.144Z", "parent": [93]}}, {"model": "product.category", "pk": 112, "fields": {"title": "Azercell", "image": "", "description": "", "slug": "nomreler-azercell", "is_main": false, "is_second": true, "is_third": false, "status": true, "created_at": "2021-03-04T16:46:14.031Z", "updated_at": "2021-03-04T16:46:14.217Z", "parent": [94]}}, {"model": "product.category", "pk": 113, "fields": {"title": "Bakcell", "image": "", "description": "", "slug": "nomreler-bakcell", "is_main": false, "is_second": true, "is_third": false, "status": true, "created_at": "2021-03-04T16:46:27.489Z", "updated_at": "2021-03-04T16:46:27.659Z", "parent": [94]}}, {"model": "product.category", "pk": 114, "fields": {"title": "Nar", "image": "", "description": "", "slug": "nomreler-nar", "is_main": false, "is_second": true, "is_third": false, "status": true, "created_at": "2021-03-04T16:46:44.198Z", "updated_at": "2021-03-04T16:48:33.977Z", "parent": [94]}}, {"model": "product.category", "pk": 115, "fields": {"title": "Samsung", "image": "", "description": "", "slug": "duymeli-telefonlar-samsung", "is_main": false, "is_second": false, "is_third": true, "status": true, "created_at": "2021-03-04T16:47:39.758Z", "updated_at": "2021-03-04T16:47:55.296Z", "parent": [91, 97]}}, {"model": "product.category", "pk": 116, "fields": {"title": "Acer", "image": "", "description": "", "slug": "notbuklar-acer", "is_main": false, "is_second": false, "is_third": true, "status": true, "created_at": "2021-03-04T23:16:26.844Z", "updated_at": "2021-03-04T23:16:27.111Z", "parent": [92, 106]}}, {"model": "product.category", "pk": 117, "fields": {"title": "Apple", "image": "", "description": "", "slug": "notbuklar-apple", "is_main": false, "is_second": false, "is_third": true, "status": true, "created_at": "2021-03-04T23:16:56.629Z", "updated_at": "2021-03-04T23:19:13.950Z", "parent": [92, 106]}}, {"model": "product.category", "pk": 118, "fields": {"title": "HP", "image": "", "description": "", "slug": "notbuklar-hp", "is_main": false, "is_second": false, "is_third": true, "status": true, "created_at": "2021-03-04T23:17:25.805Z", "updated_at": "2021-03-04T23:19:24.672Z", "parent": [92, 106]}}, {"model": "product.product", "pk": 3, "fields": {"color_title": null, "color_code": null, "operator_code": "055", "title": "4727773", "slug": "4727773-3", "sku": "02123", "description": "", "sale_count": 0, "is_published": true, "is_new": true, "is_featured": false, "is_discount": false, "price": "13.00", "discount_type": 1, "discount_value": null, "status": true, "created_at": "2021-02-19T22:19:03.323Z", "updated_at": "2021-03-04T19:47:03.492Z", "tags": [], "same_product": [], "category": [94, 113], "who_like": [], "marka": [33]}}, {"model": "product.product", "pk": 4, "fields": {"color_title": "Space Gray", "color_code": "#858585", "operator_code": null, "title": "iPhone XS", "slug": "iphone-xs-4", "sku": "000001", "description": "", "sale_count": 0, "is_published": true, "is_new": true, "is_featured": false, "is_discount": false, "price": "1000.00", "discount_type": 1, "discount_value": null, "status": true, "created_at": "2021-02-23T07:32:34.531Z", "updated_at": "2021-03-04T16:50:10.219Z", "tags": [], "same_product": [5], "category": [91, 95, 98], "who_like": [], "marka": [27]}}, {"model": "product.product", "pk": 5, "fields": {"color_title": "Red", "color_code": "#FF250B", "operator_code": null, "title": "iPhone XS", "slug": "iphone-xs-5", "sku": "000002", "description": "", "sale_count": 0, "is_published": true, "is_new": false, "is_featured": false, "is_discount": false, "price": "1100.00", "discount_type": 1, "discount_value": null, "status": true, "created_at": "2021-02-23T07:34:11.436Z", "updated_at": "2021-03-05T16:02:43.118Z", "tags": [], "same_product": [4], "category": [91, 95, 98], "who_like": [], "marka": [27]}}, {"model": "product.product", "pk": 6, "fields": {"color_title": null, "color_code": null, "operator_code": "050", "title": "5262026", "slug": "5262026-6", "sku": "000004", "description": "", "sale_count": 0, "is_published": true, "is_new": true, "is_featured": false, "is_discount": false, "price": "200.00", "discount_type": 1, "discount_value": null, "status": true, "created_at": "2021-03-01T16:40:32.265Z", "updated_at": "2021-03-04T19:47:26.050Z", "tags": [], "same_product": [], "category": [94, 112], "who_like": [], "marka": [34]}}, {"model": "product.product", "pk": 7, "fields": {"color_title": "Phantom Gray", "color_code": "#787878", "operator_code": null, "title": "Galaxy S21 (G991)", "slug": "galaxy-s21-g991-7", "sku": "sasasasasasa", "description": "", "sale_count": 10, "is_published": true, "is_new": true, "is_featured": false, "is_discount": false, "price": "2099.00", "discount_type": 1, "discount_value": null, "status": true, "created_at": "2021-03-04T20:30:46.670Z", "updated_at": "2021-03-04T20:38:33.962Z", "tags": [], "same_product": [22], "category": [91, 95, 99], "who_like": [], "marka": [32]}}, {"model": "product.product", "pk": 8, "fields": {"color_title": "Blue", "color_code": "#25C7D1", "operator_code": null, "title": "Redmi Note 8 Pro", "slug": "redmi-note-8-pro-8", "sku": "123ee121", "description": "", "sale_count": 10, "is_published": true, "is_new": false, "is_featured": true, "is_discount": false, "price": "499.00", "discount_type": 1, "discount_value": null, "status": true, "created_at": "2021-03-04T21:43:09.299Z", "updated_at": "2021-03-04T21:43:09.327Z", "tags": [], "same_product": [], "category": [91, 95, 100], "who_like": [], "marka": [35]}}, {"model": "product.product", "pk": 9, "fields": {"color_title": "Space Gray", "color_code": "#606060", "operator_code": null, "title": "iPad Pro 12.9\" Wi-Fi (2020)", "slug": "ipad-pro-12-9-wi-fi-2020-9", "sku": "121q11", "description": "", "sale_count": 5, "is_published": true, "is_new": true, "is_featured": false, "is_discount": false, "price": "2399.00", "discount_type": 1, "discount_value": null, "status": true, "created_at": "2021-03-04T21:46:42.358Z", "updated_at": "2021-03-06T15:19:11.714Z", "tags": [], "same_product": [], "category": [91, 96, 101], "who_like": [], "marka": [27]}}, {"model": "product.product", "pk": 10, "fields": {"color_title": "Gold", "color_code": "#AE9E1C", "operator_code": null, "title": "Galaxy Tab S6 10.5\" LTE (T865)", "slug": "galaxy-tab-s6-10-5-lte-t865-10", "sku": "121212131", "description": "", "sale_count": 0, "is_published": true, "is_new": true, "is_featured": false, "is_discount": false, "price": "1499.00", "discount_type": 1, "discount_value": null, "status": true, "created_at": "2021-03-04T22:17:03.056Z", "updated_at": "2021-03-04T22:19:32.898Z", "tags": [], "same_product": [], "category": [91, 96, 102], "who_like": [], "marka": [32]}}, {"model": "product.product", "pk": 11, "fields": {"color_title": "Red", "color_code": "#E30F3C", "operator_code": null, "title": "130", "slug": "130-11", "sku": "222244q", "description": "", "sale_count": 5, "is_published": true, "is_new": true, "is_featured": false, "is_discount": false, "price": "59.00", "discount_type": 1, "discount_value": null, "status": true, "created_at": "2021-03-04T22:25:14.745Z", "updated_at": "2021-03-04T23:51:47.612Z", "tags": [], "same_product": [12], "category": [91, 97, 104], "who_like": [], "marka": [36]}}, {"model": "product.product", "pk": 12, "fields": {"color_title": "Black", "color_code": "#000000", "operator_code": null, "title": "130", "slug": "130-12", "sku": "s1w1dasaxa", "description": "", "sale_count": 5, "is_published": true, "is_new": true, "is_featured": false, "is_discount": false, "price": "59.00", "discount_type": 1, "discount_value": null, "status": true, "created_at": "2021-03-04T22:30:19.167Z", "updated_at": "2021-03-04T23:51:21.298Z", "tags": [], "same_product": [11], "category": [91, 97, 104], "who_like": [], "marka": [36]}}, {"model": "product.product", "pk": 13, "fields": {"color_title": null, "color_code": null, "operator_code": null, "title": "13\" Spin 5 SP513-53N-54TU (NXH62ER009)", "slug": "13-spin-5-sp513-53n-54tu-nxh62er009-13", "sku": "212121313", "description": "", "sale_count": 5, "is_published": true, "is_new": true, "is_featured": false, "is_discount": false, "price": "1963.00", "discount_type": 1, "discount_value": null, "status": true, "created_at": "2021-03-04T23:26:36.297Z", "updated_at": "2021-03-04T23:50:58.469Z", "tags": [], "same_product": [], "category": [92, 106, 116], "who_like": [], "marka": [37]}}, {"model": "product.product", "pk": 14, "fields": {"color_title": "Space Gray", "color_code": "#A6A6A6", "operator_code": null, "title": "MacBook Air 13\" (MGN63RU/A) (2020)", "slug": "macbook-air-13-mgn63ru-a-2020-14", "sku": "121313", "description": "", "sale_count": 10, "is_published": true, "is_new": true, "is_featured": false, "is_discount": false, "price": "3250.00", "discount_type": 1, "discount_value": null, "status": true, "created_at": "2021-03-04T23:47:29.865Z", "updated_at": "2021-03-04T23:47:29.893Z", "tags": [], "same_product": [], "category": [92, 106, 117], "who_like": [], "marka": [27]}}, {"model": "product.product", "pk": 15, "fields": {"color_title": "Red", "color_code": "#DE0505", "operator_code": null, "title": "Endurance Run Sweatproof Wireless In-Ear Sport Headphones", "slug": "endurance-run-sweatproof-wireless-in-ear-sport-headphones-15", "sku": "w131411", "description": "", "sale_count": -24, "is_published": true, "is_new": true, "is_featured": false, "is_discount": false, "price": "64.00", "discount_type": 1, "discount_value": null, "status": true, "created_at": "2021-03-04T23:55:58.820Z", "updated_at": "2021-03-05T00:00:51.927Z", "tags": [], "same_product": [], "category": [93, 109], "who_like": [], "marka": [39]}}, {"model": "product.product", "pk": 16, "fields": {"color_title": null, "color_code": null, "operator_code": null, "title": "AC Power Adapter Fast USB-C (18W)", "slug": "ac-power-adapter-fast-usb-c-18w-16", "sku": "w1w1e1e1", "description": "", "sale_count": 5, "is_published": true, "is_new": true, "is_featured": false, "is_discount": false, "price": "55.00", "discount_type": 1, "discount_value": null, "status": true, "created_at": "2021-03-05T00:03:01.143Z", "updated_at": "2021-03-05T00:03:01.172Z", "tags": [], "same_product": [], "category": [93, 111], "who_like": [], "marka": [27]}}, {"model": "product.product", "pk": 17, "fields": {"color_title": null, "color_code": null, "operator_code": null, "title": "USB-C Cable (USB-C to USB-A) with Fast Charging Adapter", "slug": "usb-c-cable-usb-c-to-usb-a-with-fast-charging-adapter-17", "sku": "1211e3wdd", "description": "", "sale_count": 5, "is_published": true, "is_new": true, "is_featured": false, "is_discount": false, "price": "34.00", "discount_type": 1, "discount_value": null, "status": true, "created_at": "2021-03-05T00:05:12.457Z", "updated_at": "2021-03-05T00:09:38.829Z", "tags": [], "same_product": [], "category": [93, 111], "who_like": [], "marka": [32]}}, {"model": "product.product", "pk": 18, "fields": {"color_title": null, "color_code": null, "operator_code": "070", "title": "3331407", "slug": "3331407-18", "sku": "eqeqe", "description": "", "sale_count": 0, "is_published": true, "is_new": true, "is_featured": false, "is_discount": false, "price": "25.00", "discount_type": 1, "discount_value": null, "status": true, "created_at": "2021-03-05T00:09:16.428Z", "updated_at": "2021-03-05T15:08:34.414Z", "tags": [], "same_product": [], "category": [94, 114], "who_like": [], "marka": [40]}}, {"model": "product.product", "pk": 19, "fields": {"color_title": null, "color_code": null, "operator_code": "051", "title": "6573666", "slug": "6573666-19", "sku": "wqwqwqwqwqw", "description": "", "sale_count": 6, "is_published": true, "is_new": true, "is_featured": false, "is_discount": false, "price": "45.00", "discount_type": 1, "discount_value": null, "status": true, "created_at": "2021-03-05T00:11:12.796Z", "updated_at": "2021-03-05T16:17:07.366Z", "tags": [], "same_product": [], "category": [94, 112], "who_like": [], "marka": [34]}}, {"model": "product.product", "pk": 20, "fields": {"color_title": null, "color_code": null, "operator_code": "055", "title": "9991770", "slug": "9991770-20", "sku": "1w1edaw", "description": "", "sale_count": 3, "is_published": true, "is_new": true, "is_featured": false, "is_discount": false, "price": "999.00", "discount_type": 1, "discount_value": null, "status": true, "created_at": "2021-03-05T00:12:30.886Z", "updated_at": "2021-03-05T15:07:34.603Z", "tags": [], "same_product": [], "category": [94, 113], "who_like": [], "marka": [33]}}, {"model": "product.product", "pk": 21, "fields": {"color_title": null, "color_code": null, "operator_code": "077", "title": "4444644", "slug": "4444644-21", "sku": "1211e2", "description": "", "sale_count": 4, "is_published": true, "is_new": true, "is_featured": false, "is_discount": false, "price": "279.99", "discount_type": 1, "discount_value": null, "status": true, "created_at": "2021-03-05T00:13:47.511Z", "updated_at": "2021-03-05T15:08:07.099Z", "tags": [], "same_product": [], "category": [94, 114], "who_like": [], "marka": [40]}}, {"model": "product.product", "pk": 22, "fields": {"color_title": "Phantom Pink", "color_code": "#FFBEA3", "operator_code": null, "title": "Galaxy S21 (G991)", "slug": "galaxy-s21-g991-22", "sku": "121131", "description": "", "sale_count": 5, "is_published": true, "is_new": true, "is_featured": false, "is_discount": false, "price": "2099.00", "discount_type": 1, "discount_value": null, "status": true, "created_at": "2021-03-05T00:23:59.840Z", "updated_at": "2021-03-05T00:24:26.475Z", "tags": [], "same_product": [7], "category": [91, 95, 99], "who_like": [], "marka": [32]}}, {"model": "product.product", "pk": 23, "fields": {"color_title": null, "color_code": null, "operator_code": null, "title": "17.3\" OMEN 17-cb1015ur (1v1y1ea)", "slug": "17-3-omen-17-cb1015ur-1v1y1ea-23", "sku": "xaaqsq", "description": "", "sale_count": 4, "is_published": true, "is_new": true, "is_featured": false, "is_discount": false, "price": "4532.00", "discount_type": 1, "discount_value": null, "status": true, "created_at": "2021-03-05T00:33:49.363Z", "updated_at": "2021-03-05T00:33:49.389Z", "tags": [], "same_product": [], "category": [92, 106, 118], "who_like": [], "marka": [38]}}, {"model": "product.product_details", "pk": 1, "fields": {"product": 4, "product_details_property_name": 12, "product_details_propert_value": 8, "is_feature": false, "is_detail": false, "is_file": false, "status": true, "created_at": "2021-02-23T07:32:34.711Z", "updated_at": "2021-02-23T07:32:34.711Z"}}, {"model": "product.product_details", "pk": 3, "fields": {"product": 5, "product_details_property_name": 12, "product_details_propert_value": 8, "is_feature": true, "is_detail": false, "is_file": false, "status": true, "created_at": "2021-02-23T07:34:11.646Z", "updated_at": "2021-02-23T12:04:50.550Z"}}, {"model": "product.product_details", "pk": 5, "fields": {"product": 7, "product_details_property_name": 12, "product_details_propert_value": 8, "is_feature": false, "is_detail": false, "is_file": false, "status": true, "created_at": "2021-03-04T20:30:47.385Z", "updated_at": "2021-03-04T20:30:47.385Z"}}, {"model": "product.product_details", "pk": 7, "fields": {"product": 7, "product_details_property_name": 16, "product_details_propert_value": 15, "is_feature": false, "is_detail": false, "is_file": false, "status": true, "created_at": "2021-03-04T20:30:47.466Z", "updated_at": "2021-03-04T20:30:47.466Z"}}, {"model": "product.product_details", "pk": 8, "fields": {"product": 7, "product_details_property_name": 17, "product_details_propert_value": 11, "is_feature": false, "is_detail": false, "is_file": false, "status": true, "created_at": "2021-03-04T20:30:47.487Z", "updated_at": "2021-03-04T20:30:47.487Z"}}, {"model": "product.product_details", "pk": 9, "fields": {"product": 7, "product_details_property_name": 18, "product_details_propert_value": 12, "is_feature": false, "is_detail": false, "is_file": false, "status": true, "created_at": "2021-03-04T20:30:47.513Z", "updated_at": "2021-03-04T20:30:47.513Z"}}, {"model": "product.product_details", "pk": 10, "fields": {"product": 7, "product_details_property_name": 19, "product_details_propert_value": 13, "is_feature": false, "is_detail": false, "is_file": false, "status": true, "created_at": "2021-03-04T20:30:47.533Z", "updated_at": "2021-03-04T20:30:47.533Z"}}, {"model": "product.product_details", "pk": 12, "fields": {"product": 7, "product_details_property_name": 21, "product_details_propert_value": 15, "is_feature": false, "is_detail": false, "is_file": false, "status": true, "created_at": "2021-03-04T20:30:47.575Z", "updated_at": "2021-03-04T20:30:47.575Z"}}, {"model": "product.product_details", "pk": 13, "fields": {"product": 7, "product_details_property_name": 22, "product_details_propert_value": 16, "is_feature": false, "is_detail": false, "is_file": false, "status": true, "created_at": "2021-03-04T20:30:47.598Z", "updated_at": "2021-03-04T20:30:47.598Z"}}, {"model": "product.product_details", "pk": 14, "fields": {"product": 7, "product_details_property_name": 23, "product_details_propert_value": 17, "is_feature": false, "is_detail": false, "is_file": false, "status": true, "created_at": "2021-03-04T20:30:47.619Z", "updated_at": "2021-03-04T20:30:47.619Z"}}, {"model": "product.product_details", "pk": 15, "fields": {"product": 7, "product_details_property_name": 24, "product_details_propert_value": 18, "is_feature": false, "is_detail": false, "is_file": false, "status": true, "created_at": "2021-03-04T20:30:47.659Z", "updated_at": "2021-03-04T20:30:47.659Z"}}, {"model": "product.product_details", "pk": 16, "fields": {"product": 7, "product_details_property_name": 25, "product_details_propert_value": 19, "is_feature": false, "is_detail": false, "is_file": false, "status": true, "created_at": "2021-03-04T20:30:47.686Z", "updated_at": "2021-03-04T20:30:47.686Z"}}, {"model": "product.product_details", "pk": 17, "fields": {"product": 7, "product_details_property_name": 26, "product_details_propert_value": 21, "is_feature": false, "is_detail": false, "is_file": false, "status": true, "created_at": "2021-03-04T20:30:47.710Z", "updated_at": "2021-03-04T20:30:47.710Z"}}, {"model": "product.product_details", "pk": 18, "fields": {"product": 7, "product_details_property_name": 27, "product_details_propert_value": 22, "is_feature": false, "is_detail": false, "is_file": false, "status": true, "created_at": "2021-03-04T20:30:47.733Z", "updated_at": "2021-03-04T20:30:47.733Z"}}, {"model": "product.product_details", "pk": 19, "fields": {"product": 7, "product_details_property_name": 28, "product_details_propert_value": 20, "is_feature": false, "is_detail": false, "is_file": false, "status": true, "created_at": "2021-03-04T20:30:47.766Z", "updated_at": "2021-03-04T20:30:47.766Z"}}, {"model": "product.product_details", "pk": 20, "fields": {"product": 7, "product_details_property_name": 29, "product_details_propert_value": 23, "is_feature": false, "is_detail": false, "is_file": false, "status": true, "created_at": "2021-03-04T20:37:44.843Z", "updated_at": "2021-03-04T20:37:44.843Z"}}, {"model": "product.product_details", "pk": 21, "fields": {"product": 7, "product_details_property_name": 30, "product_details_propert_value": 24, "is_feature": false, "is_detail": false, "is_file": false, "status": true, "created_at": "2021-03-04T20:37:44.870Z", "updated_at": "2021-03-04T20:37:44.870Z"}}, {"model": "product.product_details", "pk": 22, "fields": {"product": 7, "product_details_property_name": 31, "product_details_propert_value": 23, "is_feature": false, "is_detail": false, "is_file": false, "status": true, "created_at": "2021-03-04T20:37:44.896Z", "updated_at": "2021-03-04T20:37:44.896Z"}}, {"model": "product.product_details", "pk": 23, "fields": {"product": 7, "product_details_property_name": 32, "product_details_propert_value": 25, "is_feature": false, "is_detail": false, "is_file": false, "status": true, "created_at": "2021-03-04T20:37:44.920Z", "updated_at": "2021-03-04T20:37:44.920Z"}}, {"model": "product.product_details", "pk": 24, "fields": {"product": 7, "product_details_property_name": 33, "product_details_propert_value": 26, "is_feature": false, "is_detail": false, "is_file": false, "status": true, "created_at": "2021-03-04T20:37:44.947Z", "updated_at": "2021-03-04T20:37:44.947Z"}}, {"model": "product.product_details", "pk": 25, "fields": {"product": 7, "product_details_property_name": 34, "product_details_propert_value": 27, "is_feature": false, "is_detail": false, "is_file": false, "status": true, "created_at": "2021-03-04T20:37:44.971Z", "updated_at": "2021-03-04T20:37:44.971Z"}}, {"model": "product.product_details", "pk": 26, "fields": {"product": 8, "product_details_property_name": 12, "product_details_propert_value": 8, "is_feature": false, "is_detail": false, "is_file": false, "status": true, "created_at": "2021-03-04T21:43:09.774Z", "updated_at": "2021-03-04T21:43:09.774Z"}}, {"model": "product.product_details", "pk": 27, "fields": {"product": 8, "product_details_property_name": 16, "product_details_propert_value": 29, "is_feature": false, "is_detail": false, "is_file": false, "status": true, "created_at": "2021-03-04T21:43:09.830Z", "updated_at": "2021-03-04T21:43:09.830Z"}}, {"model": "product.product_details", "pk": 28, "fields": {"product": 8, "product_details_property_name": 17, "product_details_propert_value": 30, "is_feature": false, "is_detail": false, "is_file": false, "status": true, "created_at": "2021-03-04T21:43:09.865Z", "updated_at": "2021-03-04T21:43:09.865Z"}}, {"model": "product.product_details", "pk": 29, "fields": {"product": 8, "product_details_property_name": 18, "product_details_propert_value": 31, "is_feature": false, "is_detail": false, "is_file": false, "status": true, "created_at": "2021-03-04T21:43:09.885Z", "updated_at": "2021-03-04T21:43:09.885Z"}}, {"model": "product.product_details", "pk": 30, "fields": {"product": 8, "product_details_property_name": 19, "product_details_propert_value": 32, "is_feature": false, "is_detail": false, "is_file": false, "status": true, "created_at": "2021-03-04T21:43:09.909Z", "updated_at": "2021-03-04T21:43:09.909Z"}}, {"model": "product.product_details", "pk": 31, "fields": {"product": 8, "product_details_property_name": 20, "product_details_propert_value": 33, "is_feature": false, "is_detail": false, "is_file": false, "status": true, "created_at": "2021-03-04T21:43:09.932Z", "updated_at": "2021-03-04T21:43:09.932Z"}}, {"model": "product.product_details", "pk": 32, "fields": {"product": 8, "product_details_property_name": 21, "product_details_propert_value": 34, "is_feature": false, "is_detail": false, "is_file": false, "status": true, "created_at": "2021-03-04T21:43:09.952Z", "updated_at": "2021-03-04T21:43:09.952Z"}}, {"model": "product.product_details", "pk": 33, "fields": {"product": 8, "product_details_property_name": 22, "product_details_propert_value": 35, "is_feature": false, "is_detail": false, "is_file": false, "status": true, "created_at": "2021-03-04T21:43:09.973Z", "updated_at": "2021-03-04T21:43:09.973Z"}}, {"model": "product.product_details", "pk": 34, "fields": {"product": 8, "product_details_property_name": 23, "product_details_propert_value": 36, "is_feature": false, "is_detail": false, "is_file": false, "status": true, "created_at": "2021-03-04T21:43:10Z", "updated_at": "2021-03-04T21:43:10Z"}}, {"model": "product.product_details", "pk": 35, "fields": {"product": 8, "product_details_property_name": 24, "product_details_propert_value": 37, "is_feature": false, "is_detail": false, "is_file": false, "status": true, "created_at": "2021-03-04T21:43:10.020Z", "updated_at": "2021-03-04T21:43:10.020Z"}}, {"model": "product.product_details", "pk": 36, "fields": {"product": 8, "product_details_property_name": 25, "product_details_propert_value": 38, "is_feature": false, "is_detail": false, "is_file": false, "status": true, "created_at": "2021-03-04T21:43:10.040Z", "updated_at": "2021-03-04T21:43:10.040Z"}}, {"model": "product.product_details", "pk": 37, "fields": {"product": 8, "product_details_property_name": 26, "product_details_propert_value": 21, "is_feature": false, "is_detail": false, "is_file": false, "status": true, "created_at": "2021-03-04T21:43:10.063Z", "updated_at": "2021-03-04T21:43:10.063Z"}}, {"model": "product.product_details", "pk": 38, "fields": {"product": 8, "product_details_property_name": 27, "product_details_propert_value": 22, "is_feature": false, "is_detail": false, "is_file": false, "status": true, "created_at": "2021-03-04T21:43:10.084Z", "updated_at": "2021-03-04T21:43:10.084Z"}}, {"model": "product.product_details", "pk": 39, "fields": {"product": 8, "product_details_property_name": 29, "product_details_propert_value": 23, "is_feature": false, "is_detail": false, "is_file": false, "status": true, "created_at": "2021-03-04T21:43:10.104Z", "updated_at": "2021-03-04T21:43:10.104Z"}}, {"model": "product.product_details", "pk": 40, "fields": {"product": 8, "product_details_property_name": 30, "product_details_propert_value": 20, "is_feature": false, "is_detail": false, "is_file": false, "status": true, "created_at": "2021-03-04T21:43:10.125Z", "updated_at": "2021-03-04T21:43:10.125Z"}}, {"model": "product.product_details", "pk": 41, "fields": {"product": 9, "product_details_property_name": 12, "product_details_propert_value": 8, "is_feature": false, "is_detail": false, "is_file": false, "status": true, "created_at": "2021-03-04T21:52:00.585Z", "updated_at": "2021-03-04T21:52:00.585Z"}}, {"model": "product.product_details", "pk": 42, "fields": {"product": 9, "product_details_property_name": 16, "product_details_propert_value": 42, "is_feature": false, "is_detail": false, "is_file": false, "status": true, "created_at": "2021-03-04T21:52:00.611Z", "updated_at": "2021-03-04T21:52:00.611Z"}}, {"model": "product.product_details", "pk": 43, "fields": {"product": 9, "product_details_property_name": 17, "product_details_propert_value": 43, "is_feature": false, "is_detail": false, "is_file": false, "status": true, "created_at": "2021-03-04T21:52:00.637Z", "updated_at": "2021-03-04T21:52:00.637Z"}}, {"model": "product.product_details", "pk": 44, "fields": {"product": 9, "product_details_property_name": 18, "product_details_propert_value": 44, "is_feature": false, "is_detail": false, "is_file": false, "status": true, "created_at": "2021-03-04T21:52:00.657Z", "updated_at": "2021-03-04T21:52:00.657Z"}}, {"model": "product.product_details", "pk": 45, "fields": {"product": 9, "product_details_property_name": 19, "product_details_propert_value": 32, "is_feature": false, "is_detail": false, "is_file": false, "status": true, "created_at": "2021-03-04T21:52:00.677Z", "updated_at": "2021-03-04T21:52:00.677Z"}}, {"model": "product.product_details", "pk": 46, "fields": {"product": 9, "product_details_property_name": 20, "product_details_propert_value": 14, "is_feature": false, "is_detail": false, "is_file": false, "status": true, "created_at": "2021-03-04T21:52:00.699Z", "updated_at": "2021-03-04T21:52:00.699Z"}}, {"model": "product.product_details", "pk": 47, "fields": {"product": 9, "product_details_property_name": 21, "product_details_propert_value": 45, "is_feature": false, "is_detail": false, "is_file": false, "status": true, "created_at": "2021-03-04T21:52:00.720Z", "updated_at": "2021-03-04T21:52:00.720Z"}}, {"model": "product.product_details", "pk": 48, "fields": {"product": 9, "product_details_property_name": 22, "product_details_propert_value": 46, "is_feature": false, "is_detail": false, "is_file": false, "status": true, "created_at": "2021-03-04T21:52:00.741Z", "updated_at": "2021-03-04T21:52:00.741Z"}}, {"model": "product.product_details", "pk": 49, "fields": {"product": 9, "product_details_property_name": 23, "product_details_propert_value": 47, "is_feature": false, "is_detail": false, "is_file": false, "status": true, "created_at": "2021-03-04T21:52:00.762Z", "updated_at": "2021-03-04T21:52:00.762Z"}}, {"model": "product.product_details", "pk": 50, "fields": {"product": 9, "product_details_property_name": 32, "product_details_propert_value": 50, "is_feature": false, "is_detail": false, "is_file": false, "status": true, "created_at": "2021-03-04T21:52:00.784Z", "updated_at": "2021-03-04T21:52:00.784Z"}}, {"model": "product.product_details", "pk": 51, "fields": {"product": 10, "product_details_property_name": 12, "product_details_propert_value": 8, "is_feature": false, "is_detail": false, "is_file": false, "status": true, "created_at": "2021-03-04T22:17:03.574Z", "updated_at": "2021-03-04T22:17:03.574Z"}}, {"model": "product.product_details", "pk": 52, "fields": {"product": 10, "product_details_property_name": 16, "product_details_propert_value": 52, "is_feature": false, "is_detail": false, "is_file": false, "status": true, "created_at": "2021-03-04T22:19:33.068Z", "updated_at": "2021-03-04T22:19:33.068Z"}}, {"model": "product.product_details", "pk": 53, "fields": {"product": 10, "product_details_property_name": 19, "product_details_propert_value": 13, "is_feature": false, "is_detail": false, "is_file": false, "status": true, "created_at": "2021-03-04T22:19:33.091Z", "updated_at": "2021-03-04T22:19:33.091Z"}}, {"model": "product.product_details", "pk": 54, "fields": {"product": 10, "product_details_property_name": 20, "product_details_propert_value": 14, "is_feature": false, "is_detail": false, "is_file": false, "status": true, "created_at": "2021-03-04T22:19:33.113Z", "updated_at": "2021-03-04T22:19:33.113Z"}}, {"model": "product.product_details", "pk": 55, "fields": {"product": 10, "product_details_property_name": 21, "product_details_propert_value": 53, "is_feature": false, "is_detail": false, "is_file": false, "status": true, "created_at": "2021-03-04T22:19:33.135Z", "updated_at": "2021-03-04T22:19:33.135Z"}}, {"model": "product.product_details", "pk": 56, "fields": {"product": 11, "product_details_property_name": 12, "product_details_propert_value": 8, "is_feature": false, "is_detail": false, "is_file": false, "status": true, "created_at": "2021-03-04T22:25:15.152Z", "updated_at": "2021-03-04T22:25:15.152Z"}}, {"model": "product.product_details", "pk": 57, "fields": {"product": 11, "product_details_property_name": 17, "product_details_propert_value": 57, "is_feature": false, "is_detail": false, "is_file": false, "status": true, "created_at": "2021-03-04T22:26:48.839Z", "updated_at": "2021-03-04T22:26:48.839Z"}}, {"model": "product.product_details", "pk": 58, "fields": {"product": 11, "product_details_property_name": 25, "product_details_propert_value": 59, "is_feature": false, "is_detail": false, "is_file": false, "status": true, "created_at": "2021-03-04T22:26:48.865Z", "updated_at": "2021-03-04T22:26:48.865Z"}}, {"model": "product.product_details", "pk": 59, "fields": {"product": 11, "product_details_property_name": 18, "product_details_propert_value": 58, "is_feature": false, "is_detail": false, "is_file": false, "status": true, "created_at": "2021-03-04T22:26:48.886Z", "updated_at": "2021-03-04T22:26:48.886Z"}}, {"model": "product.product_details", "pk": 60, "fields": {"product": 11, "product_details_property_name": 19, "product_details_propert_value": 55, "is_feature": false, "is_detail": false, "is_file": false, "status": true, "created_at": "2021-03-04T22:26:48.906Z", "updated_at": "2021-03-04T22:26:48.906Z"}}, {"model": "product.product_details", "pk": 61, "fields": {"product": 12, "product_details_property_name": 12, "product_details_propert_value": 8, "is_feature": false, "is_detail": false, "is_file": false, "status": true, "created_at": "2021-03-04T22:30:19.852Z", "updated_at": "2021-03-04T22:30:19.852Z"}}, {"model": "product.product_details", "pk": 62, "fields": {"product": 12, "product_details_property_name": 17, "product_details_propert_value": 57, "is_feature": false, "is_detail": false, "is_file": false, "status": true, "created_at": "2021-03-04T22:30:19.884Z", "updated_at": "2021-03-04T22:30:19.884Z"}}, {"model": "product.product_details", "pk": 63, "fields": {"product": 12, "product_details_property_name": 19, "product_details_propert_value": 55, "is_feature": false, "is_detail": false, "is_file": false, "status": true, "created_at": "2021-03-04T22:30:19.907Z", "updated_at": "2021-03-04T22:30:19.907Z"}}, {"model": "product.product_details", "pk": 64, "fields": {"product": 13, "product_details_property_name": 16, "product_details_propert_value": 60, "is_feature": false, "is_detail": false, "is_file": false, "status": true, "created_at": "2021-03-04T23:30:09.791Z", "updated_at": "2021-03-04T23:30:09.792Z"}}, {"model": "product.product_details", "pk": 65, "fields": {"product": 13, "product_details_property_name": 17, "product_details_propert_value": 61, "is_feature": false, "is_detail": false, "is_file": false, "status": true, "created_at": "2021-03-04T23:30:09.856Z", "updated_at": "2021-03-04T23:30:09.856Z"}}, {"model": "product.product_details", "pk": 66, "fields": {"product": 13, "product_details_property_name": 18, "product_details_propert_value": 64, "is_feature": false, "is_detail": false, "is_file": false, "status": true, "created_at": "2021-03-04T23:30:09.901Z", "updated_at": "2021-03-04T23:30:09.901Z"}}, {"model": "product.product_details", "pk": 67, "fields": {"product": 13, "product_details_property_name": 19, "product_details_propert_value": 13, "is_feature": false, "is_detail": false, "is_file": false, "status": true, "created_at": "2021-03-04T23:30:09.938Z", "updated_at": "2021-03-04T23:30:09.938Z"}}, {"model": "product.product_details", "pk": 68, "fields": {"product": 13, "product_details_property_name": 38, "product_details_propert_value": 23, "is_feature": false, "is_detail": false, "is_file": false, "status": true, "created_at": "2021-03-04T23:30:09.960Z", "updated_at": "2021-03-04T23:30:09.960Z"}}, {"model": "product.product_details", "pk": 69, "fields": {"product": 13, "product_details_property_name": 35, "product_details_propert_value": 62, "is_feature": false, "is_detail": false, "is_file": false, "status": true, "created_at": "2021-03-04T23:30:09.982Z", "updated_at": "2021-03-04T23:30:09.982Z"}}, {"model": "product.product_details", "pk": 70, "fields": {"product": 13, "product_details_property_name": 36, "product_details_propert_value": 63, "is_feature": false, "is_detail": false, "is_file": false, "status": true, "created_at": "2021-03-04T23:30:10.010Z", "updated_at": "2021-03-04T23:30:10.010Z"}}, {"model": "product.product_details", "pk": 71, "fields": {"product": 14, "product_details_property_name": 12, "product_details_propert_value": 8, "is_feature": false, "is_detail": false, "is_file": false, "status": true, "created_at": "2021-03-04T23:47:30.431Z", "updated_at": "2021-03-04T23:47:30.431Z"}}, {"model": "product.product_details", "pk": 72, "fields": {"product": 14, "product_details_property_name": 16, "product_details_propert_value": 68, "is_feature": false, "is_detail": false, "is_file": false, "status": true, "created_at": "2021-03-04T23:47:30.469Z", "updated_at": "2021-03-04T23:47:30.469Z"}}, {"model": "product.product_details", "pk": 73, "fields": {"product": 14, "product_details_property_name": 17, "product_details_propert_value": 70, "is_feature": false, "is_detail": false, "is_file": false, "status": true, "created_at": "2021-03-04T23:47:30.496Z", "updated_at": "2021-03-04T23:47:30.496Z"}}, {"model": "product.product_details", "pk": 74, "fields": {"product": 14, "product_details_property_name": 18, "product_details_propert_value": 71, "is_feature": false, "is_detail": false, "is_file": false, "status": true, "created_at": "2021-03-04T23:47:30.523Z", "updated_at": "2021-03-04T23:47:30.523Z"}}, {"model": "product.product_details", "pk": 75, "fields": {"product": 14, "product_details_property_name": 19, "product_details_propert_value": 67, "is_feature": false, "is_detail": false, "is_file": false, "status": true, "created_at": "2021-03-04T23:47:30.545Z", "updated_at": "2021-03-04T23:47:30.545Z"}}, {"model": "product.product_details", "pk": 76, "fields": {"product": 14, "product_details_property_name": 21, "product_details_propert_value": 66, "is_feature": false, "is_detail": false, "is_file": false, "status": true, "created_at": "2021-03-04T23:47:30.584Z", "updated_at": "2021-03-04T23:47:30.584Z"}}, {"model": "product.product_details", "pk": 77, "fields": {"product": 14, "product_details_property_name": 35, "product_details_propert_value": 67, "is_feature": false, "is_detail": false, "is_file": false, "status": true, "created_at": "2021-03-04T23:47:30.606Z", "updated_at": "2021-03-04T23:47:30.606Z"}}, {"model": "product.product_details", "pk": 78, "fields": {"product": 14, "product_details_property_name": 36, "product_details_propert_value": 72, "is_feature": false, "is_detail": false, "is_file": false, "status": true, "created_at": "2021-03-04T23:47:30.635Z", "updated_at": "2021-03-04T23:47:30.635Z"}}, {"model": "product.product_details", "pk": 79, "fields": {"product": 14, "product_details_property_name": 34, "product_details_propert_value": 65, "is_feature": false, "is_detail": false, "is_file": false, "status": true, "created_at": "2021-03-04T23:47:30.655Z", "updated_at": "2021-03-04T23:47:30.655Z"}}, {"model": "product.product_details", "pk": 80, "fields": {"product": 15, "product_details_property_name": 37, "product_details_propert_value": 23, "is_feature": false, "is_detail": false, "is_file": false, "status": true, "created_at": "2021-03-05T00:00:52.103Z", "updated_at": "2021-03-05T00:00:52.103Z"}}, {"model": "product.product_details", "pk": 81, "fields": {"product": 15, "product_details_property_name": 38, "product_details_propert_value": 23, "is_feature": false, "is_detail": false, "is_file": false, "status": true, "created_at": "2021-03-05T00:00:52.130Z", "updated_at": "2021-03-05T00:00:52.130Z"}}, {"model": "product.product_details", "pk": 82, "fields": {"product": 15, "product_details_property_name": 39, "product_details_propert_value": 80, "is_feature": false, "is_detail": false, "is_file": false, "status": true, "created_at": "2021-03-05T00:00:52.154Z", "updated_at": "2021-03-05T00:00:52.154Z"}}, {"model": "product.product_details", "pk": 83, "fields": {"product": 15, "product_details_property_name": 40, "product_details_propert_value": 81, "is_feature": false, "is_detail": false, "is_file": false, "status": true, "created_at": "2021-03-05T00:00:52.178Z", "updated_at": "2021-03-05T00:00:52.178Z"}}, {"model": "product.product_details", "pk": 84, "fields": {"product": 15, "product_details_property_name": 41, "product_details_propert_value": 82, "is_feature": false, "is_detail": false, "is_file": false, "status": true, "created_at": "2021-03-05T00:00:52.200Z", "updated_at": "2021-03-05T00:00:52.200Z"}}, {"model": "product.product_details", "pk": 85, "fields": {"product": 15, "product_details_property_name": 42, "product_details_propert_value": 23, "is_feature": false, "is_detail": false, "is_file": false, "status": true, "created_at": "2021-03-05T00:00:52.224Z", "updated_at": "2021-03-05T00:00:52.224Z"}}, {"model": "product.product_details", "pk": 86, "fields": {"product": 22, "product_details_property_name": 12, "product_details_propert_value": 8, "is_feature": false, "is_detail": false, "is_file": false, "status": true, "created_at": "2021-03-05T00:24:00.376Z", "updated_at": "2021-03-05T00:24:00.376Z"}}, {"model": "product.product_details", "pk": 87, "fields": {"product": 22, "product_details_property_name": 16, "product_details_propert_value": 10, "is_feature": false, "is_detail": false, "is_file": false, "status": true, "created_at": "2021-03-05T00:24:00.439Z", "updated_at": "2021-03-05T00:24:00.439Z"}}, {"model": "product.product_details", "pk": 88, "fields": {"product": 22, "product_details_property_name": 17, "product_details_propert_value": 11, "is_feature": false, "is_detail": false, "is_file": false, "status": true, "created_at": "2021-03-05T00:24:00.480Z", "updated_at": "2021-03-05T00:24:00.480Z"}}, {"model": "product.product_details", "pk": 89, "fields": {"product": 22, "product_details_property_name": 18, "product_details_propert_value": 12, "is_feature": false, "is_detail": false, "is_file": false, "status": true, "created_at": "2021-03-05T00:24:00.533Z", "updated_at": "2021-03-05T00:24:00.533Z"}}, {"model": "product.product_details", "pk": 90, "fields": {"product": 22, "product_details_property_name": 19, "product_details_propert_value": 13, "is_feature": false, "is_detail": false, "is_file": false, "status": true, "created_at": "2021-03-05T00:24:00.559Z", "updated_at": "2021-03-05T00:24:00.559Z"}}, {"model": "product.product_details", "pk": 91, "fields": {"product": 22, "product_details_property_name": 20, "product_details_propert_value": 14, "is_feature": false, "is_detail": false, "is_file": false, "status": true, "created_at": "2021-03-05T00:24:00.585Z", "updated_at": "2021-03-05T00:24:00.585Z"}}, {"model": "product.product_details", "pk": 92, "fields": {"product": 22, "product_details_property_name": 21, "product_details_propert_value": 15, "is_feature": false, "is_detail": false, "is_file": false, "status": true, "created_at": "2021-03-05T00:24:00.609Z", "updated_at": "2021-03-05T00:24:00.609Z"}}, {"model": "product.product_details", "pk": 93, "fields": {"product": 22, "product_details_property_name": 22, "product_details_propert_value": 16, "is_feature": false, "is_detail": false, "is_file": false, "status": true, "created_at": "2021-03-05T00:24:00.630Z", "updated_at": "2021-03-05T00:24:00.630Z"}}, {"model": "product.product_details", "pk": 94, "fields": {"product": 22, "product_details_property_name": 23, "product_details_propert_value": 17, "is_feature": false, "is_detail": false, "is_file": false, "status": true, "created_at": "2021-03-05T00:24:00.655Z", "updated_at": "2021-03-05T00:24:00.655Z"}}, {"model": "product.product_details", "pk": 95, "fields": {"product": 23, "product_details_property_name": 16, "product_details_propert_value": 74, "is_feature": false, "is_detail": false, "is_file": false, "status": true, "created_at": "2021-03-05T00:33:49.835Z", "updated_at": "2021-03-05T00:33:49.835Z"}}, {"model": "product.product_details", "pk": 96, "fields": {"product": 23, "product_details_property_name": 17, "product_details_propert_value": 75, "is_feature": false, "is_detail": false, "is_file": false, "status": true, "created_at": "2021-03-05T00:33:49.870Z", "updated_at": "2021-03-05T00:33:49.870Z"}}, {"model": "product.product_details", "pk": 97, "fields": {"product": 23, "product_details_property_name": 18, "product_details_propert_value": 76, "is_feature": false, "is_detail": false, "is_file": false, "status": true, "created_at": "2021-03-05T00:33:49.893Z", "updated_at": "2021-03-05T00:33:49.893Z"}}, {"model": "product.product_details", "pk": 98, "fields": {"product": 23, "product_details_property_name": 19, "product_details_propert_value": 13, "is_feature": false, "is_detail": false, "is_file": false, "status": true, "created_at": "2021-03-05T00:33:49.930Z", "updated_at": "2021-03-05T00:33:49.930Z"}}, {"model": "product.product_details", "pk": 99, "fields": {"product": 23, "product_details_property_name": 20, "product_details_propert_value": 77, "is_feature": false, "is_detail": false, "is_file": false, "status": true, "created_at": "2021-03-05T00:33:49.951Z", "updated_at": "2021-03-05T00:33:49.951Z"}}, {"model": "product.product_details", "pk": 100, "fields": {"product": 23, "product_details_property_name": 21, "product_details_propert_value": 73, "is_feature": false, "is_detail": false, "is_file": false, "status": true, "created_at": "2021-03-05T00:33:49.978Z", "updated_at": "2021-03-05T00:33:49.978Z"}}, {"model": "product.product_details_property_name", "pk": 12, "fields": {"title": "Istehsal ili", "status": true, "created_at": "2021-02-23T07:30:42.183Z", "updated_at": "2021-02-23T07:30:42.183Z"}}, {"model": "product.product_details_property_name", "pk": 13, "fields": {"title": "Yaddas", "status": true, "created_at": "2021-02-23T07:30:49.151Z", "updated_at": "2021-02-23T07:30:49.151Z"}}, {"model": "product.product_details_property_name", "pk": 14, "fields": {"title": "Model", "status": true, "created_at": "2021-03-04T19:52:53.701Z", "updated_at": "2021-03-04T19:52:53.701Z"}}, {"model": "product.product_details_property_name", "pk": 16, "fields": {"title": "Əməliyyat sistemi", "status": true, "created_at": "2021-03-04T19:54:46.208Z", "updated_at": "2021-03-04T19:54:46.208Z"}}, {"model": "product.product_details_property_name", "pk": 17, "fields": {"title": "Ekranın ölçüsü", "status": true, "created_at": "2021-03-04T19:55:35.930Z", "updated_at": "2021-03-04T19:55:35.930Z"}}, {"model": "product.product_details_property_name", "pk": 18, "fields": {"title": "Ekranın imkanları", "status": true, "created_at": "2021-03-04T19:55:46.416Z", "updated_at": "2021-03-04T19:55:46.416Z"}}, {"model": "product.product_details_property_name", "pk": 19, "fields": {"title": "Operativ yaddaş (RAM)", "status": true, "created_at": "2021-03-04T19:56:04.530Z", "updated_at": "2021-03-04T19:56:04.530Z"}}, {"model": "product.product_details_property_name", "pk": 20, "fields": {"title": "Daxili Yaddaş", "status": true, "created_at": "2021-03-04T19:56:18.122Z", "updated_at": "2021-03-04T19:56:18.122Z"}}, {"model": "product.product_details_property_name", "pk": 21, "fields": {"title": "Prosessor", "status": true, "created_at": "2021-03-04T19:56:31.422Z", "updated_at": "2021-03-04T19:56:31.423Z"}}, {"model": "product.product_details_property_name", "pk": 22, "fields": {"title": "Əsas Kamera", "status": true, "created_at": "2021-03-04T20:04:14.052Z", "updated_at": "2021-03-04T20:04:14.052Z"}}, {"model": "product.product_details_property_name", "pk": 23, "fields": {"title": "Ön Kamera", "status": true, "created_at": "2021-03-04T20:04:39.510Z", "updated_at": "2021-03-04T20:04:39.510Z"}}, {"model": "product.product_details_property_name", "pk": 24, "fields": {"title": "Video imkanları", "status": true, "created_at": "2021-03-04T20:04:56.574Z", "updated_at": "2021-03-04T20:04:56.574Z"}}, {"model": "product.product_details_property_name", "pk": 25, "fields": {"title": "Şəbəkə", "status": true, "created_at": "2021-03-04T20:05:20.115Z", "updated_at": "2021-03-04T20:05:20.115Z"}}, {"model": "product.product_details_property_name", "pk": 26, "fields": {"title": "Təhlükəsizlik", "status": true, "created_at": "2021-03-04T20:06:18.707Z", "updated_at": "2021-03-04T20:06:18.707Z"}}, {"model": "product.product_details_property_name", "pk": 27, "fields": {"title": "Sim-kart sayı", "status": true, "created_at": "2021-03-04T20:06:33.540Z", "updated_at": "2021-03-04T20:06:33.540Z"}}, {"model": "product.product_details_property_name", "pk": 28, "fields": {"title": "Yaddaş kart dəstəyi", "status": true, "created_at": "2021-03-04T20:06:48.603Z", "updated_at": "2021-03-04T20:06:48.603Z"}}, {"model": "product.product_details_property_name", "pk": 29, "fields": {"title": "NFC", "status": true, "created_at": "2021-03-04T20:06:59.232Z", "updated_at": "2021-03-04T20:06:59.232Z"}}, {"model": "product.product_details_property_name", "pk": 30, "fields": {"title": "Su və toz davamlılığı", "status": true, "created_at": "2021-03-04T20:07:10.403Z", "updated_at": "2021-03-04T20:07:10.403Z"}}, {"model": "product.product_details_property_name", "pk": 31, "fields": {"title": "Naqilsiz şarj", "status": true, "created_at": "2021-03-04T20:07:20.565Z", "updated_at": "2021-03-04T20:07:20.565Z"}}, {"model": "product.product_details_property_name", "pk": 32, "fields": {"title": "Batareya növü və tutumu", "status": true, "created_at": "2021-03-04T20:07:35.336Z", "updated_at": "2021-03-04T20:07:35.336Z"}}, {"model": "product.product_details_property_name", "pk": 33, "fields": {"title": "Ölçülər", "status": true, "created_at": "2021-03-04T20:07:49.176Z", "updated_at": "2021-03-04T20:07:49.176Z"}}, {"model": "product.product_details_property_name", "pk": 34, "fields": {"title": "Çəki", "status": true, "created_at": "2021-03-04T20:07:57.941Z", "updated_at": "2021-03-04T20:07:57.941Z"}}, {"model": "product.product_details_property_name", "pk": 35, "fields": {"title": "Nüvələrin sayı", "status": true, "created_at": "2021-03-04T23:22:25.745Z", "updated_at": "2021-03-04T23:22:25.745Z"}}, {"model": "product.product_details_property_name", "pk": 36, "fields": {"title": "Videokart növü", "status": true, "created_at": "2021-03-04T23:22:41.142Z", "updated_at": "2021-03-04T23:22:41.142Z"}}, {"model": "product.product_details_property_name", "pk": 37, "fields": {"title": "Mikrofon", "status": true, "created_at": "2021-03-04T23:22:52.146Z", "updated_at": "2021-03-04T23:22:52.146Z"}}, {"model": "product.product_details_property_name", "pk": 38, "fields": {"title": "Wi-Fi", "status": true, "created_at": "2021-03-04T23:23:03.548Z", "updated_at": "2021-03-04T23:23:03.548Z"}}, {"model": "product.product_details_property_name", "pk": 39, "fields": {"title": "Enerji yığma müddəti", "status": true, "created_at": "2021-03-04T23:56:35.667Z", "updated_at": "2021-03-04T23:56:35.667Z"}}, {"model": "product.product_details_property_name", "pk": 40, "fields": {"title": "İşləmə müddəti", "status": true, "created_at": "2021-03-04T23:56:50.179Z", "updated_at": "2021-03-04T23:56:50.179Z"}}, {"model": "product.product_details_property_name", "pk": 41, "fields": {"title": "Bluetooth məsafəsi", "status": true, "created_at": "2021-03-04T23:57:02.536Z", "updated_at": "2021-03-04T23:57:02.536Z"}}, {"model": "product.product_details_property_name", "pk": 42, "fields": {"title": "Zəngə cavab və imtina", "status": true, "created_at": "2021-03-04T23:57:15.454Z", "updated_at": "2021-03-04T23:57:15.454Z"}}, {"model": "product.product_details_property_value", "pk": 8, "fields": {"content": "2020", "file": "", "status": true, "created_at": "2021-02-23T07:30:10.338Z", "updated_at": "2021-02-23T07:30:10.338Z"}}, {"model": "product.product_details_property_value", "pk": 10, "fields": {"content": "Android 11, One UI 3.1", "file": "", "status": true, "created_at": "2021-03-04T20:10:21.234Z", "updated_at": "2021-03-04T20:10:21.234Z"}}, {"model": "product.product_details_property_value", "pk": 11, "fields": {"content": "6.2\"", "file": "", "status": true, "created_at": "2021-03-04T20:10:31.046Z", "updated_at": "2021-03-04T20:10:31.046Z"}}, {"model": "product.product_details_property_value", "pk": 12, "fields": {"content": "1080 x 2400 px", "file": "", "status": true, "created_at": "2021-03-04T20:10:41.011Z", "updated_at": "2021-03-04T20:10:41.011Z"}}, {"model": "product.product_details_property_value", "pk": 13, "fields": {"content": "8 GB", "file": "", "status": true, "created_at": "2021-03-04T20:11:03.073Z", "updated_at": "2021-03-04T20:11:03.073Z"}}, {"model": "product.product_details_property_value", "pk": 14, "fields": {"content": "128 GB", "file": "", "status": true, "created_at": "2021-03-04T20:11:14.530Z", "updated_at": "2021-03-04T20:11:14.530Z"}}, {"model": "product.product_details_property_value", "pk": 15, "fields": {"content": "Exynos 2100", "file": "", "status": true, "created_at": "2021-03-04T20:11:26.460Z", "updated_at": "2021-03-04T20:11:26.460Z"}}, {"model": "product.product_details_property_value", "pk": 16, "fields": {"content": "12 + 12 + 64 MP", "file": "", "status": true, "created_at": "2021-03-04T20:11:36.963Z", "updated_at": "2021-03-04T20:11:36.963Z"}}, {"model": "product.product_details_property_value", "pk": 17, "fields": {"content": "10 MP", "file": "", "status": true, "created_at": "2021-03-04T20:11:57.350Z", "updated_at": "2021-03-04T20:11:57.350Z"}}, {"model": "product.product_details_property_value", "pk": 18, "fields": {"content": "8K@30fps, 4K@30/60fps, 1080p@30/60/120fps, 720p@96", "file": "", "status": true, "created_at": "2021-03-04T20:12:27.268Z", "updated_at": "2021-03-04T20:12:27.268Z"}}, {"model": "product.product_details_property_value", "pk": 19, "fields": {"content": "GSM / CDMA / HSPA / EVDO / LTE / 5G", "file": "", "status": true, "created_at": "2021-03-04T20:12:38.943Z", "updated_at": "2021-03-04T20:12:38.943Z"}}, {"model": "product.product_details_property_value", "pk": 20, "fields": {"content": "-", "file": "", "status": true, "created_at": "2021-03-04T20:12:56.024Z", "updated_at": "2021-03-04T20:12:56.024Z"}}, {"model": "product.product_details_property_value", "pk": 21, "fields": {"content": "Finger print, FaceID, PIN", "file": "", "status": true, "created_at": "2021-03-04T20:13:42.631Z", "updated_at": "2021-03-04T20:13:42.631Z"}}, {"model": "product.product_details_property_value", "pk": 22, "fields": {"content": "2", "file": "", "status": true, "created_at": "2021-03-04T20:13:52.407Z", "updated_at": "2021-03-04T20:13:52.407Z"}}, {"model": "product.product_details_property_value", "pk": 23, "fields": {"content": "Var", "file": "", "status": true, "created_at": "2021-03-04T20:14:03.945Z", "updated_at": "2021-03-04T20:14:03.945Z"}}, {"model": "product.product_details_property_value", "pk": 24, "fields": {"content": "IP68", "file": "", "status": true, "created_at": "2021-03-04T20:14:15.930Z", "updated_at": "2021-03-04T20:14:15.930Z"}}, {"model": "product.product_details_property_value", "pk": 25, "fields": {"content": "Li-Po 4000 mAh", "file": "", "status": true, "created_at": "2021-03-04T20:14:28.801Z", "updated_at": "2021-03-04T20:14:28.801Z"}}, {"model": "product.product_details_property_value", "pk": 26, "fields": {"content": "71.2 x 151.7 x 7.9 mm", "file": "", "status": true, "created_at": "2021-03-04T20:14:50.227Z", "updated_at": "2021-03-04T20:14:50.227Z"}}, {"model": "product.product_details_property_value", "pk": 27, "fields": {"content": "171 q", "file": "", "status": true, "created_at": "2021-03-04T20:15:01.555Z", "updated_at": "2021-03-04T20:15:01.555Z"}}, {"model": "product.product_details_property_value", "pk": 29, "fields": {"content": "Android 9.0 (Pie), up to Android 10.0; MIUI 11", "file": "", "status": true, "created_at": "2021-03-04T21:19:14.141Z", "updated_at": "2021-03-04T21:19:14.141Z"}}, {"model": "product.product_details_property_value", "pk": 30, "fields": {"content": "6.53\"", "file": "", "status": true, "created_at": "2021-03-04T21:19:26.370Z", "updated_at": "2021-03-04T21:19:26.370Z"}}, {"model": "product.product_details_property_value", "pk": 31, "fields": {"content": "1080 x 2340 px", "file": "", "status": true, "created_at": "2021-03-04T21:19:42.669Z", "updated_at": "2021-03-04T21:19:42.669Z"}}, {"model": "product.product_details_property_value", "pk": 32, "fields": {"content": "6 GB", "file": "", "status": true, "created_at": "2021-03-04T21:20:03.452Z", "updated_at": "2021-03-04T21:20:03.452Z"}}, {"model": "product.product_details_property_value", "pk": 33, "fields": {"content": "64 GB", "file": "", "status": true, "created_at": "2021-03-04T21:20:15.802Z", "updated_at": "2021-03-04T21:20:15.802Z"}}, {"model": "product.product_details_property_value", "pk": 34, "fields": {"content": "Mediatek Helio G90T (12nm)", "file": "", "status": true, "created_at": "2021-03-04T21:20:32.288Z", "updated_at": "2021-03-04T21:20:32.288Z"}}, {"model": "product.product_details_property_value", "pk": 35, "fields": {"content": "64 + 8 + 2 + 2 MP", "file": "", "status": true, "created_at": "2021-03-04T21:20:44.993Z", "updated_at": "2021-03-04T21:20:44.993Z"}}, {"model": "product.product_details_property_value", "pk": 36, "fields": {"content": "20 MP", "file": "", "status": true, "created_at": "2021-03-04T21:20:59.746Z", "updated_at": "2021-03-04T21:20:59.746Z"}}, {"model": "product.product_details_property_value", "pk": 37, "fields": {"content": "2160p@30fps, 1080p@30/60/120fps, 720p@960fps, gyro", "file": "", "status": true, "created_at": "2021-03-04T21:21:09.558Z", "updated_at": "2021-03-04T21:21:09.558Z"}}, {"model": "product.product_details_property_value", "pk": 38, "fields": {"content": "GSM / HSPA / LTE", "file": "", "status": true, "created_at": "2021-03-04T21:23:29.590Z", "updated_at": "2021-03-04T21:23:29.590Z"}}, {"model": "product.product_details_property_value", "pk": 39, "fields": {"content": "FM radio", "file": "", "status": true, "created_at": "2021-03-04T21:23:51.995Z", "updated_at": "2021-03-04T21:23:51.995Z"}}, {"model": "product.product_details_property_value", "pk": 40, "fields": {"content": "161.4 x 76.4 x 8.8 mm", "file": "", "status": true, "created_at": "2021-03-04T21:24:20.278Z", "updated_at": "2021-03-04T21:24:20.278Z"}}, {"model": "product.product_details_property_value", "pk": 41, "fields": {"content": "200 q", "file": "", "status": true, "created_at": "2021-03-04T21:25:01.607Z", "updated_at": "2021-03-04T21:25:01.607Z"}}, {"model": "product.product_details_property_value", "pk": 42, "fields": {"content": "iPadOS 13.4", "file": "", "status": true, "created_at": "2021-03-04T21:47:05.708Z", "updated_at": "2021-03-04T21:47:05.708Z"}}, {"model": "product.product_details_property_value", "pk": 43, "fields": {"content": "12.9\"", "file": "", "status": true, "created_at": "2021-03-04T21:47:17.299Z", "updated_at": "2021-03-04T21:47:17.299Z"}}, {"model": "product.product_details_property_value", "pk": 44, "fields": {"content": "2048 x 2732 px", "file": "", "status": true, "created_at": "2021-03-04T21:47:26.847Z", "updated_at": "2021-03-04T21:47:26.847Z"}}, {"model": "product.product_details_property_value", "pk": 45, "fields": {"content": "Apple A12Z Bionic", "file": "", "status": true, "created_at": "2021-03-04T21:47:37.249Z", "updated_at": "2021-03-04T21:47:37.249Z"}}, {"model": "product.product_details_property_value", "pk": 46, "fields": {"content": "12 + 10 MP", "file": "", "status": true, "created_at": "2021-03-04T21:47:49.965Z", "updated_at": "2021-03-04T21:47:49.965Z"}}, {"model": "product.product_details_property_value", "pk": 47, "fields": {"content": "7 MP", "file": "", "status": true, "created_at": "2021-03-04T21:47:59.619Z", "updated_at": "2021-03-04T21:47:59.619Z"}}, {"model": "product.product_details_property_value", "pk": 48, "fields": {"content": "2160p@24/30/60fps, 1080p@30/60/120/240fps; gyro-EI", "file": "", "status": true, "created_at": "2021-03-04T21:48:09.238Z", "updated_at": "2021-03-04T21:48:09.238Z"}}, {"model": "product.product_details_property_value", "pk": 49, "fields": {"content": "Li-Po 9720 mAh", "file": "", "status": true, "created_at": "2021-03-04T21:48:43.732Z", "updated_at": "2021-03-04T21:48:43.732Z"}}, {"model": "product.product_details_property_value", "pk": 50, "fields": {"content": "280.6 x 214.9 x 5.9 mm", "file": "", "status": true, "created_at": "2021-03-04T21:48:59.797Z", "updated_at": "2021-03-04T21:48:59.797Z"}}, {"model": "product.product_details_property_value", "pk": 51, "fields": {"content": "641 q", "file": "", "status": true, "created_at": "2021-03-04T21:49:09.717Z", "updated_at": "2021-03-04T21:49:09.717Z"}}, {"model": "product.product_details_property_value", "pk": 52, "fields": {"content": "Android 9.0 (Pie), up to Android 10, One UI 2", "file": "", "status": true, "created_at": "2021-03-04T22:17:15.047Z", "updated_at": "2021-03-04T22:17:15.047Z"}}, {"model": "product.product_details_property_value", "pk": 53, "fields": {"content": "Qualcomm SM8150 Snapdragon 855 (7 nm)", "file": "", "status": true, "created_at": "2021-03-04T22:17:25.066Z", "updated_at": "2021-03-04T22:17:25.066Z"}}, {"model": "product.product_details_property_value", "pk": 54, "fields": {"content": "13 + 5 MP", "file": "", "status": true, "created_at": "2021-03-04T22:17:39.010Z", "updated_at": "2021-03-04T22:17:39.010Z"}}, {"model": "product.product_details_property_value", "pk": 55, "fields": {"content": "8 MP", "file": "", "status": true, "created_at": "2021-03-04T22:17:48.193Z", "updated_at": "2021-03-04T22:17:48.193Z"}}, {"model": "product.product_details_property_value", "pk": 56, "fields": {"content": "4K@30fps, 1080p@30fps", "file": "", "status": true, "created_at": "2021-03-04T22:17:56.716Z", "updated_at": "2021-03-04T22:17:56.716Z"}}, {"model": "product.product_details_property_value", "pk": 57, "fields": {"content": "1.8\"", "file": "", "status": true, "created_at": "2021-03-04T22:24:46.045Z", "updated_at": "2021-03-04T22:24:46.045Z"}}, {"model": "product.product_details_property_value", "pk": 58, "fields": {"content": "120 x 160 px", "file": "", "status": true, "created_at": "2021-03-04T22:24:56.703Z", "updated_at": "2021-03-04T22:24:56.703Z"}}, {"model": "product.product_details_property_value", "pk": 59, "fields": {"content": "GSM", "file": "", "status": true, "created_at": "2021-03-04T22:25:09.039Z", "updated_at": "2021-03-04T22:25:09.039Z"}}, {"model": "product.product_details_property_value", "pk": 60, "fields": {"content": "Windows 10", "file": "", "status": true, "created_at": "2021-03-04T23:25:59.109Z", "updated_at": "2021-03-04T23:25:59.109Z"}}, {"model": "product.product_details_property_value", "pk": 61, "fields": {"content": "13.3\"", "file": "", "status": true, "created_at": "2021-03-04T23:26:14.992Z", "updated_at": "2021-03-04T23:26:14.992Z"}}, {"model": "product.product_details_property_value", "pk": 62, "fields": {"content": "4", "file": "", "status": true, "created_at": "2021-03-04T23:26:27.728Z", "updated_at": "2021-03-04T23:26:27.728Z"}}, {"model": "product.product_details_property_value", "pk": 63, "fields": {"content": "Intel Core i5-8265U", "file": "", "status": true, "created_at": "2021-03-04T23:26:55.754Z", "updated_at": "2021-03-04T23:26:55.754Z"}}, {"model": "product.product_details_property_value", "pk": 64, "fields": {"content": "Full HD (1920 x 1080 px)", "file": "", "status": true, "created_at": "2021-03-04T23:27:08.198Z", "updated_at": "2021-03-04T23:27:08.198Z"}}, {"model": "product.product_details_property_value", "pk": 65, "fields": {"content": "0.97 kq", "file": "", "status": true, "created_at": "2021-03-04T23:27:35.270Z", "updated_at": "2021-03-04T23:27:35.270Z"}}, {"model": "product.product_details_property_value", "pk": 66, "fields": {"content": "Apple M1", "file": "", "status": true, "created_at": "2021-03-04T23:41:47.500Z", "updated_at": "2021-03-04T23:41:47.500Z"}}, {"model": "product.product_details_property_value", "pk": 67, "fields": {"content": "8", "file": "", "status": true, "created_at": "2021-03-04T23:41:55.604Z", "updated_at": "2021-03-04T23:41:55.604Z"}}, {"model": "product.product_details_property_value", "pk": 68, "fields": {"content": "macOS Big Sur", "file": "", "status": true, "created_at": "2021-03-04T23:42:19.632Z", "updated_at": "2021-03-04T23:42:19.632Z"}}, {"model": "product.product_details_property_value", "pk": 70, "fields": {"content": "13.3\" IPS LED 60 Hz", "file": "", "status": true, "created_at": "2021-03-04T23:42:31.206Z", "updated_at": "2021-03-04T23:42:31.206Z"}}, {"model": "product.product_details_property_value", "pk": 71, "fields": {"content": "Retina (2560 x 1600 px)", "file": "", "status": true, "created_at": "2021-03-04T23:42:54.169Z", "updated_at": "2021-03-04T23:42:54.169Z"}}, {"model": "product.product_details_property_value", "pk": 72, "fields": {"content": "M1 7-core", "file": "", "status": true, "created_at": "2021-03-04T23:43:10.254Z", "updated_at": "2021-03-04T23:43:10.254Z"}}, {"model": "product.product_details_property_value", "pk": 73, "fields": {"content": "Intel Core i7-10750H", "file": "", "status": true, "created_at": "2021-03-04T23:48:56.469Z", "updated_at": "2021-03-04T23:48:56.469Z"}}, {"model": "product.product_details_property_value", "pk": 74, "fields": {"content": "FreeDOS", "file": "", "status": true, "created_at": "2021-03-04T23:49:26.899Z", "updated_at": "2021-03-04T23:49:26.899Z"}}, {"model": "product.product_details_property_value", "pk": 75, "fields": {"content": "17.3\"", "file": "", "status": true, "created_at": "2021-03-04T23:49:37.425Z", "updated_at": "2021-03-04T23:49:37.425Z"}}, {"model": "product.product_details_property_value", "pk": 76, "fields": {"content": "Full HD (1920 x 1080 px) IPS", "file": "", "status": true, "created_at": "2021-03-04T23:49:51.865Z", "updated_at": "2021-03-04T23:49:51.865Z"}}, {"model": "product.product_details_property_value", "pk": 77, "fields": {"content": "1 TB HDD + 256 GB SSD", "file": "", "status": true, "created_at": "2021-03-04T23:50:01.492Z", "updated_at": "2021-03-04T23:50:01.492Z"}}, {"model": "product.product_details_property_value", "pk": 78, "fields": {"content": "NVIDIA GeForce RTX 2060 6 GB", "file": "", "status": true, "created_at": "2021-03-04T23:50:10.749Z", "updated_at": "2021-03-04T23:50:10.750Z"}}, {"model": "product.product_details_property_value", "pk": 79, "fields": {"content": "3.33 kq", "file": "", "status": true, "created_at": "2021-03-04T23:50:28.791Z", "updated_at": "2021-03-04T23:50:28.791Z"}}, {"model": "product.product_details_property_value", "pk": 80, "fields": {"content": "2 saat", "file": "", "status": true, "created_at": "2021-03-04T23:58:17.375Z", "updated_at": "2021-03-04T23:58:17.375Z"}}, {"model": "product.product_details_property_value", "pk": 81, "fields": {"content": "6 saat", "file": "", "status": true, "created_at": "2021-03-04T23:58:27.599Z", "updated_at": "2021-03-04T23:58:27.599Z"}}, {"model": "product.product_details_property_value", "pk": 82, "fields": {"content": "10 m", "file": "", "status": true, "created_at": "2021-03-04T23:58:38.546Z", "updated_at": "2021-03-04T23:58:38.546Z"}}, {"model": "product.product_details_property_value", "pk": 83, "fields": {"content": "IPX5", "file": "", "status": true, "created_at": "2021-03-04T23:58:55.825Z", "updated_at": "2021-03-04T23:58:55.825Z"}}, {"model": "product.product_images", "pk": 2, "fields": {"product": 4, "image": "product_images/71XeQzRDyML._AC_SL1500_.jpeg", "is_main": true, "is_second_main": false, "status": true, "created_at": "2021-02-23T07:32:34.675Z", "updated_at": "2021-02-27T20:31:19.310Z"}}, {"model": "product.product_images", "pk": 3, "fields": {"product": 4, "image": "product_images/81nSsCFeiTL._AC_SL1500_.jpeg", "is_main": false, "is_second_main": true, "status": true, "created_at": "2021-02-23T07:32:34.694Z", "updated_at": "2021-02-27T20:31:19.277Z"}}, {"model": "product.product_images", "pk": 4, "fields": {"product": 5, "image": "product_images/iphone-x_combine_nc_red_3.jpeg", "is_main": true, "is_second_main": false, "status": true, "created_at": "2021-02-23T07:34:11.612Z", "updated_at": "2021-02-27T20:26:32.189Z"}}, {"model": "product.product_images", "pk": 5, "fields": {"product": 5, "image": "product_images/6.5_IC_RDcopy.jpeg", "is_main": false, "is_second_main": true, "status": true, "created_at": "2021-02-23T07:34:11.630Z", "updated_at": "2021-02-27T20:05:51.496Z"}}, {"model": "product.product_images", "pk": 6, "fields": {"product": 7, "image": "product_images/galaxy-s21-gray-min.jpeg", "is_main": true, "is_second_main": false, "status": true, "created_at": "2021-03-04T20:30:47.154Z", "updated_at": "2021-03-04T20:30:47.154Z"}}, {"model": "product.product_images", "pk": 7, "fields": {"product": 7, "image": "product_images/1610633145_1614285.jpeg", "is_main": false, "is_second_main": true, "status": true, "created_at": "2021-03-04T20:30:47.350Z", "updated_at": "2021-03-04T20:30:47.350Z"}}, {"model": "product.product_images", "pk": 8, "fields": {"product": 8, "image": "product_images/xiaomi-redmi-note8pro-blue-1-min.jpeg", "is_main": true, "is_second_main": false, "status": true, "created_at": "2021-03-04T21:43:09.631Z", "updated_at": "2021-03-04T21:43:09.631Z"}}, {"model": "product.product_images", "pk": 9, "fields": {"product": 8, "image": "product_images/img52.jpeg", "is_main": false, "is_second_main": true, "status": true, "created_at": "2021-03-04T21:43:09.724Z", "updated_at": "2021-03-04T21:43:09.724Z"}}, {"model": "product.product_images", "pk": 10, "fields": {"product": 9, "image": "product_images/ipad_pro_2020.jpeg", "is_main": true, "is_second_main": false, "status": true, "created_at": "2021-03-04T21:46:42.659Z", "updated_at": "2021-03-04T21:46:42.659Z"}}, {"model": "product.product_images", "pk": 11, "fields": {"product": 9, "image": "product_images/Main.jpeg", "is_main": false, "is_second_main": true, "status": true, "created_at": "2021-03-04T21:46:42.774Z", "updated_at": "2021-03-04T21:46:42.774Z"}}, {"model": "product.product_images", "pk": 12, "fields": {"product": 10, "image": "product_images/t865-gold-min.jpeg", "is_main": true, "is_second_main": false, "status": true, "created_at": "2021-03-04T22:17:03.443Z", "updated_at": "2021-03-04T22:17:03.443Z"}}, {"model": "product.product_images", "pk": 13, "fields": {"product": 10, "image": "product_images/samsung-galaxy-s6-128gb-silver-t865-3.jpeg", "is_main": false, "is_second_main": true, "status": true, "created_at": "2021-03-04T22:17:03.543Z", "updated_at": "2021-03-04T22:17:03.543Z"}}, {"model": "product.product_images", "pk": 14, "fields": {"product": 11, "image": "product_images/nokia-130-841.jpeg", "is_main": false, "is_second_main": true, "status": true, "created_at": "2021-03-04T22:25:15.080Z", "updated_at": "2021-03-04T23:32:34.971Z"}}, {"model": "product.product_images", "pk": 15, "fields": {"product": 11, "image": "product_images/48afa7aa65a78f105cdef7e4fdc1523b.jpeg", "is_main": true, "is_second_main": false, "status": true, "created_at": "2021-03-04T22:25:15.130Z", "updated_at": "2021-03-04T23:32:34.948Z"}}, {"model": "product.product_images", "pk": 16, "fields": {"product": 12, "image": "product_images/Nokia-130-min_1.jpeg", "is_main": true, "is_second_main": false, "status": true, "created_at": "2021-03-04T22:30:19.492Z", "updated_at": "2021-03-04T22:30:19.492Z"}}, {"model": "product.product_images", "pk": 17, "fields": {"product": 12, "image": "product_images/Nokia_130_2017-front_PNr0769.jpeg", "is_main": false, "is_second_main": true, "status": true, "created_at": "2021-03-04T22:30:19.829Z", "updated_at": "2021-03-04T22:30:19.829Z"}}, {"model": "product.product_images", "pk": 18, "fields": {"product": 13, "image": "product_images/acer-NXH62ER009-1.jpeg", "is_main": false, "is_second_main": true, "status": true, "created_at": "2021-03-04T23:33:17.705Z", "updated_at": "2021-03-04T23:35:20.218Z"}}, {"model": "product.product_images", "pk": 19, "fields": {"product": 13, "image": "product_images/acer-NXH62ER009_uUxrqlj.jpeg", "is_main": true, "is_second_main": false, "status": true, "created_at": "2021-03-04T23:33:20.619Z", "updated_at": "2021-03-04T23:33:46.016Z"}}, {"model": "product.product_images", "pk": 20, "fields": {"product": 14, "image": "product_images/mgn63ru-min.jpeg", "is_main": true, "is_second_main": false, "status": true, "created_at": "2021-03-04T23:47:30.215Z", "updated_at": "2021-03-04T23:47:30.215Z"}}, {"model": "product.product_images", "pk": 21, "fields": {"product": 14, "image": "product_images/mgn63ru--min.jpeg", "is_main": false, "is_second_main": true, "status": true, "created_at": "2021-03-04T23:47:30.318Z", "updated_at": "2021-03-04T23:47:30.318Z"}}, {"model": "product.product_images", "pk": 22, "fields": {"product": 15, "image": "product_images/JBL-Endurance-Run-Sweatproof-Wireless-In-Ear-Sport-Headphones-Red--min.jpeg", "is_main": true, "is_second_main": false, "status": true, "created_at": "2021-03-04T23:55:59.391Z", "updated_at": "2021-03-05T00:00:52.072Z"}}, {"model": "product.product_images", "pk": 23, "fields": {"product": 16, "image": "product_images/apple_adapter_type_c-.jpeg", "is_main": true, "is_second_main": false, "status": true, "created_at": "2021-03-05T00:03:01.451Z", "updated_at": "2021-03-05T00:03:01.451Z"}}, {"model": "product.product_images", "pk": 24, "fields": {"product": 17, "image": "product_images/samsung_original_type_c_adapter.jpeg", "is_main": true, "is_second_main": false, "status": true, "created_at": "2021-03-05T00:05:12.855Z", "updated_at": "2021-03-05T00:09:38.950Z"}}, {"model": "product.product_images", "pk": 25, "fields": {"product": 22, "image": "product_images/galaxy-s21-pink-min.jpeg", "is_main": true, "is_second_main": false, "status": true, "created_at": "2021-03-05T00:24:00.239Z", "updated_at": "2021-03-05T00:24:00.239Z"}}, {"model": "product.product_images", "pk": 26, "fields": {"product": 22, "image": "product_images/1610975879_IMG_1474047.jpeg", "is_main": false, "is_second_main": true, "status": true, "created_at": "2021-03-05T00:24:00.351Z", "updated_at": "2021-03-05T00:24:00.351Z"}}, {"model": "product.product_images", "pk": 27, "fields": {"product": 23, "image": "product_images/Omen-17-cb-1028ur-22T80EA-min.jpeg", "is_main": true, "is_second_main": false, "status": true, "created_at": "2021-03-05T00:33:49.740Z", "updated_at": "2021-03-05T00:33:49.740Z"}}, {"model": "product.product_images", "pk": 28, "fields": {"product": 23, "image": "product_images/Omen-17-cb-1028ur-22T80EA--min.jpeg", "is_main": false, "is_second_main": true, "status": true, "created_at": "2021-03-05T00:33:49.811Z", "updated_at": "2021-03-05T00:33:49.811Z"}}, {"model": "account.customer", "pk": 1, "fields": {"device": "1281242f-e516-45db-a069-b4d214ba775d"}}, {"model": "account.customer", "pk": 2, "fields": {"device": "a56a433c-bb2e-455b-880e-34eea8c75305"}}, {"model": "order.order", "pk": 1, "fields": {"customer": 1, "complete": false, "transaction_id": null, "status": true, "created_at": "2021-02-24T22:34:05.059Z", "updated_at": "2021-02-24T22:34:05.059Z"}}, {"model": "order.order", "pk": 2, "fields": {"customer": 2, "complete": false, "transaction_id": null, "status": true, "created_at": "2021-03-02T13:40:36.821Z", "updated_at": "2021-03-02T13:40:36.822Z"}}, {"model": "index.subscriber", "pk": 1, "fields": {"email": "husubayli@gmail.com", "created_at": "2021-02-23T15:11:12.978Z", "updated_at": "2021-02-23T15:11:12.978Z"}}, {"model": "index.subscriber", "pk": 2, "fields": {"email": "husubayli@gmail.comm", "created_at": "2021-02-24T19:56:59.612Z", "updated_at": "2021-02-24T19:56:59.612Z"}}, {"model": "auth.user", "pk": 1, "fields": {"password": "pbkdf2_sha256$216000$PIJ6jl2Gvlyt$N5+5/ArcOcwSTk6XH8PatPNLS+DY4DrDryWDtcIJi24=", "last_login": "2021-03-04T16:22:59.711Z", "is_superuser": true, "username": "fuad", "first_name": "", "last_name": "", "email": "fuadpayme@gmail.com", "is_staff": true, "is_active": true, "date_joined": "2021-02-17T20:58:23.736Z", "groups": [], "user_permissions": []}}, {"model": "sessions.session", "pk": "bhx2ukemok1yng5jab4q1ru85skfs66f", "fields": {"session_data": ".eJxVjEEOwiAQRe_C2hAYpB1cuu8ZyMCAVA0kpV0Z765NutDtf-_9l_C0rcVvPS1-ZnERWpx-t0DxkeoO-E711mRsdV3mIHdFHrTLqXF6Xg_376BQL98aLQ8BkcOARjvCQGiiDWRwdJBdhhwxMjoYCQBJkQVWWjElyOnsWLw_6ZM4Qg:1lEW03:C43CX2vnm-SxgDjgL66H5zILCo_mioFcR0Z3_TmO7Wc", "expire_date": "2021-03-09T11:37:07.879Z"}}, {"model": "sessions.session", "pk": "bqld8r969bcv3c3z1ho60ywbwczgsdgm", "fields": {"session_data": ".eJxVjEEOwiAQRe_C2hAYpB1cuu8ZyMCAVA0kpV0Z765NutDtf-_9l_C0rcVvPS1-ZnERWpx-t0DxkeoO-E711mRsdV3mIHdFHrTLqXF6Xg_376BQL98aLQ8BkcOARjvCQGiiDWRwdJBdhhwxMjoYCQBJkQVWWjElyOnsWLw_6ZM4Qg:1lCfGH:FHavG5BiNqk17lYIHczKVC_oIm_AkvQ4JPqu7WctGsk", "expire_date": "2021-03-04T09:06:13.412Z"}}, {"model": "sessions.session", "pk": "ejixe8nvnn2qfjaa8u5v156vyc8hyex2", "fields": {"session_data": ".eJxVjEEOwiAQRe_C2hAYpB1cuu8ZyMCAVA0kpV0Z765NutDtf-_9l_C0rcVvPS1-ZnERWpx-t0DxkeoO-E711mRsdV3mIHdFHrTLqXF6Xg_376BQL98aLQ8BkcOARjvCQGiiDWRwdJBdhhwxMjoYCQBJkQVWWjElyOnsWLw_6ZM4Qg:1lHqkd:DctmUMP9kJ5ojduM-sf7viMceS2yx8i2bdeFjd5ZcXo", "expire_date": "2021-03-18T16:22:59.925Z"}}, {"model": "sessions.session", "pk": "hccu7sth0u2f9g73m6hdk8t6v518g5sv", "fields": {"session_data": ".eJxVjEEOwiAQRe_C2hAYpB1cuu8ZyMCAVA0kpV0Z765NutDtf-_9l_C0rcVvPS1-ZnERWpx-t0DxkeoO-E711mRsdV3mIHdFHrTLqXF6Xg_376BQL98aLQ8BkcOARjvCQGiiDWRwdJBdhhwxMjoYCQBJkQVWWjElyOnsWLw_6ZM4Qg:1lD6vs:LnDz4eCgHlGJ7Mz57-j8tGtLSnF3G1qKjMk2GLZ9Xes", "expire_date": "2021-03-05T14:39:00.931Z"}}, {"model": "sessions.session", "pk": "r67w08krev48pzbkc9fe1j26vgdr7izl", "fields": {"session_data": ".eJxVjEEOwiAQRe_C2hAYpB1cuu8ZyMCAVA0kpV0Z765NutDtf-_9l_C0rcVvPS1-ZnERWpx-t0DxkeoO-E711mRsdV3mIHdFHrTLqXF6Xg_376BQL98aLQ8BkcOARjvCQGiiDWRwdJBdhhwxMjoYCQBJkQVWWjElyOnsWLw_6ZM4Qg:1lD6Kf:sobDW34USf9jysv5mgeawrEqspZ04qqbNG4jQBKrECs", "expire_date": "2021-03-05T14:00:33.725Z"}}, {"model": "sessions.session", "pk": "vqm7grq58tcfwtvg17w9vdjeopxdpoeb", "fields": {"session_data": ".eJxVjEEOwiAQRe_C2hAYpB1cuu8ZyMCAVA0kpV0Z765NutDtf-_9l_C0rcVvPS1-ZnERWpx-t0DxkeoO-E711mRsdV3mIHdFHrTLqXF6Xg_376BQL98aLQ8BkcOARjvCQGiiDWRwdJBdhhwxMjoYCQBJkQVWWjElyOnsWLw_6ZM4Qg:1lERtG:RSV2UMca9gR3HjQ79VSWpZeAtPj7hOnwXFiuPAkx-tA", "expire_date": "2021-03-09T07:13:50.790Z"}}]