[{"model": "dashboard.userdashboardmodule", "pk": 1, "fields": {"title": "Quick links", "module": "jet.dashboard.modules.LinkList", "app_label": null, "user": 1, "column": 0, "order": 0, "settings": "{\"draggable\": false, \"deletable\": false, \"collapsible\": false, \"layout\": \"inline\"}", "children": "[{\"title\": \"Return to site\", \"url\": \"/\"}, {\"title\": \"Change password\", \"url\": \"/admin/password_change/\"}, {\"title\": \"Log out\", \"url\": \"/admin/logout/\"}]", "collapsed": false}}, {"model": "dashboard.userdashboardmodule", "pk": 2, "fields": {"title": "Applications", "module": "jet.dashboard.modules.AppList", "app_label": null, "user": 1, "column": 1, "order": 0, "settings": "{\"models\": null, \"exclude\": [\"auth.*\"]}", "children": "", "collapsed": false}}, {"model": "dashboard.userdashboardmodule", "pk": 3, "fields": {"title": "Administration", "module": "jet.dashboard.modules.AppList", "app_label": null, "user": 1, "column": 2, "order": 0, "settings": "{\"models\": [\"auth.*\"], \"exclude\": null}", "children": "", "collapsed": false}}, {"model": "dashboard.userdashboardmodule", "pk": 4, "fields": {"title": "Recent Actions", "module": "jet.dashboard.modules.RecentActions", "app_label": null, "user": 1, "column": 0, "order": 1, "settings": "{\"limit\": 10, \"include_list\": null, \"exclude_list\": null, \"user\": null}", "children": "", "collapsed": false}}, {"model": "dashboard.userdashboardmodule", "pk": 5, "fields": {"title": "Latest Django News", "module": "jet.dashboard.modules.Feed", "app_label": null, "user": 1, "column": 1, "order": 1, "settings": "{\"feed_url\": \"http://www.djangoproject.com/rss/weblog/\", \"limit\": 5}", "children": "", "collapsed": false}}, {"model": "dashboard.userdashboardmodule", "pk": 6, "fields": {"title": "Support", "module": "jet.dashboard.modules.LinkList", "app_label": null, "user": 1, "column": 2, "order": 1, "settings": "{\"draggable\": true, \"deletable\": true, \"collapsible\": true, \"layout\": \"stacked\"}", "children": "[{\"title\": \"Django documentation\", \"url\": \"http://docs.djangoproject.com/\", \"external\": true}, {\"title\": \"Django \\\"django-users\\\" mailing list\", \"url\": \"http://groups.google.com/group/django-users\", \"external\": true}, {\"title\": \"Django irc channel\", \"url\": \"irc://irc.freenode.net/django\", \"external\": true}]", "collapsed": false}}, {"model": "dashboard.userdashboardmodule", "pk": 7, "fields": {"title": "Application models", "module": "jet.dashboard.modules.ModelList", "app_label": "product", "user": 1, "column": 0, "order": 0, "settings": "{\"models\": [\"product.*\"], \"exclude\": null}", "children": "", "collapsed": false}}, {"model": "dashboard.userdashboardmodule", "pk": 8, "fields": {"title": "Recent Actions", "module": "jet.dashboard.modules.RecentActions", "app_label": "product", "user": 1, "column": 1, "order": 0, "settings": "{\"limit\": 10, \"include_list\": [\"product.*\"], \"exclude_list\": null, \"user\": null}", "children": "", "collapsed": false}}, {"model": "dashboard.userdashboardmodule", "pk": 9, "fields": {"title": "Application models", "module": "jet.dashboard.modules.ModelList", "app_label": "account", "user": 1, "column": 0, "order": 0, "settings": "{\"models\": [\"account.*\"], \"exclude\": null}", "children": "", "collapsed": false}}, {"model": "dashboard.userdashboardmodule", "pk": 10, "fields": {"title": "Recent Actions", "module": "jet.dashboard.modules.RecentActions", "app_label": "account", "user": 1, "column": 1, "order": 0, "settings": "{\"limit\": 10, \"include_list\": [\"account.*\"], \"exclude_list\": null, \"user\": null}", "children": "", "collapsed": false}}, {"model": "dashboard.userdashboardmodule", "pk": 11, "fields": {"title": "Application models", "module": "jet.dashboard.modules.ModelList", "app_label": "auth", "user": 1, "column": 0, "order": 0, "settings": "{\"models\": [\"auth.*\"], \"exclude\": null}", "children": "", "collapsed": false}}, {"model": "dashboard.userdashboardmodule", "pk": 12, "fields": {"title": "Recent Actions", "module": "jet.dashboard.modules.RecentActions", "app_label": "auth", "user": 1, "column": 1, "order": 0, "settings": "{\"limit\": 10, \"include_list\": [\"auth.*\"], \"exclude_list\": null, \"user\": null}", "children": "", "collapsed": false}}, {"model": "dashboard.userdashboardmodule", "pk": 13, "fields": {"title": "Application models", "module": "jet.dashboard.modules.ModelList", "app_label": "contact", "user": 1, "column": 0, "order": 0, "settings": "{\"models\": [\"contact.*\"], \"exclude\": null}", "children": "", "collapsed": false}}, {"model": "dashboard.userdashboardmodule", "pk": 14, "fields": {"title": "Recent Actions", "module": "jet.dashboard.modules.RecentActions", "app_label": "contact", "user": 1, "column": 1, "order": 0, "settings": "{\"limit\": 10, \"include_list\": [\"contact.*\"], \"exclude_list\": null, \"user\": null}", "children": "", "collapsed": false}}, {"model": "dashboard.userdashboardmodule", "pk": 15, "fields": {"title": "Application models", "module": "jet.dashboard.modules.ModelList", "app_label": "index", "user": 1, "column": 0, "order": 0, "settings": "{\"models\": [\"index.*\"], \"exclude\": null}", "children": "", "collapsed": false}}, {"model": "dashboard.userdashboardmodule", "pk": 16, "fields": {"title": "Recent Actions", "module": "jet.dashboard.modules.RecentActions", "app_label": "index", "user": 1, "column": 1, "order": 0, "settings": "{\"limit\": 10, \"include_list\": [\"index.*\"], \"exclude_list\": null, \"user\": null}", "children": "", "collapsed": false}}, {"model": "dashboard.userdashboardmodule", "pk": 17, "fields": {"title": "Application models", "module": "jet.dashboard.modules.ModelList", "app_label": "order", "user": 1, "column": 0, "order": 0, "settings": "{\"models\": [\"order.*\"], \"exclude\": null}", "children": "", "collapsed": false}}, {"model": "dashboard.userdashboardmodule", "pk": 18, "fields": {"title": "Recent Actions", "module": "jet.dashboard.modules.RecentActions", "app_label": "order", "user": 1, "column": 1, "order": 0, "settings": "{\"limit\": 10, \"include_list\": [\"order.*\"], \"exclude_list\": null, \"user\": null}", "children": "", "collapsed": false}}, {"model": "jet.pinnedapplication", "pk": 3, "fields": {"app_label": "product", "user": 1, "date_add": "2021-03-09T17:07:56.990Z"}}, {"model": "contact.contact", "pk": 11, "fields": {"first_name": "Nizami", "last_name": "Suleymanov", "phone_number": "+994554444444", "email": "koki.suleymanov@gmail.com", "message": "www", "created_at": "2021-06-18T10:28:35.354Z"}}, {"model": "product.marka", "pk": 43, "fields": {"title": "Xiaomi", "image": "", "description": "", "slug": "xiaomi-43", "status": true, "created_at": "2021-06-27T20:33:06.610Z", "updated_at": "2021-06-27T20:33:06.611Z"}}, {"model": "product.marka", "pk": 44, "fields": {"title": "Redmi", "image": "", "description": "", "slug": "redmi-44", "status": true, "created_at": "2021-06-27T20:33:19.016Z", "updated_at": "2021-06-27T20:33:19.017Z"}}, {"model": "product.marka", "pk": 45, "fields": {"title": "Samsung", "image": "", "description": "", "slug": "samsung-45", "status": true, "created_at": "2021-06-27T20:33:26.282Z", "updated_at": "2021-06-27T20:33:26.283Z"}}, {"model": "product.marka", "pk": 46, "fields": {"title": "\u0130tel", "image": "", "description": "", "slug": "itel-46", "status": true, "created_at": "2021-06-28T14:17:46.598Z", "updated_at": "2021-06-28T14:17:46.599Z"}}, {"model": "product.marka", "pk": 47, "fields": {"title": "Nokia", "image": "", "description": "", "slug": "nokia-47", "status": true, "created_at": "2021-06-28T16:09:00.043Z", "updated_at": "2021-06-28T16:09:00.044Z"}}, {"model": "product.marka", "pk": 48, "fields": {"title": "\u0130PRO", "image": "", "description": "", "slug": "ipro-48", "status": true, "created_at": "2021-06-30T05:47:34.771Z", "updated_at": "2021-06-30T05:47:34.773Z"}}, {"model": "product.marka", "pk": 49, "fields": {"title": "Philips", "image": "", "description": "", "slug": "philips-49", "status": true, "created_at": "2021-06-30T06:28:20.651Z", "updated_at": "2021-06-30T06:28:20.652Z"}}, {"model": "product.category", "pk": 126, "fields": {"title": "Telefon v\u0259 Plan\u015fetl\u0259r", "image": "", "description": "", "slug": "telefon-ve-plansetler", "is_main": true, "is_second": false, "is_third": false, "status": true, "created_at": "2021-06-27T19:39:02.035Z", "updated_at": "2021-06-27T19:39:02.042Z", "parent": [130, 131, 132, 133, 134, 135, 136, 137, 138, 139]}}, {"model": "product.category", "pk": 127, "fields": {"title": "Komp\u00fcter texnikas\u0131", "image": "", "description": "", "slug": "komputer-texnikasi", "is_main": true, "is_second": false, "is_third": false, "status": true, "created_at": "2021-06-27T19:40:57.814Z", "updated_at": "2021-06-27T19:40:57.819Z", "parent": []}}, {"model": "product.category", "pk": 128, "fields": {"title": "Aksesuarlar", "image": "", "description": "", "slug": "aksesuarlar", "is_main": true, "is_second": false, "is_third": false, "status": true, "created_at": "2021-06-27T19:43:31.698Z", "updated_at": "2021-06-27T19:43:31.704Z", "parent": []}}, {"model": "product.category", "pk": 129, "fields": {"title": "N\u00f6mr\u0259l\u0259r", "image": "", "description": "", "slug": "nomreler", "is_main": true, "is_second": false, "is_third": false, "status": true, "created_at": "2021-06-27T19:43:44.527Z", "updated_at": "2021-06-27T19:43:44.532Z", "parent": []}}, {"model": "product.category", "pk": 130, "fields": {"title": "Smartfonlar", "image": "", "description": "", "slug": "telefon-ve-plansetler-smartfonlar", "is_main": false, "is_second": true, "is_third": false, "status": true, "created_at": "2021-06-27T19:59:44.576Z", "updated_at": "2021-06-27T19:59:44.586Z", "parent": [126, 133, 134, 135]}}, {"model": "product.category", "pk": 131, "fields": {"title": "Plan\u015fetl\u0259r", "image": "", "description": "", "slug": "telefon-ve-plansetler-plansetler", "is_main": false, "is_second": true, "is_third": false, "status": true, "created_at": "2021-06-27T20:00:50.121Z", "updated_at": "2021-06-27T20:00:50.130Z", "parent": [126]}}, {"model": "product.category", "pk": 132, "fields": {"title": "D\u00fcym\u0259li telefonlar", "image": "", "description": "", "slug": "telefon-ve-plansetler-duymeli-telefonlar", "is_main": false, "is_second": true, "is_third": false, "status": true, "created_at": "2021-06-27T20:27:48.578Z", "updated_at": "2021-06-27T20:27:48.586Z", "parent": [126, 136, 137, 138, 139]}}, {"model": "product.category", "pk": 133, "fields": {"title": "Xiaomi", "image": "", "description": "", "slug": "smartfonlar-xiaomi", "is_main": false, "is_second": false, "is_third": true, "status": true, "created_at": "2021-06-27T20:29:53.822Z", "updated_at": "2021-06-27T20:29:53.832Z", "parent": [126, 130]}}, {"model": "product.category", "pk": 134, "fields": {"title": "Redmi", "image": "", "description": "", "slug": "smartfonlar-redmi", "is_main": false, "is_second": false, "is_third": true, "status": true, "created_at": "2021-06-27T20:30:13.348Z", "updated_at": "2021-06-27T20:30:13.357Z", "parent": [126, 130]}}, {"model": "product.category", "pk": 135, "fields": {"title": "Samsung", "image": "", "description": "", "slug": "smartfonlar-samsung", "is_main": false, "is_second": false, "is_third": true, "status": true, "created_at": "2021-06-27T20:30:34.635Z", "updated_at": "2021-06-27T20:30:34.644Z", "parent": [126, 130]}}, {"model": "product.category", "pk": 136, "fields": {"title": "\u0130tel", "image": "", "description": "", "slug": "duymeli-telefonlar-itel", "is_main": false, "is_second": false, "is_third": true, "status": true, "created_at": "2021-06-28T14:12:58.146Z", "updated_at": "2021-06-28T14:13:26.959Z", "parent": [126, 132]}}, {"model": "product.category", "pk": 137, "fields": {"title": "Nokia", "image": "", "description": "", "slug": "duymeli-telefonlar-nokia", "is_main": false, "is_second": false, "is_third": true, "status": true, "created_at": "2021-06-28T16:10:03.760Z", "updated_at": "2021-06-28T19:16:50.872Z", "parent": [126, 132]}}, {"model": "product.category", "pk": 138, "fields": {"title": "\u0130PRO", "image": "", "description": "", "slug": "duymeli-telefonlar-ipro", "is_main": false, "is_second": false, "is_third": true, "status": true, "created_at": "2021-06-30T05:43:57.573Z", "updated_at": "2021-06-30T05:43:57.583Z", "parent": [126, 132]}}, {"model": "product.category", "pk": 139, "fields": {"title": "Philips", "image": "", "description": "", "slug": "duymeli-telefonlar-philips", "is_main": false, "is_second": false, "is_third": true, "status": true, "created_at": "2021-06-30T06:27:07.079Z", "updated_at": "2021-06-30T06:27:07.088Z", "parent": [126, 132]}}, {"model": "product.product", "pk": 68, "fields": {"title": "A72", "color_title": "Black", "color_code": "#000000", "internal_storage": 128, "ram": 6, "operator_code": null, "slug": "a72-6-128-black", "sku": "000001", "description": "", "sale_count": 0, "is_published": true, "is_new": false, "is_new_expired": "2021-07-27T21:00:36Z", "is_featured": false, "is_discount": false, "price": "899.00", "old_price": null, "discount_type": 1, "discount_value": null, "status": true, "created_at": "2021-06-27T21:03:44.460Z", "updated_at": "2021-06-28T13:16:40.436Z", "tags": [], "same_product": [78, 77, 76], "category": [126, 130, 135], "who_like": [], "marka": [45]}}, {"model": "product.product", "pk": 74, "fields": {"title": "it 5626", "color_title": "Dark Green", "color_code": "#006400", "internal_storage": null, "ram": null, "operator_code": null, "slug": "it-5626-dark-green", "sku": "00002", "description": "", "sale_count": 0, "is_published": true, "is_new": true, "is_new_expired": "2021-07-28T14:35:11Z", "is_featured": false, "is_discount": false, "price": "89.00", "old_price": null, "discount_type": 1, "discount_value": null, "status": true, "created_at": "2021-06-28T14:38:23.243Z", "updated_at": "2021-06-28T16:03:58.363Z", "tags": [], "same_product": [], "category": [126, 132, 136], "who_like": [], "marka": [46]}}, {"model": "product.product", "pk": 75, "fields": {"title": "105 Dual", "color_title": "Black", "color_code": "#000000", "internal_storage": null, "ram": null, "operator_code": null, "slug": "105-dual-black", "sku": "00007", "description": "", "sale_count": 0, "is_published": true, "is_new": false, "is_new_expired": "2021-07-28T16:11:15Z", "is_featured": false, "is_discount": false, "price": "49.00", "old_price": null, "discount_type": 1, "discount_value": null, "status": true, "created_at": "2021-06-28T16:25:26.352Z", "updated_at": "2021-06-29T06:01:23.736Z", "tags": [], "same_product": [87, 79, 75], "category": [126, 132, 137], "who_like": [], "marka": [47]}}, {"model": "product.product", "pk": 76, "fields": {"title": "A72", "color_title": "White", "color_code": "#FFFFFF", "internal_storage": 128, "ram": 6, "operator_code": null, "slug": "a72-6-128-white", "sku": "000001", "description": "", "sale_count": 0, "is_published": true, "is_new": false, "is_new_expired": "2021-07-27T21:00:36Z", "is_featured": false, "is_discount": false, "price": "899.00", "old_price": null, "discount_type": 1, "discount_value": null, "status": true, "created_at": "2021-06-28T19:31:36.972Z", "updated_at": "2021-06-28T19:31:36.973Z", "tags": [], "same_product": [78, 77, 68], "category": [126, 130, 135], "who_like": [], "marka": [45]}}, {"model": "product.product", "pk": 77, "fields": {"title": "A72", "color_title": "Blue", "color_code": "#0000FF", "internal_storage": 128, "ram": 6, "operator_code": null, "slug": "a72-6-128-blue", "sku": "000001", "description": "", "sale_count": 0, "is_published": true, "is_new": false, "is_new_expired": "2021-07-27T21:00:36Z", "is_featured": false, "is_discount": false, "price": "899.00", "old_price": null, "discount_type": 1, "discount_value": null, "status": true, "created_at": "2021-06-28T19:53:06.433Z", "updated_at": "2021-06-28T19:53:06.434Z", "tags": [], "same_product": [78, 76, 68], "category": [126, 130, 135], "who_like": [], "marka": [45]}}, {"model": "product.product", "pk": 78, "fields": {"title": "A72", "color_title": "Violet", "color_code": "#EE82EE", "internal_storage": 128, "ram": 6, "operator_code": null, "slug": "a72-6-128-violet", "sku": "000001", "description": "", "sale_count": 0, "is_published": true, "is_new": false, "is_new_expired": "2021-07-27T21:00:36Z", "is_featured": false, "is_discount": false, "price": "899.00", "old_price": null, "discount_type": 1, "discount_value": null, "status": true, "created_at": "2021-06-28T20:05:09.517Z", "updated_at": "2021-06-28T20:05:09.518Z", "tags": [], "same_product": [77, 76, 68], "category": [126, 130, 135], "who_like": [], "marka": [45]}}, {"model": "product.product", "pk": 79, "fields": {"title": "105 Dual", "color_title": "Pink", "color_code": "#FF339F", "internal_storage": null, "ram": null, "operator_code": null, "slug": "105-dual-pink", "sku": "00007", "description": "", "sale_count": 0, "is_published": true, "is_new": false, "is_new_expired": "2021-07-28T16:11:15Z", "is_featured": false, "is_discount": false, "price": "49.00", "old_price": null, "discount_type": 1, "discount_value": null, "status": true, "created_at": "2021-06-29T04:55:00.628Z", "updated_at": "2021-06-29T06:02:27.183Z", "tags": [], "same_product": [87, 79, 75], "category": [126, 132, 137], "who_like": [], "marka": [47]}}, {"model": "product.product", "pk": 87, "fields": {"title": "105 Dual", "color_title": "Blue", "color_code": "#0000FF", "internal_storage": null, "ram": null, "operator_code": null, "slug": "105-dual-blue", "sku": "00007", "description": "", "sale_count": 0, "is_published": true, "is_new": false, "is_new_expired": "2021-07-28T16:11:15Z", "is_featured": false, "is_discount": false, "price": "49.00", "old_price": null, "discount_type": 1, "discount_value": null, "status": true, "created_at": "2021-06-29T06:04:18.754Z", "updated_at": "2021-06-29T06:04:18.756Z", "tags": [], "same_product": [79, 75], "category": [126, 132, 137], "who_like": [], "marka": [47]}}, {"model": "product.product", "pk": 88, "fields": {"title": "106 Dual", "color_title": "Dark Gray", "color_code": "#424242", "internal_storage": null, "ram": null, "operator_code": null, "slug": "106-dual-dark-gray", "sku": "00010", "description": "", "sale_count": 0, "is_published": true, "is_new": false, "is_new_expired": "2021-07-29T06:29:02Z", "is_featured": false, "is_discount": false, "price": "55.00", "old_price": null, "discount_type": 1, "discount_value": null, "status": true, "created_at": "2021-06-29T06:37:54.225Z", "updated_at": "2021-06-29T07:34:18.733Z", "tags": [], "same_product": [], "category": [126, 132, 137], "who_like": [], "marka": [47]}}, {"model": "product.product", "pk": 89, "fields": {"title": "110 Dual", "color_title": "Black", "color_code": "#000000", "internal_storage": null, "ram": null, "operator_code": null, "slug": "110-dual-black", "sku": "00011", "description": "", "sale_count": 0, "is_published": true, "is_new": false, "is_new_expired": "2021-07-29T07:00:34Z", "is_featured": false, "is_discount": false, "price": "59.00", "old_price": null, "discount_type": 1, "discount_value": null, "status": true, "created_at": "2021-06-29T07:14:51.074Z", "updated_at": "2021-06-29T07:14:51.075Z", "tags": [], "same_product": [], "category": [126, 132, 137], "who_like": [], "marka": [47]}}, {"model": "product.product", "pk": 90, "fields": {"title": "130 Dual", "color_title": "Black", "color_code": "#000000", "internal_storage": null, "ram": null, "operator_code": null, "slug": "130-dual-black", "sku": "00012", "description": "", "sale_count": 0, "is_published": true, "is_new": false, "is_new_expired": "2021-07-29T07:00:34Z", "is_featured": false, "is_discount": false, "price": "59.00", "old_price": null, "discount_type": 1, "discount_value": null, "status": true, "created_at": "2021-06-29T07:45:37.143Z", "updated_at": "2021-06-29T07:45:37.144Z", "tags": [], "same_product": [], "category": [126, 132, 137], "who_like": [], "marka": [47]}}, {"model": "product.product", "pk": 91, "fields": {"title": "210Dual", "color_title": "Black", "color_code": "#000000", "internal_storage": null, "ram": null, "operator_code": null, "slug": "210dual-black", "sku": "00013", "description": "", "sale_count": 0, "is_published": true, "is_new": false, "is_new_expired": "2021-07-29T07:57:44Z", "is_featured": false, "is_discount": false, "price": "79.00", "old_price": null, "discount_type": 1, "discount_value": null, "status": true, "created_at": "2021-06-29T08:33:00.135Z", "updated_at": "2021-06-29T08:56:31.415Z", "tags": [], "same_product": [], "category": [126, 132, 137], "who_like": [], "marka": [47]}}, {"model": "product.product", "pk": 92, "fields": {"title": "216 Dual", "color_title": "Black", "color_code": "#000000", "internal_storage": null, "ram": null, "operator_code": null, "slug": "216-dual-black", "sku": "00014", "description": "", "sale_count": 0, "is_published": true, "is_new": false, "is_new_expired": "2021-07-29T07:57:44Z", "is_featured": false, "is_discount": false, "price": "89.00", "old_price": null, "discount_type": 1, "discount_value": null, "status": true, "created_at": "2021-06-29T09:08:08.906Z", "updated_at": "2021-06-29T09:08:08.908Z", "tags": [], "same_product": [], "category": [126, 132, 137], "who_like": [], "marka": [47]}}, {"model": "product.product", "pk": 93, "fields": {"title": "125 Dual", "color_title": "Black", "color_code": "#000000", "internal_storage": null, "ram": null, "operator_code": null, "slug": "125-dual-black", "sku": "00014", "description": "", "sale_count": 0, "is_published": true, "is_new": false, "is_new_expired": "2021-07-29T07:57:44Z", "is_featured": false, "is_discount": false, "price": "89.00", "old_price": null, "discount_type": 1, "discount_value": null, "status": true, "created_at": "2021-06-29T10:10:06.648Z", "updated_at": "2021-06-29T10:10:06.650Z", "tags": [], "same_product": [], "category": [126, 132, 137], "who_like": [], "marka": [47]}}, {"model": "product.product", "pk": 94, "fields": {"title": "150 Dual", "color_title": "Cyan", "color_code": "#009292", "internal_storage": null, "ram": null, "operator_code": null, "slug": "150-dual-cyan", "sku": "00015", "description": "", "sale_count": 0, "is_published": true, "is_new": false, "is_new_expired": "2021-07-29T07:57:44Z", "is_featured": false, "is_discount": false, "price": "79.00", "old_price": null, "discount_type": 1, "discount_value": null, "status": true, "created_at": "2021-06-29T11:19:01.867Z", "updated_at": "2021-06-29T11:19:01.869Z", "tags": [], "same_product": [96, 95], "category": [126, 132, 137], "who_like": [], "marka": [47]}}, {"model": "product.product", "pk": 95, "fields": {"title": "150 Dual", "color_title": "Black", "color_code": "#000000", "internal_storage": null, "ram": null, "operator_code": null, "slug": "150-dual-black", "sku": "00015", "description": "", "sale_count": 0, "is_published": true, "is_new": false, "is_new_expired": "2021-07-29T07:57:44Z", "is_featured": false, "is_discount": false, "price": "79.00", "old_price": null, "discount_type": 1, "discount_value": null, "status": true, "created_at": "2021-06-29T11:21:40.249Z", "updated_at": "2021-06-29T11:21:40.250Z", "tags": [], "same_product": [96, 94], "category": [126, 132, 137], "who_like": [], "marka": [47]}}, {"model": "product.product", "pk": 96, "fields": {"title": "150 Dual", "color_title": "Red", "color_code": "#FF0000", "internal_storage": null, "ram": null, "operator_code": null, "slug": "150-dual-red", "sku": "00015", "description": "", "sale_count": 0, "is_published": true, "is_new": false, "is_new_expired": "2021-07-29T07:57:44Z", "is_featured": false, "is_discount": false, "price": "79.00", "old_price": null, "discount_type": 1, "discount_value": null, "status": true, "created_at": "2021-06-29T11:27:47.247Z", "updated_at": "2021-06-29T11:27:47.248Z", "tags": [], "same_product": [95, 94], "category": [126, 132, 137], "who_like": [], "marka": [47]}}, {"model": "product.product", "pk": 97, "fields": {"title": "6300 Dual", "color_title": "Charcoal", "color_code": "#36454F", "internal_storage": null, "ram": null, "operator_code": null, "slug": "6300-dual-charcoal", "sku": "000001", "description": "", "sale_count": 0, "is_published": true, "is_new": false, "is_new_expired": "2021-07-27T21:00:36Z", "is_featured": false, "is_discount": false, "price": "165.00", "old_price": null, "discount_type": 1, "discount_value": null, "status": true, "created_at": "2021-06-29T12:55:15.820Z", "updated_at": "2021-06-29T12:55:15.821Z", "tags": [], "same_product": [], "category": [126, 132], "who_like": [], "marka": [47]}}, {"model": "product.product", "pk": 98, "fields": {"title": "5310 Dual", "color_title": "Black", "color_code": "#000000", "internal_storage": null, "ram": null, "operator_code": null, "slug": "5310-dual-black", "sku": "00016", "description": "", "sale_count": 0, "is_published": true, "is_new": false, "is_new_expired": "2021-07-29T07:57:44Z", "is_featured": false, "is_discount": false, "price": "105.00", "old_price": null, "discount_type": 1, "discount_value": null, "status": true, "created_at": "2021-06-29T13:51:40.556Z", "updated_at": "2021-06-29T13:51:40.558Z", "tags": [], "same_product": [99], "category": [126, 132, 137], "who_like": [], "marka": [47]}}, {"model": "product.product", "pk": 99, "fields": {"title": "5310 Dual", "color_title": "White", "color_code": "#FFFFFF", "internal_storage": null, "ram": null, "operator_code": null, "slug": "5310-dual-white", "sku": "00016", "description": "", "sale_count": 0, "is_published": true, "is_new": false, "is_new_expired": "2021-07-29T07:57:44Z", "is_featured": false, "is_discount": false, "price": "105.00", "old_price": null, "discount_type": 1, "discount_value": null, "status": true, "created_at": "2021-06-29T13:54:07.607Z", "updated_at": "2021-06-29T13:54:07.608Z", "tags": [], "same_product": [98], "category": [126, 132, 137], "who_like": [], "marka": [47]}}, {"model": "product.product", "pk": 100, "fields": {"title": "215 Dual", "color_title": "Black", "color_code": "#000000", "internal_storage": null, "ram": null, "operator_code": null, "slug": "215-dual-black", "sku": "00016", "description": "", "sale_count": 0, "is_published": true, "is_new": false, "is_new_expired": "2021-07-29T07:57:44Z", "is_featured": false, "is_discount": false, "price": "95.00", "old_price": null, "discount_type": 1, "discount_value": null, "status": true, "created_at": "2021-06-29T14:17:36.081Z", "updated_at": "2021-06-29T14:17:36.082Z", "tags": [], "same_product": [101], "category": [126, 132, 137], "who_like": [], "marka": [47]}}, {"model": "product.product", "pk": 101, "fields": {"title": "215 Dual", "color_title": "Cyan", "color_code": "#008484", "internal_storage": null, "ram": null, "operator_code": null, "slug": "215-dual-cyan", "sku": "00016", "description": "", "sale_count": 0, "is_published": true, "is_new": false, "is_new_expired": "2021-07-29T07:57:44Z", "is_featured": false, "is_discount": false, "price": "95.00", "old_price": null, "discount_type": 1, "discount_value": null, "status": true, "created_at": "2021-06-29T14:24:38.789Z", "updated_at": "2021-06-29T14:24:38.790Z", "tags": [], "same_product": [100], "category": [126, 132, 137], "who_like": [], "marka": [47]}}, {"model": "product.product", "pk": 102, "fields": {"title": "225 Dual", "color_title": "Gold", "color_code": "#B49800", "internal_storage": null, "ram": null, "operator_code": null, "slug": "225-dual-gold", "sku": "00016", "description": "", "sale_count": 0, "is_published": true, "is_new": false, "is_new_expired": "2021-07-29T07:57:44Z", "is_featured": false, "is_discount": false, "price": "119.00", "old_price": null, "discount_type": 1, "discount_value": null, "status": true, "created_at": "2021-06-29T14:50:52.519Z", "updated_at": "2021-06-29T14:50:52.520Z", "tags": [], "same_product": [], "category": [126, 132, 137], "who_like": [], "marka": [47]}}, {"model": "product.product", "pk": 103, "fields": {"title": "A21 mini Dual", "color_title": "Black", "color_code": "#000000", "internal_storage": null, "ram": null, "operator_code": null, "slug": "a21-mini-dual-black", "sku": "00007", "description": "", "sale_count": 0, "is_published": true, "is_new": false, "is_new_expired": "2021-07-28T16:11:15Z", "is_featured": false, "is_discount": false, "price": "25.00", "old_price": null, "discount_type": 1, "discount_value": null, "status": true, "created_at": "2021-06-30T06:17:41.246Z", "updated_at": "2021-06-30T06:17:41.247Z", "tags": [], "same_product": [], "category": [126, 132, 138], "who_like": [], "marka": [48]}}, {"model": "product.product", "pk": 104, "fields": {"title": "Xenium E125", "color_title": "Blue", "color_code": "#0000FF", "internal_storage": null, "ram": null, "operator_code": null, "slug": "xenium-e125-blue", "sku": "00005", "description": "", "sale_count": 0, "is_published": true, "is_new": false, "is_new_expired": "2021-07-30T06:27:53Z", "is_featured": false, "is_discount": false, "price": "59.00", "old_price": null, "discount_type": 1, "discount_value": null, "status": true, "created_at": "2021-06-30T06:45:52.056Z", "updated_at": "2021-06-30T10:43:47.450Z", "tags": [], "same_product": [], "category": [126, 132, 139], "who_like": [], "marka": [49]}}, {"model": "product.product", "pk": 105, "fields": {"title": "Xenium E109", "color_title": "RED", "color_code": "#FF2907", "internal_storage": null, "ram": null, "operator_code": null, "slug": "xenium-e109-red", "sku": "00005", "description": "", "sale_count": 0, "is_published": true, "is_new": false, "is_new_expired": "2021-07-30T06:27:53Z", "is_featured": false, "is_discount": false, "price": "49.00", "old_price": null, "discount_type": 1, "discount_value": null, "status": true, "created_at": "2021-06-30T13:28:19.836Z", "updated_at": "2021-06-30T13:28:19.837Z", "tags": [], "same_product": [], "category": [126, 132, 139], "who_like": [], "marka": [49]}}, {"model": "product.product", "pk": 106, "fields": {"title": "2720 Flip", "color_title": "Black", "color_code": "#000000", "internal_storage": null, "ram": null, "operator_code": null, "slug": "2720-flip-black", "sku": "00005", "description": "", "sale_count": 0, "is_published": true, "is_new": false, "is_new_expired": "2021-07-30T06:27:53Z", "is_featured": false, "is_discount": false, "price": "219.00", "old_price": null, "discount_type": 1, "discount_value": null, "status": true, "created_at": "2021-06-30T14:36:14.860Z", "updated_at": "2021-06-30T14:36:14.861Z", "tags": [], "same_product": [], "category": [126, 132, 137], "who_like": [], "marka": [47]}}, {"model": "product.product", "pk": 107, "fields": {"title": "3310 Dual", "color_title": "Dark Blue", "color_code": "#00008B", "internal_storage": null, "ram": null, "operator_code": null, "slug": "3310-dual-dark-blue", "sku": "00005", "description": "", "sale_count": 0, "is_published": true, "is_new": false, "is_new_expired": "2021-07-30T14:46:36Z", "is_featured": false, "is_discount": false, "price": "139.00", "old_price": null, "discount_type": 1, "discount_value": null, "status": true, "created_at": "2021-06-30T15:16:10.179Z", "updated_at": "2021-06-30T15:17:01.986Z", "tags": [], "same_product": [], "category": [126, 132, 137], "who_like": [], "marka": [47]}}, {"model": "product.product", "pk": 108, "fields": {"title": "230 Dual", "color_title": "Black", "color_code": "#000000", "internal_storage": null, "ram": null, "operator_code": null, "slug": "230-dual-black", "sku": "00005", "description": "", "sale_count": 0, "is_published": true, "is_new": false, "is_new_expired": "2021-07-30T14:46:36Z", "is_featured": false, "is_discount": false, "price": "129.00", "old_price": null, "discount_type": 1, "discount_value": null, "status": true, "created_at": "2021-06-30T15:59:36.599Z", "updated_at": "2021-06-30T15:59:36.601Z", "tags": [], "same_product": [], "category": [126, 132, 137], "who_like": [], "marka": [47]}}, {"model": "product.product_details", "pk": 354, "fields": {"product": 68, "product_details_property_name": 25, "content": "Samsung", "is_feature": false, "is_detail": false, "is_file": false, "status": true, "created_at": "2021-06-28T11:50:12.215Z", "updated_at": "2021-06-28T13:16:40.442Z"}}, {"model": "product.product_details", "pk": 355, "fields": {"product": 68, "product_details_property_name": 13, "content": "2021 Mart", "is_feature": false, "is_detail": false, "is_file": false, "status": true, "created_at": "2021-06-28T13:16:40.443Z", "updated_at": "2021-06-28T13:16:40.443Z"}}, {"model": "product.product_details", "pk": 356, "fields": {"product": 68, "product_details_property_name": 14, "content": "Smartfon", "is_feature": false, "is_detail": false, "is_file": false, "status": true, "created_at": "2021-06-28T13:16:40.444Z", "updated_at": "2021-06-28T13:16:40.444Z"}}, {"model": "product.product_details", "pk": 357, "fields": {"product": 68, "product_details_property_name": 16, "content": "6.7\"/ Super AMOLED / 1080 x 2400", "is_feature": false, "is_detail": false, "is_file": false, "status": true, "created_at": "2021-06-28T13:16:40.444Z", "updated_at": "2021-06-28T13:16:40.444Z"}}, {"model": "product.product_details", "pk": 358, "fields": {"product": 68, "product_details_property_name": 17, "content": "1080 x 2400", "is_feature": false, "is_detail": false, "is_file": false, "status": true, "created_at": "2021-06-28T13:16:40.445Z", "updated_at": "2021-06-28T13:16:40.445Z"}}, {"model": "product.product_details", "pk": 359, "fields": {"product": 68, "product_details_property_name": 18, "content": "64 mpx + 5 mpx + 12 mpx", "is_feature": false, "is_detail": false, "is_file": false, "status": true, "created_at": "2021-06-28T13:16:40.445Z", "updated_at": "2021-06-28T13:16:40.445Z"}}, {"model": "product.product_details", "pk": 360, "fields": {"product": 68, "product_details_property_name": 19, "content": "32 mpx", "is_feature": false, "is_detail": false, "is_file": false, "status": true, "created_at": "2021-06-28T13:16:40.446Z", "updated_at": "2021-06-28T13:16:40.446Z"}}, {"model": "product.product_details", "pk": 361, "fields": {"product": 68, "product_details_property_name": 32, "content": "Var", "is_feature": false, "is_detail": false, "is_file": false, "status": true, "created_at": "2021-06-28T13:16:40.447Z", "updated_at": "2021-06-28T13:16:40.447Z"}}, {"model": "product.product_details", "pk": 362, "fields": {"product": 68, "product_details_property_name": 21, "content": "Var", "is_feature": false, "is_detail": false, "is_file": false, "status": true, "created_at": "2021-06-28T13:16:40.447Z", "updated_at": "2021-06-28T13:16:40.447Z"}}, {"model": "product.product_details", "pk": 363, "fields": {"product": 68, "product_details_property_name": 22, "content": "128 GB", "is_feature": false, "is_detail": false, "is_file": false, "status": true, "created_at": "2021-06-28T13:16:40.448Z", "updated_at": "2021-06-28T13:16:40.448Z"}}, {"model": "product.product_details", "pk": 364, "fields": {"product": 68, "product_details_property_name": 23, "content": "6 GB", "is_feature": false, "is_detail": false, "is_file": false, "status": true, "created_at": "2021-06-28T13:16:40.448Z", "updated_at": "2021-06-28T13:16:40.448Z"}}, {"model": "product.product_details", "pk": 365, "fields": {"product": 68, "product_details_property_name": 36, "content": "5000 (mAh)", "is_feature": false, "is_detail": false, "is_file": false, "status": true, "created_at": "2021-06-28T13:16:40.449Z", "updated_at": "2021-06-28T13:16:40.449Z"}}, {"model": "product.product_details", "pk": 366, "fields": {"product": 68, "product_details_property_name": 37, "content": "203 q", "is_feature": false, "is_detail": false, "is_file": false, "status": true, "created_at": "2021-06-28T13:16:40.449Z", "updated_at": "2021-06-28T13:16:40.449Z"}}, {"model": "product.product_details", "pk": 367, "fields": {"product": 68, "product_details_property_name": 38, "content": "165 x 77.4 x 8.4 mm", "is_feature": false, "is_detail": false, "is_file": false, "status": true, "created_at": "2021-06-28T13:16:40.450Z", "updated_at": "2021-06-28T13:16:40.450Z"}}, {"model": "product.product_details", "pk": 368, "fields": {"product": 68, "product_details_property_name": 39, "content": "Nano SIM", "is_feature": false, "is_detail": false, "is_file": false, "status": true, "created_at": "2021-06-28T13:16:40.451Z", "updated_at": "2021-06-28T13:16:40.451Z"}}, {"model": "product.product_details", "pk": 369, "fields": {"product": 68, "product_details_property_name": 40, "content": "Android", "is_feature": false, "is_detail": false, "is_file": false, "status": true, "created_at": "2021-06-28T13:16:40.451Z", "updated_at": "2021-06-28T13:16:40.451Z"}}, {"model": "product.product_details", "pk": 370, "fields": {"product": 68, "product_details_property_name": 41, "content": "Android 11, One UI 3.1", "is_feature": false, "is_detail": false, "is_file": false, "status": true, "created_at": "2021-06-28T13:16:40.452Z", "updated_at": "2021-06-28T13:16:40.452Z"}}, {"model": "product.product_details", "pk": 371, "fields": {"product": 68, "product_details_property_name": 42, "content": "Var", "is_feature": false, "is_detail": false, "is_file": false, "status": true, "created_at": "2021-06-28T13:16:40.452Z", "updated_at": "2021-06-28T13:16:40.452Z"}}, {"model": "product.product_details", "pk": 372, "fields": {"product": 68, "product_details_property_name": 43, "content": "Yox", "is_feature": false, "is_detail": false, "is_file": false, "status": true, "created_at": "2021-06-28T13:16:40.453Z", "updated_at": "2021-06-28T13:16:40.453Z"}}, {"model": "product.product_details", "pk": 373, "fields": {"product": 68, "product_details_property_name": 12, "content": "4G", "is_feature": false, "is_detail": false, "is_file": false, "status": true, "created_at": "2021-06-28T13:16:40.453Z", "updated_at": "2021-06-28T13:16:40.453Z"}}, {"model": "product.product_details", "pk": 374, "fields": {"product": 68, "product_details_property_name": 44, "content": "Var", "is_feature": false, "is_detail": false, "is_file": false, "status": true, "created_at": "2021-06-28T13:16:40.454Z", "updated_at": "2021-06-28T13:16:40.454Z"}}, {"model": "product.product_details", "pk": 375, "fields": {"product": 68, "product_details_property_name": 45, "content": "Qualcomm SM7125 Snapdragon 720G (8 nm)", "is_feature": false, "is_detail": false, "is_file": false, "status": true, "created_at": "2021-06-28T13:16:40.455Z", "updated_at": "2021-06-28T13:16:40.455Z"}}, {"model": "product.product_details", "pk": 376, "fields": {"product": 68, "product_details_property_name": 46, "content": "2", "is_feature": false, "is_detail": false, "is_file": false, "status": true, "created_at": "2021-06-28T13:16:40.455Z", "updated_at": "2021-06-28T13:16:40.455Z"}}, {"model": "product.product_details", "pk": 377, "fields": {"product": 68, "product_details_property_name": 47, "content": "Var/25 Vt", "is_feature": false, "is_detail": false, "is_file": false, "status": true, "created_at": "2021-06-28T13:16:40.456Z", "updated_at": "2021-06-28T13:16:40.456Z"}}, {"model": "product.product_details", "pk": 378, "fields": {"product": 68, "product_details_property_name": 48, "content": "Plastik", "is_feature": false, "is_detail": false, "is_file": false, "status": true, "created_at": "2021-06-28T13:16:40.456Z", "updated_at": "2021-06-28T13:16:40.456Z"}}, {"model": "product.product_details", "pk": 379, "fields": {"product": 68, "product_details_property_name": 49, "content": "Var", "is_feature": false, "is_detail": false, "is_file": false, "status": true, "created_at": "2021-06-28T13:16:40.457Z", "updated_at": "2021-06-28T13:16:40.457Z"}}, {"model": "product.product_details", "pk": 380, "fields": {"product": 68, "product_details_property_name": 50, "content": "Super AMOLED", "is_feature": false, "is_detail": false, "is_file": false, "status": true, "created_at": "2021-06-28T13:16:40.457Z", "updated_at": "2021-06-28T13:16:40.457Z"}}, {"model": "product.product_details", "pk": 381, "fields": {"product": 68, "product_details_property_name": 51, "content": "Full HD", "is_feature": false, "is_detail": false, "is_file": false, "status": true, "created_at": "2021-06-28T13:16:40.458Z", "updated_at": "2021-06-28T13:16:40.458Z"}}, {"model": "product.product_details", "pk": 382, "fields": {"product": 68, "product_details_property_name": 52, "content": "Yox", "is_feature": false, "is_detail": false, "is_file": false, "status": true, "created_at": "2021-06-28T13:16:40.458Z", "updated_at": "2021-06-28T13:16:40.458Z"}}, {"model": "product.product_details", "pk": 383, "fields": {"product": 68, "product_details_property_name": 53, "content": "Yox", "is_feature": false, "is_detail": false, "is_file": false, "status": true, "created_at": "2021-06-28T13:16:40.459Z", "updated_at": "2021-06-28T13:16:40.459Z"}}, {"model": "product.product_details", "pk": 384, "fields": {"product": 68, "product_details_property_name": 54, "content": "IP67", "is_feature": false, "is_detail": false, "is_file": false, "status": true, "created_at": "2021-06-28T13:16:40.460Z", "updated_at": "2021-06-28T13:16:40.460Z"}}, {"model": "product.product_details", "pk": 385, "fields": {"product": 68, "product_details_property_name": 55, "content": "Var", "is_feature": false, "is_detail": false, "is_file": false, "status": true, "created_at": "2021-06-28T13:16:40.460Z", "updated_at": "2021-06-28T13:16:40.460Z"}}, {"model": "product.product_details", "pk": 386, "fields": {"product": 68, "product_details_property_name": 56, "content": "Octa-core", "is_feature": false, "is_detail": false, "is_file": false, "status": true, "created_at": "2021-06-28T13:16:40.461Z", "updated_at": "2021-06-28T13:16:40.461Z"}}, {"model": "product.product_details", "pk": 387, "fields": {"product": 68, "product_details_property_name": 57, "content": "Qualcomm", "is_feature": false, "is_detail": false, "is_file": false, "status": true, "created_at": "2021-06-28T13:16:40.461Z", "updated_at": "2021-06-28T13:16:40.461Z"}}, {"model": "product.product_details", "pk": 388, "fields": {"product": 68, "product_details_property_name": 58, "content": "M\u0259lumat kitab\u00e7as\u0131, z\u0259man\u0259t talonu, Sim-kart \u00fc\u00e7\u00fcn i", "is_feature": false, "is_detail": false, "is_file": false, "status": true, "created_at": "2021-06-28T13:16:40.462Z", "updated_at": "2021-06-28T13:16:40.462Z"}}, {"model": "product.product_details", "pk": 389, "fields": {"product": 68, "product_details_property_name": 59, "content": "1 il", "is_feature": false, "is_detail": false, "is_file": false, "status": true, "created_at": "2021-06-28T13:16:40.462Z", "updated_at": "2021-06-28T13:16:40.462Z"}}, {"model": "product.product_details", "pk": 426, "fields": {"product": 74, "product_details_property_name": 25, "content": "itel", "is_feature": false, "is_detail": false, "is_file": false, "status": true, "created_at": "2021-06-28T14:38:23.288Z", "updated_at": "2021-06-28T14:38:23.288Z"}}, {"model": "product.product_details", "pk": 427, "fields": {"product": 74, "product_details_property_name": 27, "content": "Telefon", "is_feature": false, "is_detail": false, "is_file": false, "status": true, "created_at": "2021-06-28T14:38:23.289Z", "updated_at": "2021-06-28T14:38:23.289Z"}}, {"model": "product.product_details", "pk": 428, "fields": {"product": 74, "product_details_property_name": 16, "content": "TFT / 2.8", "is_feature": false, "is_detail": false, "is_file": false, "status": true, "created_at": "2021-06-28T14:38:23.290Z", "updated_at": "2021-06-28T14:38:23.290Z"}}, {"model": "product.product_details", "pk": 429, "fields": {"product": 74, "product_details_property_name": 18, "content": "0.3 mpx", "is_feature": false, "is_detail": false, "is_file": false, "status": true, "created_at": "2021-06-28T14:38:23.290Z", "updated_at": "2021-06-28T14:38:23.290Z"}}, {"model": "product.product_details", "pk": 430, "fields": {"product": 74, "product_details_property_name": 19, "content": "yox", "is_feature": false, "is_detail": false, "is_file": false, "status": true, "created_at": "2021-06-28T14:38:23.291Z", "updated_at": "2021-06-28T14:38:23.291Z"}}, {"model": "product.product_details", "pk": 431, "fields": {"product": 74, "product_details_property_name": 36, "content": "2500 mAh", "is_feature": false, "is_detail": false, "is_file": false, "status": true, "created_at": "2021-06-28T14:38:23.291Z", "updated_at": "2021-06-28T14:38:23.291Z"}}, {"model": "product.product_details", "pk": 432, "fields": {"product": 74, "product_details_property_name": 38, "content": "139.6 x 57.8 x 14.7", "is_feature": false, "is_detail": false, "is_file": false, "status": true, "created_at": "2021-06-28T14:38:23.292Z", "updated_at": "2021-06-28T14:38:23.292Z"}}, {"model": "product.product_details", "pk": 433, "fields": {"product": 74, "product_details_property_name": 39, "content": "mini S\u0130M", "is_feature": false, "is_detail": false, "is_file": false, "status": true, "created_at": "2021-06-28T14:38:23.292Z", "updated_at": "2021-06-28T14:38:23.292Z"}}, {"model": "product.product_details", "pk": 434, "fields": {"product": 74, "product_details_property_name": 12, "content": "900, 1800", "is_feature": false, "is_detail": false, "is_file": false, "status": true, "created_at": "2021-06-28T14:38:23.293Z", "updated_at": "2021-06-28T14:38:23.293Z"}}, {"model": "product.product_details", "pk": 435, "fields": {"product": 74, "product_details_property_name": 46, "content": "3", "is_feature": false, "is_detail": false, "is_file": false, "status": true, "created_at": "2021-06-28T14:38:23.294Z", "updated_at": "2021-06-28T14:38:23.294Z"}}, {"model": "product.product_details", "pk": 436, "fields": {"product": 74, "product_details_property_name": 48, "content": "Plastik", "is_feature": false, "is_detail": false, "is_file": false, "status": true, "created_at": "2021-06-28T14:38:23.294Z", "updated_at": "2021-06-28T14:38:23.294Z"}}, {"model": "product.product_details", "pk": 437, "fields": {"product": 74, "product_details_property_name": 59, "content": "1 il", "is_feature": false, "is_detail": false, "is_file": false, "status": true, "created_at": "2021-06-28T14:38:23.295Z", "updated_at": "2021-06-28T14:38:23.295Z"}}, {"model": "product.product_details", "pk": 438, "fields": {"product": 75, "product_details_property_name": 25, "content": "Nokia", "is_feature": false, "is_detail": false, "is_file": false, "status": true, "created_at": "2021-06-28T16:25:26.410Z", "updated_at": "2021-06-28T16:25:26.410Z"}}, {"model": "product.product_details", "pk": 439, "fields": {"product": 75, "product_details_property_name": 13, "content": "2015", "is_feature": false, "is_detail": false, "is_file": false, "status": true, "created_at": "2021-06-28T16:25:26.411Z", "updated_at": "2021-06-28T16:25:26.411Z"}}, {"model": "product.product_details", "pk": 440, "fields": {"product": 75, "product_details_property_name": 14, "content": "D\u00fcym\u0259li telefon", "is_feature": false, "is_detail": false, "is_file": false, "status": true, "created_at": "2021-06-28T16:25:26.411Z", "updated_at": "2021-06-28T16:25:26.411Z"}}, {"model": "product.product_details", "pk": 441, "fields": {"product": 75, "product_details_property_name": 16, "content": "1.4\"/ TFT / 128 x 128", "is_feature": false, "is_detail": false, "is_file": false, "status": true, "created_at": "2021-06-28T16:25:26.412Z", "updated_at": "2021-06-28T16:25:26.412Z"}}, {"model": "product.product_details", "pk": 442, "fields": {"product": 75, "product_details_property_name": 18, "content": "Yox", "is_feature": false, "is_detail": false, "is_file": false, "status": true, "created_at": "2021-06-28T16:25:26.412Z", "updated_at": "2021-06-28T16:25:26.412Z"}}, {"model": "product.product_details", "pk": 443, "fields": {"product": 75, "product_details_property_name": 19, "content": "Yox", "is_feature": false, "is_detail": false, "is_file": false, "status": true, "created_at": "2021-06-28T16:25:26.413Z", "updated_at": "2021-06-28T16:25:26.413Z"}}, {"model": "product.product_details", "pk": 444, "fields": {"product": 75, "product_details_property_name": 20, "content": "Yox", "is_feature": false, "is_detail": false, "is_file": false, "status": true, "created_at": "2021-06-28T16:25:26.413Z", "updated_at": "2021-06-28T16:25:26.413Z"}}, {"model": "product.product_details", "pk": 445, "fields": {"product": 75, "product_details_property_name": 21, "content": "Yox", "is_feature": false, "is_detail": false, "is_file": false, "status": true, "created_at": "2021-06-28T16:25:26.414Z", "updated_at": "2021-06-28T16:25:26.414Z"}}, {"model": "product.product_details", "pk": 446, "fields": {"product": 75, "product_details_property_name": 22, "content": "4 MB", "is_feature": false, "is_detail": false, "is_file": false, "status": true, "created_at": "2021-06-28T16:25:26.414Z", "updated_at": "2021-06-28T16:25:26.414Z"}}, {"model": "product.product_details", "pk": 447, "fields": {"product": 75, "product_details_property_name": 23, "content": "Yox", "is_feature": false, "is_detail": false, "is_file": false, "status": true, "created_at": "2021-06-28T16:25:26.415Z", "updated_at": "2021-06-28T16:25:26.415Z"}}, {"model": "product.product_details", "pk": 448, "fields": {"product": 75, "product_details_property_name": 24, "content": "Yox", "is_feature": false, "is_detail": false, "is_file": false, "status": true, "created_at": "2021-06-28T16:25:26.415Z", "updated_at": "2021-06-28T16:25:26.415Z"}}, {"model": "product.product_details", "pk": 449, "fields": {"product": 75, "product_details_property_name": 36, "content": "800 (mAh)", "is_feature": false, "is_detail": false, "is_file": false, "status": true, "created_at": "2021-06-28T16:25:26.416Z", "updated_at": "2021-06-28T16:25:26.416Z"}}, {"model": "product.product_details", "pk": 450, "fields": {"product": 75, "product_details_property_name": 37, "content": "70.2 q", "is_feature": false, "is_detail": false, "is_file": false, "status": true, "created_at": "2021-06-28T16:25:26.416Z", "updated_at": "2021-06-28T16:25:26.416Z"}}, {"model": "product.product_details", "pk": 451, "fields": {"product": 75, "product_details_property_name": 38, "content": "107 x 45 x 14 mm", "is_feature": false, "is_detail": false, "is_file": false, "status": true, "created_at": "2021-06-28T16:25:26.417Z", "updated_at": "2021-06-28T16:25:26.417Z"}}, {"model": "product.product_details", "pk": 452, "fields": {"product": 75, "product_details_property_name": 39, "content": "Micro SIM", "is_feature": false, "is_detail": false, "is_file": false, "status": true, "created_at": "2021-06-28T16:25:26.417Z", "updated_at": "2021-06-28T16:25:26.417Z"}}, {"model": "product.product_details", "pk": 453, "fields": {"product": 75, "product_details_property_name": 40, "content": "Yox", "is_feature": false, "is_detail": false, "is_file": false, "status": true, "created_at": "2021-06-28T16:25:26.418Z", "updated_at": "2021-06-28T16:25:26.418Z"}}, {"model": "product.product_details", "pk": 454, "fields": {"product": 75, "product_details_property_name": 42, "content": "Yox", "is_feature": false, "is_detail": false, "is_file": false, "status": true, "created_at": "2021-06-28T16:25:26.418Z", "updated_at": "2021-06-28T16:25:26.418Z"}}, {"model": "product.product_details", "pk": 455, "fields": {"product": 75, "product_details_property_name": 43, "content": "Yox", "is_feature": false, "is_detail": false, "is_file": false, "status": true, "created_at": "2021-06-28T16:25:26.419Z", "updated_at": "2021-06-28T16:25:26.419Z"}}, {"model": "product.product_details", "pk": 456, "fields": {"product": 75, "product_details_property_name": 12, "content": "2G", "is_feature": false, "is_detail": false, "is_file": false, "status": true, "created_at": "2021-06-28T16:25:26.420Z", "updated_at": "2021-06-28T16:25:26.420Z"}}, {"model": "product.product_details", "pk": 457, "fields": {"product": 75, "product_details_property_name": 44, "content": "Yox", "is_feature": false, "is_detail": false, "is_file": false, "status": true, "created_at": "2021-06-28T16:25:26.420Z", "updated_at": "2021-06-28T16:25:26.420Z"}}, {"model": "product.product_details", "pk": 458, "fields": {"product": 75, "product_details_property_name": 45, "content": "Yox", "is_feature": false, "is_detail": false, "is_file": false, "status": true, "created_at": "2021-06-28T16:25:26.421Z", "updated_at": "2021-06-28T16:25:26.421Z"}}, {"model": "product.product_details", "pk": 459, "fields": {"product": 75, "product_details_property_name": 46, "content": "2", "is_feature": false, "is_detail": false, "is_file": false, "status": true, "created_at": "2021-06-28T16:25:26.421Z", "updated_at": "2021-06-28T16:25:26.421Z"}}, {"model": "product.product_details", "pk": 460, "fields": {"product": 75, "product_details_property_name": 48, "content": "Plastik", "is_feature": false, "is_detail": false, "is_file": false, "status": true, "created_at": "2021-06-28T16:25:26.421Z", "updated_at": "2021-06-28T16:25:26.421Z"}}, {"model": "product.product_details", "pk": 461, "fields": {"product": 75, "product_details_property_name": 49, "content": "Yox", "is_feature": false, "is_detail": false, "is_file": false, "status": true, "created_at": "2021-06-28T16:25:26.422Z", "updated_at": "2021-06-28T16:25:26.422Z"}}, {"model": "product.product_details", "pk": 462, "fields": {"product": 75, "product_details_property_name": 50, "content": "TFT", "is_feature": false, "is_detail": false, "is_file": false, "status": true, "created_at": "2021-06-28T16:25:26.422Z", "updated_at": "2021-06-28T16:25:26.422Z"}}, {"model": "product.product_details", "pk": 463, "fields": {"product": 75, "product_details_property_name": 51, "content": "Yox", "is_feature": false, "is_detail": false, "is_file": false, "status": true, "created_at": "2021-06-28T16:25:26.423Z", "updated_at": "2021-06-28T16:25:26.423Z"}}, {"model": "product.product_details", "pk": 464, "fields": {"product": 75, "product_details_property_name": 52, "content": "Yox", "is_feature": false, "is_detail": false, "is_file": false, "status": true, "created_at": "2021-06-28T16:25:26.424Z", "updated_at": "2021-06-28T16:25:26.424Z"}}, {"model": "product.product_details", "pk": 465, "fields": {"product": 75, "product_details_property_name": 59, "content": "1 il", "is_feature": false, "is_detail": false, "is_file": false, "status": true, "created_at": "2021-06-28T16:25:26.424Z", "updated_at": "2021-06-28T16:25:26.424Z"}}, {"model": "product.product_details", "pk": 466, "fields": {"product": 76, "product_details_property_name": 25, "content": "Samsung", "is_feature": false, "is_detail": false, "is_file": false, "status": true, "created_at": "2021-06-28T19:31:37.071Z", "updated_at": "2021-06-28T19:31:37.071Z"}}, {"model": "product.product_details", "pk": 467, "fields": {"product": 76, "product_details_property_name": 13, "content": "2021 Mart", "is_feature": false, "is_detail": false, "is_file": false, "status": true, "created_at": "2021-06-28T19:31:37.072Z", "updated_at": "2021-06-28T19:31:37.072Z"}}, {"model": "product.product_details", "pk": 468, "fields": {"product": 76, "product_details_property_name": 14, "content": "Smartfon", "is_feature": false, "is_detail": false, "is_file": false, "status": true, "created_at": "2021-06-28T19:31:37.073Z", "updated_at": "2021-06-28T19:31:37.073Z"}}, {"model": "product.product_details", "pk": 469, "fields": {"product": 76, "product_details_property_name": 16, "content": "6.7\"/ Super AMOLED / 1080 x 2400", "is_feature": false, "is_detail": false, "is_file": false, "status": true, "created_at": "2021-06-28T19:31:37.073Z", "updated_at": "2021-06-28T19:31:37.073Z"}}, {"model": "product.product_details", "pk": 470, "fields": {"product": 76, "product_details_property_name": 17, "content": "1080 x 2400", "is_feature": false, "is_detail": false, "is_file": false, "status": true, "created_at": "2021-06-28T19:31:37.074Z", "updated_at": "2021-06-28T19:31:37.074Z"}}, {"model": "product.product_details", "pk": 471, "fields": {"product": 76, "product_details_property_name": 18, "content": "64 mpx + 5 mpx + 12 mpx", "is_feature": false, "is_detail": false, "is_file": false, "status": true, "created_at": "2021-06-28T19:31:37.074Z", "updated_at": "2021-06-28T19:31:37.074Z"}}, {"model": "product.product_details", "pk": 472, "fields": {"product": 76, "product_details_property_name": 19, "content": "32 mpx", "is_feature": false, "is_detail": false, "is_file": false, "status": true, "created_at": "2021-06-28T19:31:37.075Z", "updated_at": "2021-06-28T19:31:37.075Z"}}, {"model": "product.product_details", "pk": 473, "fields": {"product": 76, "product_details_property_name": 32, "content": "Var", "is_feature": false, "is_detail": false, "is_file": false, "status": true, "created_at": "2021-06-28T19:31:37.075Z", "updated_at": "2021-06-28T19:31:37.075Z"}}, {"model": "product.product_details", "pk": 474, "fields": {"product": 76, "product_details_property_name": 21, "content": "Var", "is_feature": false, "is_detail": false, "is_file": false, "status": true, "created_at": "2021-06-28T19:31:37.076Z", "updated_at": "2021-06-28T19:31:37.076Z"}}, {"model": "product.product_details", "pk": 475, "fields": {"product": 76, "product_details_property_name": 22, "content": "128 GB", "is_feature": false, "is_detail": false, "is_file": false, "status": true, "created_at": "2021-06-28T19:31:37.076Z", "updated_at": "2021-06-28T19:31:37.076Z"}}, {"model": "product.product_details", "pk": 476, "fields": {"product": 76, "product_details_property_name": 23, "content": "6 GB", "is_feature": false, "is_detail": false, "is_file": false, "status": true, "created_at": "2021-06-28T19:31:37.077Z", "updated_at": "2021-06-28T19:31:37.077Z"}}, {"model": "product.product_details", "pk": 477, "fields": {"product": 76, "product_details_property_name": 36, "content": "5000 (mAh)", "is_feature": false, "is_detail": false, "is_file": false, "status": true, "created_at": "2021-06-28T19:31:37.077Z", "updated_at": "2021-06-28T19:31:37.077Z"}}, {"model": "product.product_details", "pk": 478, "fields": {"product": 76, "product_details_property_name": 37, "content": "203 q", "is_feature": false, "is_detail": false, "is_file": false, "status": true, "created_at": "2021-06-28T19:31:37.078Z", "updated_at": "2021-06-28T19:31:37.078Z"}}, {"model": "product.product_details", "pk": 479, "fields": {"product": 76, "product_details_property_name": 38, "content": "165 x 77.4 x 8.4 mm", "is_feature": false, "is_detail": false, "is_file": false, "status": true, "created_at": "2021-06-28T19:31:37.078Z", "updated_at": "2021-06-28T19:31:37.079Z"}}, {"model": "product.product_details", "pk": 480, "fields": {"product": 76, "product_details_property_name": 39, "content": "Nano SIM", "is_feature": false, "is_detail": false, "is_file": false, "status": true, "created_at": "2021-06-28T19:31:37.079Z", "updated_at": "2021-06-28T19:31:37.079Z"}}, {"model": "product.product_details", "pk": 481, "fields": {"product": 76, "product_details_property_name": 40, "content": "Android", "is_feature": false, "is_detail": false, "is_file": false, "status": true, "created_at": "2021-06-28T19:31:37.080Z", "updated_at": "2021-06-28T19:31:37.080Z"}}, {"model": "product.product_details", "pk": 482, "fields": {"product": 76, "product_details_property_name": 41, "content": "Android 11, One UI 3.1", "is_feature": false, "is_detail": false, "is_file": false, "status": true, "created_at": "2021-06-28T19:31:37.080Z", "updated_at": "2021-06-28T19:31:37.080Z"}}, {"model": "product.product_details", "pk": 483, "fields": {"product": 76, "product_details_property_name": 42, "content": "Var", "is_feature": false, "is_detail": false, "is_file": false, "status": true, "created_at": "2021-06-28T19:31:37.080Z", "updated_at": "2021-06-28T19:31:37.080Z"}}, {"model": "product.product_details", "pk": 484, "fields": {"product": 76, "product_details_property_name": 43, "content": "Yox", "is_feature": false, "is_detail": false, "is_file": false, "status": true, "created_at": "2021-06-28T19:31:37.081Z", "updated_at": "2021-06-28T19:31:37.081Z"}}, {"model": "product.product_details", "pk": 485, "fields": {"product": 76, "product_details_property_name": 12, "content": "4G", "is_feature": false, "is_detail": false, "is_file": false, "status": true, "created_at": "2021-06-28T19:31:37.082Z", "updated_at": "2021-06-28T19:31:37.082Z"}}, {"model": "product.product_details", "pk": 486, "fields": {"product": 76, "product_details_property_name": 44, "content": "Var", "is_feature": false, "is_detail": false, "is_file": false, "status": true, "created_at": "2021-06-28T19:31:37.082Z", "updated_at": "2021-06-28T19:31:37.082Z"}}, {"model": "product.product_details", "pk": 487, "fields": {"product": 76, "product_details_property_name": 45, "content": "Qualcomm SM7125 Snapdragon 720G (8 nm)", "is_feature": false, "is_detail": false, "is_file": false, "status": true, "created_at": "2021-06-28T19:31:37.083Z", "updated_at": "2021-06-28T19:31:37.083Z"}}, {"model": "product.product_details", "pk": 488, "fields": {"product": 76, "product_details_property_name": 46, "content": "2", "is_feature": false, "is_detail": false, "is_file": false, "status": true, "created_at": "2021-06-28T19:31:37.083Z", "updated_at": "2021-06-28T19:31:37.083Z"}}, {"model": "product.product_details", "pk": 489, "fields": {"product": 76, "product_details_property_name": 47, "content": "Var/25 Vt", "is_feature": false, "is_detail": false, "is_file": false, "status": true, "created_at": "2021-06-28T19:31:37.083Z", "updated_at": "2021-06-28T19:31:37.083Z"}}, {"model": "product.product_details", "pk": 490, "fields": {"product": 76, "product_details_property_name": 48, "content": "Plastik", "is_feature": false, "is_detail": false, "is_file": false, "status": true, "created_at": "2021-06-28T19:31:37.084Z", "updated_at": "2021-06-28T19:31:37.084Z"}}, {"model": "product.product_details", "pk": 491, "fields": {"product": 76, "product_details_property_name": 49, "content": "Var", "is_feature": false, "is_detail": false, "is_file": false, "status": true, "created_at": "2021-06-28T19:31:37.084Z", "updated_at": "2021-06-28T19:31:37.084Z"}}, {"model": "product.product_details", "pk": 492, "fields": {"product": 76, "product_details_property_name": 50, "content": "Super AMOLED", "is_feature": false, "is_detail": false, "is_file": false, "status": true, "created_at": "2021-06-28T19:31:37.085Z", "updated_at": "2021-06-28T19:31:37.085Z"}}, {"model": "product.product_details", "pk": 493, "fields": {"product": 76, "product_details_property_name": 51, "content": "Full HD", "is_feature": false, "is_detail": false, "is_file": false, "status": true, "created_at": "2021-06-28T19:31:37.085Z", "updated_at": "2021-06-28T19:31:37.085Z"}}, {"model": "product.product_details", "pk": 494, "fields": {"product": 76, "product_details_property_name": 52, "content": "Yox", "is_feature": false, "is_detail": false, "is_file": false, "status": true, "created_at": "2021-06-28T19:31:37.086Z", "updated_at": "2021-06-28T19:31:37.086Z"}}, {"model": "product.product_details", "pk": 495, "fields": {"product": 76, "product_details_property_name": 53, "content": "Yox", "is_feature": false, "is_detail": false, "is_file": false, "status": true, "created_at": "2021-06-28T19:31:37.086Z", "updated_at": "2021-06-28T19:31:37.086Z"}}, {"model": "product.product_details", "pk": 496, "fields": {"product": 76, "product_details_property_name": 54, "content": "IP67", "is_feature": false, "is_detail": false, "is_file": false, "status": true, "created_at": "2021-06-28T19:31:37.087Z", "updated_at": "2021-06-28T19:31:37.087Z"}}, {"model": "product.product_details", "pk": 497, "fields": {"product": 76, "product_details_property_name": 55, "content": "Var", "is_feature": false, "is_detail": false, "is_file": false, "status": true, "created_at": "2021-06-28T19:31:37.087Z", "updated_at": "2021-06-28T19:31:37.087Z"}}, {"model": "product.product_details", "pk": 498, "fields": {"product": 76, "product_details_property_name": 56, "content": "Octa-core", "is_feature": false, "is_detail": false, "is_file": false, "status": true, "created_at": "2021-06-28T19:31:37.088Z", "updated_at": "2021-06-28T19:31:37.088Z"}}, {"model": "product.product_details", "pk": 499, "fields": {"product": 76, "product_details_property_name": 57, "content": "Qualcomm", "is_feature": false, "is_detail": false, "is_file": false, "status": true, "created_at": "2021-06-28T19:31:37.088Z", "updated_at": "2021-06-28T19:31:37.088Z"}}, {"model": "product.product_details", "pk": 500, "fields": {"product": 76, "product_details_property_name": 58, "content": "M\u0259lumat kitab\u00e7as\u0131, z\u0259man\u0259t talonu, Sim-kart \u00fc\u00e7\u00fcn i", "is_feature": false, "is_detail": false, "is_file": false, "status": true, "created_at": "2021-06-28T19:31:37.089Z", "updated_at": "2021-06-28T19:31:37.089Z"}}, {"model": "product.product_details", "pk": 501, "fields": {"product": 76, "product_details_property_name": 59, "content": "1 il", "is_feature": false, "is_detail": false, "is_file": false, "status": true, "created_at": "2021-06-28T19:31:37.089Z", "updated_at": "2021-06-28T19:31:37.089Z"}}, {"model": "product.product_details", "pk": 502, "fields": {"product": 77, "product_details_property_name": 25, "content": "Samsung", "is_feature": false, "is_detail": false, "is_file": false, "status": true, "created_at": "2021-06-28T19:53:06.529Z", "updated_at": "2021-06-28T19:53:06.529Z"}}, {"model": "product.product_details", "pk": 503, "fields": {"product": 77, "product_details_property_name": 13, "content": "2021 Mart", "is_feature": false, "is_detail": false, "is_file": false, "status": true, "created_at": "2021-06-28T19:53:06.530Z", "updated_at": "2021-06-28T19:53:06.530Z"}}, {"model": "product.product_details", "pk": 504, "fields": {"product": 77, "product_details_property_name": 14, "content": "Smartfon", "is_feature": false, "is_detail": false, "is_file": false, "status": true, "created_at": "2021-06-28T19:53:06.531Z", "updated_at": "2021-06-28T19:53:06.531Z"}}, {"model": "product.product_details", "pk": 505, "fields": {"product": 77, "product_details_property_name": 16, "content": "6.7\"/ Super AMOLED / 1080 x 2400", "is_feature": false, "is_detail": false, "is_file": false, "status": true, "created_at": "2021-06-28T19:53:06.531Z", "updated_at": "2021-06-28T19:53:06.531Z"}}, {"model": "product.product_details", "pk": 506, "fields": {"product": 77, "product_details_property_name": 17, "content": "1080 x 2400", "is_feature": false, "is_detail": false, "is_file": false, "status": true, "created_at": "2021-06-28T19:53:06.532Z", "updated_at": "2021-06-28T19:53:06.532Z"}}, {"model": "product.product_details", "pk": 507, "fields": {"product": 77, "product_details_property_name": 18, "content": "64 mpx + 5 mpx + 12 mpx", "is_feature": false, "is_detail": false, "is_file": false, "status": true, "created_at": "2021-06-28T19:53:06.532Z", "updated_at": "2021-06-28T19:53:06.532Z"}}, {"model": "product.product_details", "pk": 508, "fields": {"product": 77, "product_details_property_name": 19, "content": "32 mpx", "is_feature": false, "is_detail": false, "is_file": false, "status": true, "created_at": "2021-06-28T19:53:06.533Z", "updated_at": "2021-06-28T19:53:06.533Z"}}, {"model": "product.product_details", "pk": 509, "fields": {"product": 77, "product_details_property_name": 32, "content": "Var", "is_feature": false, "is_detail": false, "is_file": false, "status": true, "created_at": "2021-06-28T19:53:06.533Z", "updated_at": "2021-06-28T19:53:06.533Z"}}, {"model": "product.product_details", "pk": 510, "fields": {"product": 77, "product_details_property_name": 21, "content": "Var", "is_feature": false, "is_detail": false, "is_file": false, "status": true, "created_at": "2021-06-28T19:53:06.534Z", "updated_at": "2021-06-28T19:53:06.534Z"}}, {"model": "product.product_details", "pk": 511, "fields": {"product": 77, "product_details_property_name": 22, "content": "128 GB", "is_feature": false, "is_detail": false, "is_file": false, "status": true, "created_at": "2021-06-28T19:53:06.535Z", "updated_at": "2021-06-28T19:53:06.535Z"}}, {"model": "product.product_details", "pk": 512, "fields": {"product": 77, "product_details_property_name": 23, "content": "6 GB", "is_feature": false, "is_detail": false, "is_file": false, "status": true, "created_at": "2021-06-28T19:53:06.535Z", "updated_at": "2021-06-28T19:53:06.535Z"}}, {"model": "product.product_details", "pk": 513, "fields": {"product": 77, "product_details_property_name": 36, "content": "5000 (mAh)", "is_feature": false, "is_detail": false, "is_file": false, "status": true, "created_at": "2021-06-28T19:53:06.536Z", "updated_at": "2021-06-28T19:53:06.536Z"}}, {"model": "product.product_details", "pk": 514, "fields": {"product": 77, "product_details_property_name": 37, "content": "203 q", "is_feature": false, "is_detail": false, "is_file": false, "status": true, "created_at": "2021-06-28T19:53:06.536Z", "updated_at": "2021-06-28T19:53:06.536Z"}}, {"model": "product.product_details", "pk": 515, "fields": {"product": 77, "product_details_property_name": 38, "content": "165 x 77.4 x 8.4 mm", "is_feature": false, "is_detail": false, "is_file": false, "status": true, "created_at": "2021-06-28T19:53:06.537Z", "updated_at": "2021-06-28T19:53:06.537Z"}}, {"model": "product.product_details", "pk": 516, "fields": {"product": 77, "product_details_property_name": 39, "content": "Nano SIM", "is_feature": false, "is_detail": false, "is_file": false, "status": true, "created_at": "2021-06-28T19:53:06.537Z", "updated_at": "2021-06-28T19:53:06.537Z"}}, {"model": "product.product_details", "pk": 517, "fields": {"product": 77, "product_details_property_name": 40, "content": "Android", "is_feature": false, "is_detail": false, "is_file": false, "status": true, "created_at": "2021-06-28T19:53:06.538Z", "updated_at": "2021-06-28T19:53:06.538Z"}}, {"model": "product.product_details", "pk": 518, "fields": {"product": 77, "product_details_property_name": 41, "content": "Android 11, One UI 3.1", "is_feature": false, "is_detail": false, "is_file": false, "status": true, "created_at": "2021-06-28T19:53:06.538Z", "updated_at": "2021-06-28T19:53:06.538Z"}}, {"model": "product.product_details", "pk": 519, "fields": {"product": 77, "product_details_property_name": 42, "content": "Var", "is_feature": false, "is_detail": false, "is_file": false, "status": true, "created_at": "2021-06-28T19:53:06.539Z", "updated_at": "2021-06-28T19:53:06.539Z"}}, {"model": "product.product_details", "pk": 520, "fields": {"product": 77, "product_details_property_name": 43, "content": "Yox", "is_feature": false, "is_detail": false, "is_file": false, "status": true, "created_at": "2021-06-28T19:53:06.539Z", "updated_at": "2021-06-28T19:53:06.539Z"}}, {"model": "product.product_details", "pk": 521, "fields": {"product": 77, "product_details_property_name": 12, "content": "4G", "is_feature": false, "is_detail": false, "is_file": false, "status": true, "created_at": "2021-06-28T19:53:06.540Z", "updated_at": "2021-06-28T19:53:06.540Z"}}, {"model": "product.product_details", "pk": 522, "fields": {"product": 77, "product_details_property_name": 44, "content": "Var", "is_feature": false, "is_detail": false, "is_file": false, "status": true, "created_at": "2021-06-28T19:53:06.540Z", "updated_at": "2021-06-28T19:53:06.540Z"}}, {"model": "product.product_details", "pk": 523, "fields": {"product": 77, "product_details_property_name": 45, "content": "Qualcomm SM7125 Snapdragon 720G (8 nm)", "is_feature": false, "is_detail": false, "is_file": false, "status": true, "created_at": "2021-06-28T19:53:06.541Z", "updated_at": "2021-06-28T19:53:06.541Z"}}, {"model": "product.product_details", "pk": 524, "fields": {"product": 77, "product_details_property_name": 46, "content": "2", "is_feature": false, "is_detail": false, "is_file": false, "status": true, "created_at": "2021-06-28T19:53:06.541Z", "updated_at": "2021-06-28T19:53:06.541Z"}}, {"model": "product.product_details", "pk": 525, "fields": {"product": 77, "product_details_property_name": 47, "content": "Var/25 Vt", "is_feature": false, "is_detail": false, "is_file": false, "status": true, "created_at": "2021-06-28T19:53:06.542Z", "updated_at": "2021-06-28T19:53:06.542Z"}}, {"model": "product.product_details", "pk": 526, "fields": {"product": 77, "product_details_property_name": 48, "content": "Plastik", "is_feature": false, "is_detail": false, "is_file": false, "status": true, "created_at": "2021-06-28T19:53:06.542Z", "updated_at": "2021-06-28T19:53:06.542Z"}}, {"model": "product.product_details", "pk": 527, "fields": {"product": 77, "product_details_property_name": 49, "content": "Var", "is_feature": false, "is_detail": false, "is_file": false, "status": true, "created_at": "2021-06-28T19:53:06.543Z", "updated_at": "2021-06-28T19:53:06.543Z"}}, {"model": "product.product_details", "pk": 528, "fields": {"product": 77, "product_details_property_name": 50, "content": "Super AMOLED", "is_feature": false, "is_detail": false, "is_file": false, "status": true, "created_at": "2021-06-28T19:53:06.543Z", "updated_at": "2021-06-28T19:53:06.543Z"}}, {"model": "product.product_details", "pk": 529, "fields": {"product": 77, "product_details_property_name": 51, "content": "Full HD", "is_feature": false, "is_detail": false, "is_file": false, "status": true, "created_at": "2021-06-28T19:53:06.544Z", "updated_at": "2021-06-28T19:53:06.544Z"}}, {"model": "product.product_details", "pk": 530, "fields": {"product": 77, "product_details_property_name": 52, "content": "Yox", "is_feature": false, "is_detail": false, "is_file": false, "status": true, "created_at": "2021-06-28T19:53:06.545Z", "updated_at": "2021-06-28T19:53:06.545Z"}}, {"model": "product.product_details", "pk": 531, "fields": {"product": 77, "product_details_property_name": 53, "content": "Yox", "is_feature": false, "is_detail": false, "is_file": false, "status": true, "created_at": "2021-06-28T19:53:06.545Z", "updated_at": "2021-06-28T19:53:06.545Z"}}, {"model": "product.product_details", "pk": 532, "fields": {"product": 77, "product_details_property_name": 54, "content": "IP67", "is_feature": false, "is_detail": false, "is_file": false, "status": true, "created_at": "2021-06-28T19:53:06.546Z", "updated_at": "2021-06-28T19:53:06.546Z"}}, {"model": "product.product_details", "pk": 533, "fields": {"product": 77, "product_details_property_name": 55, "content": "Var", "is_feature": false, "is_detail": false, "is_file": false, "status": true, "created_at": "2021-06-28T19:53:06.546Z", "updated_at": "2021-06-28T19:53:06.546Z"}}, {"model": "product.product_details", "pk": 534, "fields": {"product": 77, "product_details_property_name": 56, "content": "Octa-core", "is_feature": false, "is_detail": false, "is_file": false, "status": true, "created_at": "2021-06-28T19:53:06.547Z", "updated_at": "2021-06-28T19:53:06.547Z"}}, {"model": "product.product_details", "pk": 535, "fields": {"product": 77, "product_details_property_name": 57, "content": "Qualcomm", "is_feature": false, "is_detail": false, "is_file": false, "status": true, "created_at": "2021-06-28T19:53:06.547Z", "updated_at": "2021-06-28T19:53:06.547Z"}}, {"model": "product.product_details", "pk": 536, "fields": {"product": 77, "product_details_property_name": 58, "content": "M\u0259lumat kitab\u00e7as\u0131, z\u0259man\u0259t talonu, Sim-kart \u00fc\u00e7\u00fcn i", "is_feature": false, "is_detail": false, "is_file": false, "status": true, "created_at": "2021-06-28T19:53:06.548Z", "updated_at": "2021-06-28T19:53:06.548Z"}}, {"model": "product.product_details", "pk": 537, "fields": {"product": 77, "product_details_property_name": 59, "content": "1 il", "is_feature": false, "is_detail": false, "is_file": false, "status": true, "created_at": "2021-06-28T19:53:06.548Z", "updated_at": "2021-06-28T19:53:06.548Z"}}, {"model": "product.product_details", "pk": 538, "fields": {"product": 78, "product_details_property_name": 25, "content": "Samsung", "is_feature": false, "is_detail": false, "is_file": false, "status": true, "created_at": "2021-06-28T20:05:09.572Z", "updated_at": "2021-06-28T20:05:09.573Z"}}, {"model": "product.product_details", "pk": 539, "fields": {"product": 78, "product_details_property_name": 13, "content": "2021 Mart", "is_feature": false, "is_detail": false, "is_file": false, "status": true, "created_at": "2021-06-28T20:05:09.573Z", "updated_at": "2021-06-28T20:05:09.573Z"}}, {"model": "product.product_details", "pk": 540, "fields": {"product": 78, "product_details_property_name": 14, "content": "Smartfon", "is_feature": false, "is_detail": false, "is_file": false, "status": true, "created_at": "2021-06-28T20:05:09.574Z", "updated_at": "2021-06-28T20:05:09.574Z"}}, {"model": "product.product_details", "pk": 541, "fields": {"product": 78, "product_details_property_name": 16, "content": "6.7\"/ Super AMOLED / 1080 x 2400", "is_feature": false, "is_detail": false, "is_file": false, "status": true, "created_at": "2021-06-28T20:05:09.574Z", "updated_at": "2021-06-28T20:05:09.574Z"}}, {"model": "product.product_details", "pk": 542, "fields": {"product": 78, "product_details_property_name": 17, "content": "1080 x 2400", "is_feature": false, "is_detail": false, "is_file": false, "status": true, "created_at": "2021-06-28T20:05:09.575Z", "updated_at": "2021-06-28T20:05:09.575Z"}}, {"model": "product.product_details", "pk": 543, "fields": {"product": 78, "product_details_property_name": 18, "content": "64 mpx + 5 mpx + 12 mpx", "is_feature": false, "is_detail": false, "is_file": false, "status": true, "created_at": "2021-06-28T20:05:09.575Z", "updated_at": "2021-06-28T20:05:09.576Z"}}, {"model": "product.product_details", "pk": 544, "fields": {"product": 78, "product_details_property_name": 19, "content": "32 mpx", "is_feature": false, "is_detail": false, "is_file": false, "status": true, "created_at": "2021-06-28T20:05:09.576Z", "updated_at": "2021-06-28T20:05:09.576Z"}}, {"model": "product.product_details", "pk": 545, "fields": {"product": 78, "product_details_property_name": 32, "content": "Var", "is_feature": false, "is_detail": false, "is_file": false, "status": true, "created_at": "2021-06-28T20:05:09.577Z", "updated_at": "2021-06-28T20:05:09.577Z"}}, {"model": "product.product_details", "pk": 546, "fields": {"product": 78, "product_details_property_name": 21, "content": "Var", "is_feature": false, "is_detail": false, "is_file": false, "status": true, "created_at": "2021-06-28T20:05:09.577Z", "updated_at": "2021-06-28T20:05:09.577Z"}}, {"model": "product.product_details", "pk": 547, "fields": {"product": 78, "product_details_property_name": 22, "content": "128 GB", "is_feature": false, "is_detail": false, "is_file": false, "status": true, "created_at": "2021-06-28T20:05:09.578Z", "updated_at": "2021-06-28T20:05:09.578Z"}}, {"model": "product.product_details", "pk": 548, "fields": {"product": 78, "product_details_property_name": 23, "content": "6 GB", "is_feature": false, "is_detail": false, "is_file": false, "status": true, "created_at": "2021-06-28T20:05:09.578Z", "updated_at": "2021-06-28T20:05:09.578Z"}}, {"model": "product.product_details", "pk": 549, "fields": {"product": 78, "product_details_property_name": 36, "content": "5000 (mAh)", "is_feature": false, "is_detail": false, "is_file": false, "status": true, "created_at": "2021-06-28T20:05:09.579Z", "updated_at": "2021-06-28T20:05:09.579Z"}}, {"model": "product.product_details", "pk": 550, "fields": {"product": 78, "product_details_property_name": 37, "content": "203 q", "is_feature": false, "is_detail": false, "is_file": false, "status": true, "created_at": "2021-06-28T20:05:09.579Z", "updated_at": "2021-06-28T20:05:09.579Z"}}, {"model": "product.product_details", "pk": 551, "fields": {"product": 78, "product_details_property_name": 38, "content": "165 x 77.4 x 8.4 mm", "is_feature": false, "is_detail": false, "is_file": false, "status": true, "created_at": "2021-06-28T20:05:09.580Z", "updated_at": "2021-06-28T20:05:09.580Z"}}, {"model": "product.product_details", "pk": 552, "fields": {"product": 78, "product_details_property_name": 39, "content": "Nano SIM", "is_feature": false, "is_detail": false, "is_file": false, "status": true, "created_at": "2021-06-28T20:05:09.581Z", "updated_at": "2021-06-28T20:05:09.581Z"}}, {"model": "product.product_details", "pk": 553, "fields": {"product": 78, "product_details_property_name": 40, "content": "Android", "is_feature": false, "is_detail": false, "is_file": false, "status": true, "created_at": "2021-06-28T20:05:09.581Z", "updated_at": "2021-06-28T20:05:09.581Z"}}, {"model": "product.product_details", "pk": 554, "fields": {"product": 78, "product_details_property_name": 41, "content": "Android 11, One UI 3.1", "is_feature": false, "is_detail": false, "is_file": false, "status": true, "created_at": "2021-06-28T20:05:09.582Z", "updated_at": "2021-06-28T20:05:09.582Z"}}, {"model": "product.product_details", "pk": 555, "fields": {"product": 78, "product_details_property_name": 42, "content": "Var", "is_feature": false, "is_detail": false, "is_file": false, "status": true, "created_at": "2021-06-28T20:05:09.582Z", "updated_at": "2021-06-28T20:05:09.582Z"}}, {"model": "product.product_details", "pk": 556, "fields": {"product": 78, "product_details_property_name": 43, "content": "Yox", "is_feature": false, "is_detail": false, "is_file": false, "status": true, "created_at": "2021-06-28T20:05:09.583Z", "updated_at": "2021-06-28T20:05:09.583Z"}}, {"model": "product.product_details", "pk": 557, "fields": {"product": 78, "product_details_property_name": 12, "content": "4G", "is_feature": false, "is_detail": false, "is_file": false, "status": true, "created_at": "2021-06-28T20:05:09.583Z", "updated_at": "2021-06-28T20:05:09.583Z"}}, {"model": "product.product_details", "pk": 558, "fields": {"product": 78, "product_details_property_name": 44, "content": "Var", "is_feature": false, "is_detail": false, "is_file": false, "status": true, "created_at": "2021-06-28T20:05:09.584Z", "updated_at": "2021-06-28T20:05:09.584Z"}}, {"model": "product.product_details", "pk": 559, "fields": {"product": 78, "product_details_property_name": 45, "content": "Qualcomm SM7125 Snapdragon 720G (8 nm)", "is_feature": false, "is_detail": false, "is_file": false, "status": true, "created_at": "2021-06-28T20:05:09.584Z", "updated_at": "2021-06-28T20:05:09.584Z"}}, {"model": "product.product_details", "pk": 560, "fields": {"product": 78, "product_details_property_name": 46, "content": "2", "is_feature": false, "is_detail": false, "is_file": false, "status": true, "created_at": "2021-06-28T20:05:09.585Z", "updated_at": "2021-06-28T20:05:09.585Z"}}, {"model": "product.product_details", "pk": 561, "fields": {"product": 78, "product_details_property_name": 47, "content": "Var/25 Vt", "is_feature": false, "is_detail": false, "is_file": false, "status": true, "created_at": "2021-06-28T20:05:09.585Z", "updated_at": "2021-06-28T20:05:09.585Z"}}, {"model": "product.product_details", "pk": 562, "fields": {"product": 78, "product_details_property_name": 48, "content": "Plastik", "is_feature": false, "is_detail": false, "is_file": false, "status": true, "created_at": "2021-06-28T20:05:09.586Z", "updated_at": "2021-06-28T20:05:09.586Z"}}, {"model": "product.product_details", "pk": 563, "fields": {"product": 78, "product_details_property_name": 49, "content": "Var", "is_feature": false, "is_detail": false, "is_file": false, "status": true, "created_at": "2021-06-28T20:05:09.586Z", "updated_at": "2021-06-28T20:05:09.586Z"}}, {"model": "product.product_details", "pk": 564, "fields": {"product": 78, "product_details_property_name": 50, "content": "Super AMOLED", "is_feature": false, "is_detail": false, "is_file": false, "status": true, "created_at": "2021-06-28T20:05:09.587Z", "updated_at": "2021-06-28T20:05:09.587Z"}}, {"model": "product.product_details", "pk": 565, "fields": {"product": 78, "product_details_property_name": 51, "content": "Full HD", "is_feature": false, "is_detail": false, "is_file": false, "status": true, "created_at": "2021-06-28T20:05:09.587Z", "updated_at": "2021-06-28T20:05:09.587Z"}}, {"model": "product.product_details", "pk": 566, "fields": {"product": 78, "product_details_property_name": 52, "content": "Yox", "is_feature": false, "is_detail": false, "is_file": false, "status": true, "created_at": "2021-06-28T20:05:09.588Z", "updated_at": "2021-06-28T20:05:09.588Z"}}, {"model": "product.product_details", "pk": 567, "fields": {"product": 78, "product_details_property_name": 53, "content": "Yox", "is_feature": false, "is_detail": false, "is_file": false, "status": true, "created_at": "2021-06-28T20:05:09.588Z", "updated_at": "2021-06-28T20:05:09.588Z"}}, {"model": "product.product_details", "pk": 568, "fields": {"product": 78, "product_details_property_name": 54, "content": "IP67", "is_feature": false, "is_detail": false, "is_file": false, "status": true, "created_at": "2021-06-28T20:05:09.589Z", "updated_at": "2021-06-28T20:05:09.589Z"}}, {"model": "product.product_details", "pk": 569, "fields": {"product": 78, "product_details_property_name": 55, "content": "Var", "is_feature": false, "is_detail": false, "is_file": false, "status": true, "created_at": "2021-06-28T20:05:09.589Z", "updated_at": "2021-06-28T20:05:09.589Z"}}, {"model": "product.product_details", "pk": 570, "fields": {"product": 78, "product_details_property_name": 56, "content": "Octa-core", "is_feature": false, "is_detail": false, "is_file": false, "status": true, "created_at": "2021-06-28T20:05:09.590Z", "updated_at": "2021-06-28T20:05:09.590Z"}}, {"model": "product.product_details", "pk": 571, "fields": {"product": 78, "product_details_property_name": 57, "content": "Qualcomm", "is_feature": false, "is_detail": false, "is_file": false, "status": true, "created_at": "2021-06-28T20:05:09.590Z", "updated_at": "2021-06-28T20:05:09.590Z"}}, {"model": "product.product_details", "pk": 572, "fields": {"product": 78, "product_details_property_name": 58, "content": "M\u0259lumat kitab\u00e7as\u0131, z\u0259man\u0259t talonu, Sim-kart \u00fc\u00e7\u00fcn i", "is_feature": false, "is_detail": false, "is_file": false, "status": true, "created_at": "2021-06-28T20:05:09.591Z", "updated_at": "2021-06-28T20:05:09.591Z"}}, {"model": "product.product_details", "pk": 573, "fields": {"product": 78, "product_details_property_name": 59, "content": "1 il", "is_feature": false, "is_detail": false, "is_file": false, "status": true, "created_at": "2021-06-28T20:05:09.591Z", "updated_at": "2021-06-28T20:05:09.591Z"}}, {"model": "product.product_details", "pk": 574, "fields": {"product": 79, "product_details_property_name": 25, "content": "Nokia", "is_feature": false, "is_detail": false, "is_file": false, "status": true, "created_at": "2021-06-29T04:55:00.710Z", "updated_at": "2021-06-29T04:55:00.710Z"}}, {"model": "product.product_details", "pk": 575, "fields": {"product": 79, "product_details_property_name": 13, "content": "2015", "is_feature": false, "is_detail": false, "is_file": false, "status": true, "created_at": "2021-06-29T04:55:00.711Z", "updated_at": "2021-06-29T04:55:00.711Z"}}, {"model": "product.product_details", "pk": 576, "fields": {"product": 79, "product_details_property_name": 14, "content": "D\u00fcym\u0259li telefon", "is_feature": false, "is_detail": false, "is_file": false, "status": true, "created_at": "2021-06-29T04:55:00.712Z", "updated_at": "2021-06-29T04:55:00.712Z"}}, {"model": "product.product_details", "pk": 577, "fields": {"product": 79, "product_details_property_name": 16, "content": "1.4\"/ TFT / 128 x 128", "is_feature": false, "is_detail": false, "is_file": false, "status": true, "created_at": "2021-06-29T04:55:00.712Z", "updated_at": "2021-06-29T04:55:00.712Z"}}, {"model": "product.product_details", "pk": 578, "fields": {"product": 79, "product_details_property_name": 18, "content": "Yox", "is_feature": false, "is_detail": false, "is_file": false, "status": true, "created_at": "2021-06-29T04:55:00.713Z", "updated_at": "2021-06-29T04:55:00.713Z"}}, {"model": "product.product_details", "pk": 579, "fields": {"product": 79, "product_details_property_name": 19, "content": "Yox", "is_feature": false, "is_detail": false, "is_file": false, "status": true, "created_at": "2021-06-29T04:55:00.713Z", "updated_at": "2021-06-29T04:55:00.713Z"}}, {"model": "product.product_details", "pk": 580, "fields": {"product": 79, "product_details_property_name": 20, "content": "Yox", "is_feature": false, "is_detail": false, "is_file": false, "status": true, "created_at": "2021-06-29T04:55:00.714Z", "updated_at": "2021-06-29T04:55:00.714Z"}}, {"model": "product.product_details", "pk": 581, "fields": {"product": 79, "product_details_property_name": 21, "content": "Yox", "is_feature": false, "is_detail": false, "is_file": false, "status": true, "created_at": "2021-06-29T04:55:00.714Z", "updated_at": "2021-06-29T04:55:00.714Z"}}, {"model": "product.product_details", "pk": 582, "fields": {"product": 79, "product_details_property_name": 22, "content": "4 MB", "is_feature": false, "is_detail": false, "is_file": false, "status": true, "created_at": "2021-06-29T04:55:00.715Z", "updated_at": "2021-06-29T04:55:00.715Z"}}, {"model": "product.product_details", "pk": 583, "fields": {"product": 79, "product_details_property_name": 23, "content": "Yox", "is_feature": false, "is_detail": false, "is_file": false, "status": true, "created_at": "2021-06-29T04:55:00.715Z", "updated_at": "2021-06-29T04:55:00.715Z"}}, {"model": "product.product_details", "pk": 584, "fields": {"product": 79, "product_details_property_name": 24, "content": "Yox", "is_feature": false, "is_detail": false, "is_file": false, "status": true, "created_at": "2021-06-29T04:55:00.716Z", "updated_at": "2021-06-29T04:55:00.716Z"}}, {"model": "product.product_details", "pk": 585, "fields": {"product": 79, "product_details_property_name": 36, "content": "800 (mAh)", "is_feature": false, "is_detail": false, "is_file": false, "status": true, "created_at": "2021-06-29T04:55:00.716Z", "updated_at": "2021-06-29T04:55:00.716Z"}}, {"model": "product.product_details", "pk": 586, "fields": {"product": 79, "product_details_property_name": 37, "content": "70.2 q", "is_feature": false, "is_detail": false, "is_file": false, "status": true, "created_at": "2021-06-29T04:55:00.717Z", "updated_at": "2021-06-29T04:55:00.717Z"}}, {"model": "product.product_details", "pk": 587, "fields": {"product": 79, "product_details_property_name": 38, "content": "107 x 45 x 14 mm", "is_feature": false, "is_detail": false, "is_file": false, "status": true, "created_at": "2021-06-29T04:55:00.717Z", "updated_at": "2021-06-29T04:55:00.717Z"}}, {"model": "product.product_details", "pk": 588, "fields": {"product": 79, "product_details_property_name": 39, "content": "Micro SIM", "is_feature": false, "is_detail": false, "is_file": false, "status": true, "created_at": "2021-06-29T04:55:00.718Z", "updated_at": "2021-06-29T04:55:00.718Z"}}, {"model": "product.product_details", "pk": 589, "fields": {"product": 79, "product_details_property_name": 40, "content": "Yox", "is_feature": false, "is_detail": false, "is_file": false, "status": true, "created_at": "2021-06-29T04:55:00.718Z", "updated_at": "2021-06-29T04:55:00.718Z"}}, {"model": "product.product_details", "pk": 590, "fields": {"product": 79, "product_details_property_name": 42, "content": "Yox", "is_feature": false, "is_detail": false, "is_file": false, "status": true, "created_at": "2021-06-29T04:55:00.719Z", "updated_at": "2021-06-29T04:55:00.719Z"}}, {"model": "product.product_details", "pk": 591, "fields": {"product": 79, "product_details_property_name": 43, "content": "Yox", "is_feature": false, "is_detail": false, "is_file": false, "status": true, "created_at": "2021-06-29T04:55:00.719Z", "updated_at": "2021-06-29T04:55:00.719Z"}}, {"model": "product.product_details", "pk": 592, "fields": {"product": 79, "product_details_property_name": 12, "content": "2G", "is_feature": false, "is_detail": false, "is_file": false, "status": true, "created_at": "2021-06-29T04:55:00.720Z", "updated_at": "2021-06-29T04:55:00.720Z"}}, {"model": "product.product_details", "pk": 593, "fields": {"product": 79, "product_details_property_name": 44, "content": "Yox", "is_feature": false, "is_detail": false, "is_file": false, "status": true, "created_at": "2021-06-29T04:55:00.720Z", "updated_at": "2021-06-29T04:55:00.720Z"}}, {"model": "product.product_details", "pk": 594, "fields": {"product": 79, "product_details_property_name": 45, "content": "Yox", "is_feature": false, "is_detail": false, "is_file": false, "status": true, "created_at": "2021-06-29T04:55:00.721Z", "updated_at": "2021-06-29T04:55:00.721Z"}}, {"model": "product.product_details", "pk": 595, "fields": {"product": 79, "product_details_property_name": 46, "content": "2", "is_feature": false, "is_detail": false, "is_file": false, "status": true, "created_at": "2021-06-29T04:55:00.721Z", "updated_at": "2021-06-29T04:55:00.721Z"}}, {"model": "product.product_details", "pk": 596, "fields": {"product": 79, "product_details_property_name": 48, "content": "Plastik", "is_feature": false, "is_detail": false, "is_file": false, "status": true, "created_at": "2021-06-29T04:55:00.722Z", "updated_at": "2021-06-29T04:55:00.722Z"}}, {"model": "product.product_details", "pk": 597, "fields": {"product": 79, "product_details_property_name": 49, "content": "Yox", "is_feature": false, "is_detail": false, "is_file": false, "status": true, "created_at": "2021-06-29T04:55:00.722Z", "updated_at": "2021-06-29T04:55:00.722Z"}}, {"model": "product.product_details", "pk": 598, "fields": {"product": 79, "product_details_property_name": 50, "content": "TFT", "is_feature": false, "is_detail": false, "is_file": false, "status": true, "created_at": "2021-06-29T04:55:00.723Z", "updated_at": "2021-06-29T04:55:00.723Z"}}, {"model": "product.product_details", "pk": 599, "fields": {"product": 79, "product_details_property_name": 51, "content": "Yox", "is_feature": false, "is_detail": false, "is_file": false, "status": true, "created_at": "2021-06-29T04:55:00.723Z", "updated_at": "2021-06-29T04:55:00.723Z"}}, {"model": "product.product_details", "pk": 600, "fields": {"product": 79, "product_details_property_name": 52, "content": "Yox", "is_feature": false, "is_detail": false, "is_file": false, "status": true, "created_at": "2021-06-29T04:55:00.724Z", "updated_at": "2021-06-29T04:55:00.724Z"}}, {"model": "product.product_details", "pk": 601, "fields": {"product": 79, "product_details_property_name": 59, "content": "1 il", "is_feature": false, "is_detail": false, "is_file": false, "status": true, "created_at": "2021-06-29T04:55:00.724Z", "updated_at": "2021-06-29T04:55:00.724Z"}}, {"model": "product.product_details", "pk": 602, "fields": {"product": 87, "product_details_property_name": 25, "content": "Nokia", "is_feature": false, "is_detail": false, "is_file": false, "status": true, "created_at": "2021-06-29T06:04:18.852Z", "updated_at": "2021-06-29T06:04:18.852Z"}}, {"model": "product.product_details", "pk": 603, "fields": {"product": 87, "product_details_property_name": 13, "content": "2015", "is_feature": false, "is_detail": false, "is_file": false, "status": true, "created_at": "2021-06-29T06:04:18.853Z", "updated_at": "2021-06-29T06:04:18.853Z"}}, {"model": "product.product_details", "pk": 604, "fields": {"product": 87, "product_details_property_name": 14, "content": "D\u00fcym\u0259li telefon", "is_feature": false, "is_detail": false, "is_file": false, "status": true, "created_at": "2021-06-29T06:04:18.854Z", "updated_at": "2021-06-29T06:04:18.854Z"}}, {"model": "product.product_details", "pk": 605, "fields": {"product": 87, "product_details_property_name": 16, "content": "1.4\"/ TFT / 128 x 128", "is_feature": false, "is_detail": false, "is_file": false, "status": true, "created_at": "2021-06-29T06:04:18.855Z", "updated_at": "2021-06-29T06:04:18.855Z"}}, {"model": "product.product_details", "pk": 606, "fields": {"product": 87, "product_details_property_name": 18, "content": "Yox", "is_feature": false, "is_detail": false, "is_file": false, "status": true, "created_at": "2021-06-29T06:04:18.855Z", "updated_at": "2021-06-29T06:04:18.855Z"}}, {"model": "product.product_details", "pk": 607, "fields": {"product": 87, "product_details_property_name": 19, "content": "Yox", "is_feature": false, "is_detail": false, "is_file": false, "status": true, "created_at": "2021-06-29T06:04:18.856Z", "updated_at": "2021-06-29T06:04:18.856Z"}}, {"model": "product.product_details", "pk": 608, "fields": {"product": 87, "product_details_property_name": 20, "content": "Yox", "is_feature": false, "is_detail": false, "is_file": false, "status": true, "created_at": "2021-06-29T06:04:18.856Z", "updated_at": "2021-06-29T06:04:18.856Z"}}, {"model": "product.product_details", "pk": 609, "fields": {"product": 87, "product_details_property_name": 21, "content": "Yox", "is_feature": false, "is_detail": false, "is_file": false, "status": true, "created_at": "2021-06-29T06:04:18.857Z", "updated_at": "2021-06-29T06:04:18.857Z"}}, {"model": "product.product_details", "pk": 610, "fields": {"product": 87, "product_details_property_name": 22, "content": "4 MB", "is_feature": false, "is_detail": false, "is_file": false, "status": true, "created_at": "2021-06-29T06:04:18.857Z", "updated_at": "2021-06-29T06:04:18.857Z"}}, {"model": "product.product_details", "pk": 611, "fields": {"product": 87, "product_details_property_name": 23, "content": "Yox", "is_feature": false, "is_detail": false, "is_file": false, "status": true, "created_at": "2021-06-29T06:04:18.858Z", "updated_at": "2021-06-29T06:04:18.858Z"}}, {"model": "product.product_details", "pk": 612, "fields": {"product": 87, "product_details_property_name": 24, "content": "Yox", "is_feature": false, "is_detail": false, "is_file": false, "status": true, "created_at": "2021-06-29T06:04:18.859Z", "updated_at": "2021-06-29T06:04:18.859Z"}}, {"model": "product.product_details", "pk": 613, "fields": {"product": 87, "product_details_property_name": 36, "content": "800 (mAh)", "is_feature": false, "is_detail": false, "is_file": false, "status": true, "created_at": "2021-06-29T06:04:18.859Z", "updated_at": "2021-06-29T06:04:18.859Z"}}, {"model": "product.product_details", "pk": 614, "fields": {"product": 87, "product_details_property_name": 37, "content": "70.2 q", "is_feature": false, "is_detail": false, "is_file": false, "status": true, "created_at": "2021-06-29T06:04:18.860Z", "updated_at": "2021-06-29T06:04:18.860Z"}}, {"model": "product.product_details", "pk": 615, "fields": {"product": 87, "product_details_property_name": 38, "content": "107 x 45 x 14 mm", "is_feature": false, "is_detail": false, "is_file": false, "status": true, "created_at": "2021-06-29T06:04:18.860Z", "updated_at": "2021-06-29T06:04:18.860Z"}}, {"model": "product.product_details", "pk": 616, "fields": {"product": 87, "product_details_property_name": 39, "content": "Micro SIM", "is_feature": false, "is_detail": false, "is_file": false, "status": true, "created_at": "2021-06-29T06:04:18.861Z", "updated_at": "2021-06-29T06:04:18.861Z"}}, {"model": "product.product_details", "pk": 617, "fields": {"product": 87, "product_details_property_name": 40, "content": "Yox", "is_feature": false, "is_detail": false, "is_file": false, "status": true, "created_at": "2021-06-29T06:04:18.862Z", "updated_at": "2021-06-29T06:04:18.862Z"}}, {"model": "product.product_details", "pk": 618, "fields": {"product": 87, "product_details_property_name": 42, "content": "Yox", "is_feature": false, "is_detail": false, "is_file": false, "status": true, "created_at": "2021-06-29T06:04:18.862Z", "updated_at": "2021-06-29T06:04:18.862Z"}}, {"model": "product.product_details", "pk": 619, "fields": {"product": 87, "product_details_property_name": 43, "content": "Yox", "is_feature": false, "is_detail": false, "is_file": false, "status": true, "created_at": "2021-06-29T06:04:18.863Z", "updated_at": "2021-06-29T06:04:18.863Z"}}, {"model": "product.product_details", "pk": 620, "fields": {"product": 87, "product_details_property_name": 12, "content": "2G", "is_feature": false, "is_detail": false, "is_file": false, "status": true, "created_at": "2021-06-29T06:04:18.863Z", "updated_at": "2021-06-29T06:04:18.863Z"}}, {"model": "product.product_details", "pk": 621, "fields": {"product": 87, "product_details_property_name": 44, "content": "Yox", "is_feature": false, "is_detail": false, "is_file": false, "status": true, "created_at": "2021-06-29T06:04:18.864Z", "updated_at": "2021-06-29T06:04:18.864Z"}}, {"model": "product.product_details", "pk": 622, "fields": {"product": 87, "product_details_property_name": 45, "content": "Yox", "is_feature": false, "is_detail": false, "is_file": false, "status": true, "created_at": "2021-06-29T06:04:18.864Z", "updated_at": "2021-06-29T06:04:18.864Z"}}, {"model": "product.product_details", "pk": 623, "fields": {"product": 87, "product_details_property_name": 46, "content": "2", "is_feature": false, "is_detail": false, "is_file": false, "status": true, "created_at": "2021-06-29T06:04:18.865Z", "updated_at": "2021-06-29T06:04:18.865Z"}}, {"model": "product.product_details", "pk": 624, "fields": {"product": 87, "product_details_property_name": 48, "content": "Plastik", "is_feature": false, "is_detail": false, "is_file": false, "status": true, "created_at": "2021-06-29T06:04:18.865Z", "updated_at": "2021-06-29T06:04:18.865Z"}}, {"model": "product.product_details", "pk": 625, "fields": {"product": 87, "product_details_property_name": 49, "content": "Yox", "is_feature": false, "is_detail": false, "is_file": false, "status": true, "created_at": "2021-06-29T06:04:18.866Z", "updated_at": "2021-06-29T06:04:18.866Z"}}, {"model": "product.product_details", "pk": 626, "fields": {"product": 87, "product_details_property_name": 50, "content": "TFT", "is_feature": false, "is_detail": false, "is_file": false, "status": true, "created_at": "2021-06-29T06:04:18.867Z", "updated_at": "2021-06-29T06:04:18.867Z"}}, {"model": "product.product_details", "pk": 627, "fields": {"product": 87, "product_details_property_name": 51, "content": "Yox", "is_feature": false, "is_detail": false, "is_file": false, "status": true, "created_at": "2021-06-29T06:04:18.867Z", "updated_at": "2021-06-29T06:04:18.867Z"}}, {"model": "product.product_details", "pk": 628, "fields": {"product": 87, "product_details_property_name": 52, "content": "Yox", "is_feature": false, "is_detail": false, "is_file": false, "status": true, "created_at": "2021-06-29T06:04:18.868Z", "updated_at": "2021-06-29T06:04:18.868Z"}}, {"model": "product.product_details", "pk": 629, "fields": {"product": 87, "product_details_property_name": 59, "content": "1 il", "is_feature": false, "is_detail": false, "is_file": false, "status": true, "created_at": "2021-06-29T06:04:18.868Z", "updated_at": "2021-06-29T06:04:18.868Z"}}, {"model": "product.product_details", "pk": 630, "fields": {"product": 88, "product_details_property_name": 25, "content": "Nokia", "is_feature": false, "is_detail": false, "is_file": false, "status": true, "created_at": "2021-06-29T06:37:54.345Z", "updated_at": "2021-06-29T06:37:54.345Z"}}, {"model": "product.product_details", "pk": 631, "fields": {"product": 88, "product_details_property_name": 13, "content": "2018", "is_feature": false, "is_detail": false, "is_file": false, "status": true, "created_at": "2021-06-29T06:37:54.346Z", "updated_at": "2021-06-29T06:55:37.894Z"}}, {"model": "product.product_details", "pk": 632, "fields": {"product": 88, "product_details_property_name": 14, "content": "D\u00fcym\u0259li telefon", "is_feature": false, "is_detail": false, "is_file": false, "status": true, "created_at": "2021-06-29T06:37:54.347Z", "updated_at": "2021-06-29T06:55:37.895Z"}}, {"model": "product.product_details", "pk": 633, "fields": {"product": 88, "product_details_property_name": 16, "content": "120 x 160", "is_feature": false, "is_detail": false, "is_file": false, "status": true, "created_at": "2021-06-29T06:37:54.347Z", "updated_at": "2021-06-29T06:55:37.896Z"}}, {"model": "product.product_details", "pk": 634, "fields": {"product": 88, "product_details_property_name": 18, "content": "Yox", "is_feature": false, "is_detail": false, "is_file": false, "status": true, "created_at": "2021-06-29T06:37:54.348Z", "updated_at": "2021-06-29T06:55:37.896Z"}}, {"model": "product.product_details", "pk": 635, "fields": {"product": 88, "product_details_property_name": 19, "content": "Yox", "is_feature": false, "is_detail": false, "is_file": false, "status": true, "created_at": "2021-06-29T06:37:54.348Z", "updated_at": "2021-06-29T06:55:37.897Z"}}, {"model": "product.product_details", "pk": 636, "fields": {"product": 88, "product_details_property_name": 36, "content": "800 (mAh)", "is_feature": false, "is_detail": false, "is_file": false, "status": true, "created_at": "2021-06-29T06:37:54.349Z", "updated_at": "2021-06-29T06:55:37.898Z"}}, {"model": "product.product_details", "pk": 637, "fields": {"product": 88, "product_details_property_name": 37, "content": "70.2 q", "is_feature": false, "is_detail": false, "is_file": false, "status": true, "created_at": "2021-06-29T06:37:54.349Z", "updated_at": "2021-06-29T06:55:37.899Z"}}, {"model": "product.product_details", "pk": 638, "fields": {"product": 88, "product_details_property_name": 12, "content": "2G", "is_feature": false, "is_detail": false, "is_file": false, "status": true, "created_at": "2021-06-29T06:37:54.350Z", "updated_at": "2021-06-29T06:37:54.350Z"}}, {"model": "product.product_details", "pk": 639, "fields": {"product": 88, "product_details_property_name": 46, "content": "2", "is_feature": false, "is_detail": false, "is_file": false, "status": true, "created_at": "2021-06-29T06:37:54.351Z", "updated_at": "2021-06-29T06:37:54.351Z"}}, {"model": "product.product_details", "pk": 640, "fields": {"product": 88, "product_details_property_name": 48, "content": "Plastik", "is_feature": false, "is_detail": false, "is_file": false, "status": true, "created_at": "2021-06-29T06:37:54.351Z", "updated_at": "2021-06-29T06:37:54.351Z"}}, {"model": "product.product_details", "pk": 641, "fields": {"product": 88, "product_details_property_name": 38, "content": "111.15 x 49.5 x 14.4 mm", "is_feature": false, "is_detail": false, "is_file": false, "status": true, "created_at": "2021-06-29T06:37:54.352Z", "updated_at": "2021-06-29T06:55:37.900Z"}}, {"model": "product.product_details", "pk": 642, "fields": {"product": 88, "product_details_property_name": 59, "content": "1 il", "is_feature": false, "is_detail": false, "is_file": false, "status": true, "created_at": "2021-06-29T06:55:37.900Z", "updated_at": "2021-06-29T06:55:37.900Z"}}, {"model": "product.product_details", "pk": 643, "fields": {"product": 89, "product_details_property_name": 25, "content": "Nokia", "is_feature": false, "is_detail": false, "is_file": false, "status": true, "created_at": "2021-06-29T07:14:51.187Z", "updated_at": "2021-06-29T07:14:51.187Z"}}, {"model": "product.product_details", "pk": 644, "fields": {"product": 89, "product_details_property_name": 14, "content": "D\u00fcym\u0259li telefon", "is_feature": false, "is_detail": false, "is_file": false, "status": true, "created_at": "2021-06-29T07:14:51.188Z", "updated_at": "2021-06-29T07:14:51.188Z"}}, {"model": "product.product_details", "pk": 645, "fields": {"product": 89, "product_details_property_name": 16, "content": "1.77\"/ 120 x 160", "is_feature": false, "is_detail": false, "is_file": false, "status": true, "created_at": "2021-06-29T07:14:51.189Z", "updated_at": "2021-06-29T07:14:51.189Z"}}, {"model": "product.product_details", "pk": 646, "fields": {"product": 89, "product_details_property_name": 18, "content": "0.3 mpx", "is_feature": false, "is_detail": false, "is_file": false, "status": true, "created_at": "2021-06-29T07:14:51.189Z", "updated_at": "2021-06-29T07:14:51.189Z"}}, {"model": "product.product_details", "pk": 647, "fields": {"product": 89, "product_details_property_name": 19, "content": "Yox", "is_feature": false, "is_detail": false, "is_file": false, "status": true, "created_at": "2021-06-29T07:14:51.190Z", "updated_at": "2021-06-29T07:14:51.190Z"}}, {"model": "product.product_details", "pk": 648, "fields": {"product": 89, "product_details_property_name": 36, "content": "800 (mAh)", "is_feature": false, "is_detail": false, "is_file": false, "status": true, "created_at": "2021-06-29T07:14:51.190Z", "updated_at": "2021-06-29T07:14:51.190Z"}}, {"model": "product.product_details", "pk": 649, "fields": {"product": 89, "product_details_property_name": 38, "content": "115.2 x 49.9 x 14.3 mm", "is_feature": false, "is_detail": false, "is_file": false, "status": true, "created_at": "2021-06-29T07:14:51.191Z", "updated_at": "2021-06-29T07:14:51.191Z"}}, {"model": "product.product_details", "pk": 650, "fields": {"product": 89, "product_details_property_name": 39, "content": "Mini SIM", "is_feature": false, "is_detail": false, "is_file": false, "status": true, "created_at": "2021-06-29T07:14:51.191Z", "updated_at": "2021-06-29T07:14:51.191Z"}}, {"model": "product.product_details", "pk": 651, "fields": {"product": 89, "product_details_property_name": 12, "content": "2G", "is_feature": false, "is_detail": false, "is_file": false, "status": true, "created_at": "2021-06-29T07:14:51.192Z", "updated_at": "2021-06-29T07:14:51.192Z"}}, {"model": "product.product_details", "pk": 652, "fields": {"product": 89, "product_details_property_name": 46, "content": "2", "is_feature": false, "is_detail": false, "is_file": false, "status": true, "created_at": "2021-06-29T07:14:51.192Z", "updated_at": "2021-06-29T07:14:51.192Z"}}, {"model": "product.product_details", "pk": 653, "fields": {"product": 89, "product_details_property_name": 48, "content": "Plastik", "is_feature": false, "is_detail": false, "is_file": false, "status": true, "created_at": "2021-06-29T07:14:51.193Z", "updated_at": "2021-06-29T07:14:51.193Z"}}, {"model": "product.product_details", "pk": 654, "fields": {"product": 89, "product_details_property_name": 59, "content": "1 il", "is_feature": false, "is_detail": false, "is_file": false, "status": true, "created_at": "2021-06-29T07:14:51.193Z", "updated_at": "2021-06-29T07:14:51.193Z"}}, {"model": "product.product_details", "pk": 655, "fields": {"product": 90, "product_details_property_name": 25, "content": "Nokia", "is_feature": false, "is_detail": false, "is_file": false, "status": true, "created_at": "2021-06-29T07:45:37.257Z", "updated_at": "2021-06-29T07:45:37.257Z"}}, {"model": "product.product_details", "pk": 656, "fields": {"product": 90, "product_details_property_name": 14, "content": "D\u00fcym\u0259li telefon", "is_feature": false, "is_detail": false, "is_file": false, "status": true, "created_at": "2021-06-29T07:45:37.258Z", "updated_at": "2021-06-29T07:45:37.258Z"}}, {"model": "product.product_details", "pk": 657, "fields": {"product": 90, "product_details_property_name": 16, "content": "128 x 160", "is_feature": false, "is_detail": false, "is_file": false, "status": true, "created_at": "2021-06-29T07:45:37.259Z", "updated_at": "2021-06-29T07:45:37.259Z"}}, {"model": "product.product_details", "pk": 658, "fields": {"product": 90, "product_details_property_name": 18, "content": "0.3 mpx", "is_feature": false, "is_detail": false, "is_file": false, "status": true, "created_at": "2021-06-29T07:45:37.259Z", "updated_at": "2021-06-29T07:45:37.259Z"}}, {"model": "product.product_details", "pk": 659, "fields": {"product": 90, "product_details_property_name": 19, "content": "Yox", "is_feature": false, "is_detail": false, "is_file": false, "status": true, "created_at": "2021-06-29T07:45:37.260Z", "updated_at": "2021-06-29T07:45:37.260Z"}}, {"model": "product.product_details", "pk": 660, "fields": {"product": 90, "product_details_property_name": 36, "content": "1020 mAh", "is_feature": false, "is_detail": false, "is_file": false, "status": true, "created_at": "2021-06-29T07:45:37.260Z", "updated_at": "2021-06-29T07:45:37.260Z"}}, {"model": "product.product_details", "pk": 661, "fields": {"product": 90, "product_details_property_name": 38, "content": "106 x 45.5 x 13.9", "is_feature": false, "is_detail": false, "is_file": false, "status": true, "created_at": "2021-06-29T07:45:37.261Z", "updated_at": "2021-06-29T07:45:37.261Z"}}, {"model": "product.product_details", "pk": 662, "fields": {"product": 90, "product_details_property_name": 39, "content": "Mini SIM", "is_feature": false, "is_detail": false, "is_file": false, "status": true, "created_at": "2021-06-29T07:45:37.261Z", "updated_at": "2021-06-29T07:45:37.261Z"}}, {"model": "product.product_details", "pk": 663, "fields": {"product": 90, "product_details_property_name": 12, "content": "2G", "is_feature": false, "is_detail": false, "is_file": false, "status": true, "created_at": "2021-06-29T07:45:37.262Z", "updated_at": "2021-06-29T07:45:37.262Z"}}, {"model": "product.product_details", "pk": 664, "fields": {"product": 90, "product_details_property_name": 46, "content": "2", "is_feature": false, "is_detail": false, "is_file": false, "status": true, "created_at": "2021-06-29T07:45:37.263Z", "updated_at": "2021-06-29T07:45:37.263Z"}}, {"model": "product.product_details", "pk": 665, "fields": {"product": 90, "product_details_property_name": 48, "content": "Plastik", "is_feature": false, "is_detail": false, "is_file": false, "status": true, "created_at": "2021-06-29T07:45:37.263Z", "updated_at": "2021-06-29T07:45:37.263Z"}}, {"model": "product.product_details", "pk": 666, "fields": {"product": 90, "product_details_property_name": 59, "content": "1 il", "is_feature": false, "is_detail": false, "is_file": false, "status": true, "created_at": "2021-06-29T07:45:37.264Z", "updated_at": "2021-06-29T07:45:37.264Z"}}, {"model": "product.product_details", "pk": 667, "fields": {"product": 90, "product_details_property_name": 37, "content": "67.9", "is_feature": false, "is_detail": false, "is_file": false, "status": true, "created_at": "2021-06-29T07:45:37.264Z", "updated_at": "2021-06-29T07:45:37.264Z"}}, {"model": "product.product_details", "pk": 668, "fields": {"product": 91, "product_details_property_name": 25, "content": "Nokia", "is_feature": false, "is_detail": false, "is_file": false, "status": true, "created_at": "2021-06-29T08:33:00.212Z", "updated_at": "2021-06-29T08:33:00.212Z"}}, {"model": "product.product_details", "pk": 669, "fields": {"product": 91, "product_details_property_name": 13, "content": "2019", "is_feature": false, "is_detail": false, "is_file": false, "status": true, "created_at": "2021-06-29T08:33:00.213Z", "updated_at": "2021-06-29T08:33:00.213Z"}}, {"model": "product.product_details", "pk": 670, "fields": {"product": 91, "product_details_property_name": 14, "content": "D\u00fcym\u0259li telefon", "is_feature": false, "is_detail": false, "is_file": false, "status": true, "created_at": "2021-06-29T08:33:00.213Z", "updated_at": "2021-06-29T08:33:00.213Z"}}, {"model": "product.product_details", "pk": 671, "fields": {"product": 91, "product_details_property_name": 16, "content": "2.4", "is_feature": false, "is_detail": false, "is_file": false, "status": true, "created_at": "2021-06-29T08:33:00.214Z", "updated_at": "2021-06-29T08:33:00.214Z"}}, {"model": "product.product_details", "pk": 672, "fields": {"product": 91, "product_details_property_name": 18, "content": "VGA (0.30 Mp)", "is_feature": false, "is_detail": false, "is_file": false, "status": true, "created_at": "2021-06-29T08:33:00.214Z", "updated_at": "2021-06-29T08:33:00.214Z"}}, {"model": "product.product_details", "pk": 673, "fields": {"product": 91, "product_details_property_name": 19, "content": "Yox", "is_feature": false, "is_detail": false, "is_file": false, "status": true, "created_at": "2021-06-29T08:33:00.215Z", "updated_at": "2021-06-29T08:33:00.215Z"}}, {"model": "product.product_details", "pk": 674, "fields": {"product": 91, "product_details_property_name": 20, "content": "Yox", "is_feature": false, "is_detail": false, "is_file": false, "status": true, "created_at": "2021-06-29T08:33:00.216Z", "updated_at": "2021-06-29T08:33:00.216Z"}}, {"model": "product.product_details", "pk": 675, "fields": {"product": 91, "product_details_property_name": 22, "content": "16 MB", "is_feature": false, "is_detail": false, "is_file": false, "status": true, "created_at": "2021-06-29T08:33:00.216Z", "updated_at": "2021-06-29T08:33:00.216Z"}}, {"model": "product.product_details", "pk": 676, "fields": {"product": 91, "product_details_property_name": 36, "content": "1020 mAh", "is_feature": false, "is_detail": false, "is_file": false, "status": true, "created_at": "2021-06-29T08:33:00.217Z", "updated_at": "2021-06-29T08:33:00.217Z"}}, {"model": "product.product_details", "pk": 677, "fields": {"product": 91, "product_details_property_name": 37, "content": "82 q", "is_feature": false, "is_detail": false, "is_file": false, "status": true, "created_at": "2021-06-29T08:33:00.217Z", "updated_at": "2021-06-29T08:33:00.217Z"}}, {"model": "product.product_details", "pk": 678, "fields": {"product": 91, "product_details_property_name": 38, "content": "121 \u0445 54 \u0445 15", "is_feature": false, "is_detail": false, "is_file": false, "status": true, "created_at": "2021-06-29T08:33:00.218Z", "updated_at": "2021-06-29T08:33:00.218Z"}}, {"model": "product.product_details", "pk": 679, "fields": {"product": 91, "product_details_property_name": 39, "content": "mini-SIM", "is_feature": false, "is_detail": false, "is_file": false, "status": true, "created_at": "2021-06-29T08:33:00.218Z", "updated_at": "2021-06-29T08:33:00.218Z"}}, {"model": "product.product_details", "pk": 680, "fields": {"product": 91, "product_details_property_name": 12, "content": "900/ 1800", "is_feature": false, "is_detail": false, "is_file": false, "status": true, "created_at": "2021-06-29T08:33:00.219Z", "updated_at": "2021-06-29T08:33:00.219Z"}}, {"model": "product.product_details", "pk": 681, "fields": {"product": 91, "product_details_property_name": 46, "content": "2", "is_feature": false, "is_detail": false, "is_file": false, "status": true, "created_at": "2021-06-29T08:33:00.219Z", "updated_at": "2021-06-29T08:33:00.219Z"}}, {"model": "product.product_details", "pk": 682, "fields": {"product": 91, "product_details_property_name": 48, "content": "Plastik", "is_feature": false, "is_detail": false, "is_file": false, "status": true, "created_at": "2021-06-29T08:33:00.220Z", "updated_at": "2021-06-29T08:33:00.220Z"}}, {"model": "product.product_details", "pk": 683, "fields": {"product": 91, "product_details_property_name": 49, "content": "Yox", "is_feature": false, "is_detail": false, "is_file": false, "status": true, "created_at": "2021-06-29T08:33:00.220Z", "updated_at": "2021-06-29T08:33:00.220Z"}}, {"model": "product.product_details", "pk": 684, "fields": {"product": 91, "product_details_property_name": 51, "content": "Yox", "is_feature": false, "is_detail": false, "is_file": false, "status": true, "created_at": "2021-06-29T08:33:00.221Z", "updated_at": "2021-06-29T08:33:00.221Z"}}, {"model": "product.product_details", "pk": 685, "fields": {"product": 91, "product_details_property_name": 59, "content": "1 il", "is_feature": false, "is_detail": false, "is_file": false, "status": true, "created_at": "2021-06-29T08:33:00.221Z", "updated_at": "2021-06-29T08:33:00.221Z"}}, {"model": "product.product_details", "pk": 686, "fields": {"product": 92, "product_details_property_name": 25, "content": "Nokia", "is_feature": false, "is_detail": false, "is_file": false, "status": true, "created_at": "2021-06-29T09:08:08.981Z", "updated_at": "2021-06-29T09:08:08.981Z"}}, {"model": "product.product_details", "pk": 687, "fields": {"product": 92, "product_details_property_name": 13, "content": "2016", "is_feature": false, "is_detail": false, "is_file": false, "status": true, "created_at": "2021-06-29T09:08:08.982Z", "updated_at": "2021-06-29T09:08:08.982Z"}}, {"model": "product.product_details", "pk": 688, "fields": {"product": 92, "product_details_property_name": 14, "content": "D\u00fcym\u0259li telefon", "is_feature": false, "is_detail": false, "is_file": false, "status": true, "created_at": "2021-06-29T09:08:08.982Z", "updated_at": "2021-06-29T09:08:08.982Z"}}, {"model": "product.product_details", "pk": 689, "fields": {"product": 92, "product_details_property_name": 16, "content": "2.4", "is_feature": false, "is_detail": false, "is_file": false, "status": true, "created_at": "2021-06-29T09:08:08.983Z", "updated_at": "2021-06-29T09:08:08.983Z"}}, {"model": "product.product_details", "pk": 690, "fields": {"product": 92, "product_details_property_name": 18, "content": "VGA", "is_feature": false, "is_detail": false, "is_file": false, "status": true, "created_at": "2021-06-29T09:08:08.983Z", "updated_at": "2021-06-29T09:08:08.983Z"}}, {"model": "product.product_details", "pk": 691, "fields": {"product": 92, "product_details_property_name": 19, "content": "VGA", "is_feature": false, "is_detail": false, "is_file": false, "status": true, "created_at": "2021-06-29T09:08:08.984Z", "updated_at": "2021-06-29T09:08:08.984Z"}}, {"model": "product.product_details", "pk": 692, "fields": {"product": 92, "product_details_property_name": 20, "content": "Yox", "is_feature": false, "is_detail": false, "is_file": false, "status": true, "created_at": "2021-06-29T09:08:08.984Z", "updated_at": "2021-06-29T09:08:08.984Z"}}, {"model": "product.product_details", "pk": 693, "fields": {"product": 92, "product_details_property_name": 22, "content": "16 MB", "is_feature": false, "is_detail": false, "is_file": false, "status": true, "created_at": "2021-06-29T09:08:08.985Z", "updated_at": "2021-06-29T09:08:08.985Z"}}, {"model": "product.product_details", "pk": 694, "fields": {"product": 92, "product_details_property_name": 36, "content": "1020 mAh", "is_feature": false, "is_detail": false, "is_file": false, "status": true, "created_at": "2021-06-29T09:08:08.985Z", "updated_at": "2021-06-29T09:08:08.985Z"}}, {"model": "product.product_details", "pk": 695, "fields": {"product": 92, "product_details_property_name": 37, "content": "82.6 q", "is_feature": false, "is_detail": false, "is_file": false, "status": true, "created_at": "2021-06-29T09:08:08.986Z", "updated_at": "2021-06-29T09:08:08.986Z"}}, {"model": "product.product_details", "pk": 696, "fields": {"product": 92, "product_details_property_name": 38, "content": "118 x 50.2 x 13.5", "is_feature": false, "is_detail": false, "is_file": false, "status": true, "created_at": "2021-06-29T09:08:08.986Z", "updated_at": "2021-06-29T09:08:08.986Z"}}, {"model": "product.product_details", "pk": 697, "fields": {"product": 92, "product_details_property_name": 39, "content": "mini-SIM", "is_feature": false, "is_detail": false, "is_file": false, "status": true, "created_at": "2021-06-29T09:08:08.987Z", "updated_at": "2021-06-29T09:08:08.987Z"}}, {"model": "product.product_details", "pk": 698, "fields": {"product": 92, "product_details_property_name": 12, "content": "900/ 1800", "is_feature": false, "is_detail": false, "is_file": false, "status": true, "created_at": "2021-06-29T09:08:08.987Z", "updated_at": "2021-06-29T09:08:08.987Z"}}, {"model": "product.product_details", "pk": 699, "fields": {"product": 92, "product_details_property_name": 46, "content": "2", "is_feature": false, "is_detail": false, "is_file": false, "status": true, "created_at": "2021-06-29T09:08:08.988Z", "updated_at": "2021-06-29T09:08:08.988Z"}}, {"model": "product.product_details", "pk": 700, "fields": {"product": 92, "product_details_property_name": 48, "content": "Plastik", "is_feature": false, "is_detail": false, "is_file": false, "status": true, "created_at": "2021-06-29T09:08:08.988Z", "updated_at": "2021-06-29T09:08:08.988Z"}}, {"model": "product.product_details", "pk": 701, "fields": {"product": 92, "product_details_property_name": 49, "content": "v3.0, A2DP", "is_feature": false, "is_detail": false, "is_file": false, "status": true, "created_at": "2021-06-29T09:08:08.989Z", "updated_at": "2021-06-29T09:08:08.989Z"}}, {"model": "product.product_details", "pk": 702, "fields": {"product": 92, "product_details_property_name": 51, "content": "240 x 320", "is_feature": false, "is_detail": false, "is_file": false, "status": true, "created_at": "2021-06-29T09:08:08.989Z", "updated_at": "2021-06-29T09:08:08.989Z"}}, {"model": "product.product_details", "pk": 703, "fields": {"product": 92, "product_details_property_name": 59, "content": "1 il", "is_feature": false, "is_detail": false, "is_file": false, "status": true, "created_at": "2021-06-29T09:08:08.990Z", "updated_at": "2021-06-29T09:08:08.990Z"}}, {"model": "product.product_details", "pk": 704, "fields": {"product": 93, "product_details_property_name": 25, "content": "Nokia", "is_feature": false, "is_detail": false, "is_file": false, "status": true, "created_at": "2021-06-29T10:10:06.823Z", "updated_at": "2021-06-29T10:10:06.823Z"}}, {"model": "product.product_details", "pk": 705, "fields": {"product": 93, "product_details_property_name": 13, "content": "2020", "is_feature": false, "is_detail": false, "is_file": false, "status": true, "created_at": "2021-06-29T10:10:06.825Z", "updated_at": "2021-06-29T10:10:06.826Z"}}, {"model": "product.product_details", "pk": 706, "fields": {"product": 93, "product_details_property_name": 14, "content": "D\u00fcym\u0259li telefon", "is_feature": false, "is_detail": false, "is_file": false, "status": true, "created_at": "2021-06-29T10:10:06.826Z", "updated_at": "2021-06-29T10:10:06.826Z"}}, {"model": "product.product_details", "pk": 707, "fields": {"product": 93, "product_details_property_name": 16, "content": "2.4\"/ 240 x 320", "is_feature": false, "is_detail": false, "is_file": false, "status": true, "created_at": "2021-06-29T10:10:06.828Z", "updated_at": "2021-06-29T10:10:06.828Z"}}, {"model": "product.product_details", "pk": 708, "fields": {"product": 93, "product_details_property_name": 18, "content": "Yox", "is_feature": false, "is_detail": false, "is_file": false, "status": true, "created_at": "2021-06-29T10:10:06.829Z", "updated_at": "2021-06-29T10:10:06.829Z"}}, {"model": "product.product_details", "pk": 709, "fields": {"product": 93, "product_details_property_name": 19, "content": "Yox", "is_feature": false, "is_detail": false, "is_file": false, "status": true, "created_at": "2021-06-29T10:10:06.829Z", "updated_at": "2021-06-29T10:10:06.829Z"}}, {"model": "product.product_details", "pk": 710, "fields": {"product": 93, "product_details_property_name": 20, "content": "Yox", "is_feature": false, "is_detail": false, "is_file": false, "status": true, "created_at": "2021-06-29T10:10:06.831Z", "updated_at": "2021-06-29T10:10:06.831Z"}}, {"model": "product.product_details", "pk": 711, "fields": {"product": 93, "product_details_property_name": 22, "content": "4 MB", "is_feature": false, "is_detail": false, "is_file": false, "status": true, "created_at": "2021-06-29T10:10:06.832Z", "updated_at": "2021-06-29T10:10:06.832Z"}}, {"model": "product.product_details", "pk": 712, "fields": {"product": 93, "product_details_property_name": 36, "content": "1020 mAh", "is_feature": false, "is_detail": false, "is_file": false, "status": true, "created_at": "2021-06-29T10:10:06.832Z", "updated_at": "2021-06-29T10:10:06.832Z"}}, {"model": "product.product_details", "pk": 713, "fields": {"product": 93, "product_details_property_name": 37, "content": "91.3 q", "is_feature": false, "is_detail": false, "is_file": false, "status": true, "created_at": "2021-06-29T10:10:06.834Z", "updated_at": "2021-06-29T10:10:06.834Z"}}, {"model": "product.product_details", "pk": 714, "fields": {"product": 93, "product_details_property_name": 38, "content": "13.2 x 5.05 x 1.5 sm", "is_feature": false, "is_detail": false, "is_file": false, "status": true, "created_at": "2021-06-29T10:10:06.834Z", "updated_at": "2021-06-29T10:10:06.834Z"}}, {"model": "product.product_details", "pk": 715, "fields": {"product": 93, "product_details_property_name": 39, "content": "mini-SIM", "is_feature": false, "is_detail": false, "is_file": false, "status": true, "created_at": "2021-06-29T10:10:06.835Z", "updated_at": "2021-06-29T10:10:06.835Z"}}, {"model": "product.product_details", "pk": 716, "fields": {"product": 93, "product_details_property_name": 12, "content": "900/ 1800", "is_feature": false, "is_detail": false, "is_file": false, "status": true, "created_at": "2021-06-29T10:10:06.838Z", "updated_at": "2021-06-29T10:10:06.838Z"}}, {"model": "product.product_details", "pk": 717, "fields": {"product": 93, "product_details_property_name": 46, "content": "2", "is_feature": false, "is_detail": false, "is_file": false, "status": true, "created_at": "2021-06-29T10:10:06.838Z", "updated_at": "2021-06-29T10:10:06.838Z"}}, {"model": "product.product_details", "pk": 718, "fields": {"product": 93, "product_details_property_name": 48, "content": "Plastik", "is_feature": false, "is_detail": false, "is_file": false, "status": true, "created_at": "2021-06-29T10:10:06.839Z", "updated_at": "2021-06-29T10:10:06.839Z"}}, {"model": "product.product_details", "pk": 719, "fields": {"product": 93, "product_details_property_name": 49, "content": "Yox", "is_feature": false, "is_detail": false, "is_file": false, "status": true, "created_at": "2021-06-29T10:10:06.842Z", "updated_at": "2021-06-29T10:10:06.842Z"}}, {"model": "product.product_details", "pk": 720, "fields": {"product": 93, "product_details_property_name": 51, "content": "2.4\"/ 240 x 320", "is_feature": false, "is_detail": false, "is_file": false, "status": true, "created_at": "2021-06-29T10:10:06.842Z", "updated_at": "2021-06-29T10:10:06.842Z"}}, {"model": "product.product_details", "pk": 721, "fields": {"product": 93, "product_details_property_name": 59, "content": "1 il", "is_feature": false, "is_detail": false, "is_file": false, "status": true, "created_at": "2021-06-29T10:10:06.843Z", "updated_at": "2021-06-29T10:10:06.843Z"}}, {"model": "product.product_details", "pk": 722, "fields": {"product": 94, "product_details_property_name": 25, "content": "Nokia", "is_feature": false, "is_detail": false, "is_file": false, "status": true, "created_at": "2021-06-29T11:19:01.944Z", "updated_at": "2021-06-29T11:19:01.944Z"}}, {"model": "product.product_details", "pk": 723, "fields": {"product": 94, "product_details_property_name": 13, "content": "2020", "is_feature": false, "is_detail": false, "is_file": false, "status": true, "created_at": "2021-06-29T11:19:01.945Z", "updated_at": "2021-06-29T11:19:01.945Z"}}, {"model": "product.product_details", "pk": 724, "fields": {"product": 94, "product_details_property_name": 14, "content": "D\u00fcym\u0259li telefon", "is_feature": false, "is_detail": false, "is_file": false, "status": true, "created_at": "2021-06-29T11:19:01.946Z", "updated_at": "2021-06-29T11:19:01.946Z"}}, {"model": "product.product_details", "pk": 725, "fields": {"product": 94, "product_details_property_name": 16, "content": "2.4\"/ 240 x 320", "is_feature": false, "is_detail": false, "is_file": false, "status": true, "created_at": "2021-06-29T11:19:01.946Z", "updated_at": "2021-06-29T11:19:01.946Z"}}, {"model": "product.product_details", "pk": 726, "fields": {"product": 94, "product_details_property_name": 18, "content": "VGA, LED flash", "is_feature": false, "is_detail": false, "is_file": false, "status": true, "created_at": "2021-06-29T11:19:01.947Z", "updated_at": "2021-06-29T11:19:01.947Z"}}, {"model": "product.product_details", "pk": 727, "fields": {"product": 94, "product_details_property_name": 19, "content": "Yox", "is_feature": false, "is_detail": false, "is_file": false, "status": true, "created_at": "2021-06-29T11:19:01.947Z", "updated_at": "2021-06-29T11:19:01.947Z"}}, {"model": "product.product_details", "pk": 728, "fields": {"product": 94, "product_details_property_name": 20, "content": "Yox", "is_feature": false, "is_detail": false, "is_file": false, "status": true, "created_at": "2021-06-29T11:19:01.948Z", "updated_at": "2021-06-29T11:19:01.948Z"}}, {"model": "product.product_details", "pk": 729, "fields": {"product": 94, "product_details_property_name": 22, "content": "4 MB", "is_feature": false, "is_detail": false, "is_file": false, "status": true, "created_at": "2021-06-29T11:19:01.948Z", "updated_at": "2021-06-29T11:19:01.948Z"}}, {"model": "product.product_details", "pk": 730, "fields": {"product": 94, "product_details_property_name": 36, "content": "1020 mAh", "is_feature": false, "is_detail": false, "is_file": false, "status": true, "created_at": "2021-06-29T11:19:01.949Z", "updated_at": "2021-06-29T11:19:01.949Z"}}, {"model": "product.product_details", "pk": 731, "fields": {"product": 94, "product_details_property_name": 37, "content": "90.5 q", "is_feature": false, "is_detail": false, "is_file": false, "status": true, "created_at": "2021-06-29T11:19:01.949Z", "updated_at": "2021-06-29T11:19:01.949Z"}}, {"model": "product.product_details", "pk": 732, "fields": {"product": 94, "product_details_property_name": 38, "content": "132 x 50.5 x 15", "is_feature": false, "is_detail": false, "is_file": false, "status": true, "created_at": "2021-06-29T11:19:01.950Z", "updated_at": "2021-06-29T11:19:01.950Z"}}, {"model": "product.product_details", "pk": 733, "fields": {"product": 94, "product_details_property_name": 39, "content": "mini-SIM", "is_feature": false, "is_detail": false, "is_file": false, "status": true, "created_at": "2021-06-29T11:19:01.950Z", "updated_at": "2021-06-29T11:19:01.950Z"}}, {"model": "product.product_details", "pk": 734, "fields": {"product": 94, "product_details_property_name": 12, "content": "900/ 1800", "is_feature": false, "is_detail": false, "is_file": false, "status": true, "created_at": "2021-06-29T11:19:01.951Z", "updated_at": "2021-06-29T11:19:01.951Z"}}, {"model": "product.product_details", "pk": 735, "fields": {"product": 94, "product_details_property_name": 46, "content": "2", "is_feature": false, "is_detail": false, "is_file": false, "status": true, "created_at": "2021-06-29T11:19:01.951Z", "updated_at": "2021-06-29T11:19:01.951Z"}}, {"model": "product.product_details", "pk": 736, "fields": {"product": 94, "product_details_property_name": 48, "content": "Plastik", "is_feature": false, "is_detail": false, "is_file": false, "status": true, "created_at": "2021-06-29T11:19:01.952Z", "updated_at": "2021-06-29T11:19:01.952Z"}}, {"model": "product.product_details", "pk": 737, "fields": {"product": 94, "product_details_property_name": 49, "content": "3.0", "is_feature": false, "is_detail": false, "is_file": false, "status": true, "created_at": "2021-06-29T11:19:01.952Z", "updated_at": "2021-06-29T11:19:01.952Z"}}, {"model": "product.product_details", "pk": 738, "fields": {"product": 94, "product_details_property_name": 51, "content": "240 x 320", "is_feature": false, "is_detail": false, "is_file": false, "status": true, "created_at": "2021-06-29T11:19:01.953Z", "updated_at": "2021-06-29T11:19:01.953Z"}}, {"model": "product.product_details", "pk": 739, "fields": {"product": 94, "product_details_property_name": 59, "content": "1 il", "is_feature": false, "is_detail": false, "is_file": false, "status": true, "created_at": "2021-06-29T11:19:01.953Z", "updated_at": "2021-06-29T11:19:01.953Z"}}, {"model": "product.product_details", "pk": 740, "fields": {"product": 95, "product_details_property_name": 25, "content": "Nokia", "is_feature": false, "is_detail": false, "is_file": false, "status": true, "created_at": "2021-06-29T11:21:40.332Z", "updated_at": "2021-06-29T11:21:40.332Z"}}, {"model": "product.product_details", "pk": 741, "fields": {"product": 95, "product_details_property_name": 13, "content": "2020", "is_feature": false, "is_detail": false, "is_file": false, "status": true, "created_at": "2021-06-29T11:21:40.333Z", "updated_at": "2021-06-29T11:21:40.333Z"}}, {"model": "product.product_details", "pk": 742, "fields": {"product": 95, "product_details_property_name": 14, "content": "D\u00fcym\u0259li telefon", "is_feature": false, "is_detail": false, "is_file": false, "status": true, "created_at": "2021-06-29T11:21:40.334Z", "updated_at": "2021-06-29T11:21:40.334Z"}}, {"model": "product.product_details", "pk": 743, "fields": {"product": 95, "product_details_property_name": 16, "content": "2.4\"/ 240 x 320", "is_feature": false, "is_detail": false, "is_file": false, "status": true, "created_at": "2021-06-29T11:21:40.334Z", "updated_at": "2021-06-29T11:21:40.334Z"}}, {"model": "product.product_details", "pk": 744, "fields": {"product": 95, "product_details_property_name": 18, "content": "VGA, LED flash", "is_feature": false, "is_detail": false, "is_file": false, "status": true, "created_at": "2021-06-29T11:21:40.335Z", "updated_at": "2021-06-29T11:21:40.335Z"}}, {"model": "product.product_details", "pk": 745, "fields": {"product": 95, "product_details_property_name": 19, "content": "Yox", "is_feature": false, "is_detail": false, "is_file": false, "status": true, "created_at": "2021-06-29T11:21:40.335Z", "updated_at": "2021-06-29T11:21:40.335Z"}}, {"model": "product.product_details", "pk": 746, "fields": {"product": 95, "product_details_property_name": 20, "content": "Yox", "is_feature": false, "is_detail": false, "is_file": false, "status": true, "created_at": "2021-06-29T11:21:40.336Z", "updated_at": "2021-06-29T11:21:40.336Z"}}, {"model": "product.product_details", "pk": 747, "fields": {"product": 95, "product_details_property_name": 22, "content": "4 MB", "is_feature": false, "is_detail": false, "is_file": false, "status": true, "created_at": "2021-06-29T11:21:40.336Z", "updated_at": "2021-06-29T11:21:40.336Z"}}, {"model": "product.product_details", "pk": 748, "fields": {"product": 95, "product_details_property_name": 36, "content": "1020 mAh", "is_feature": false, "is_detail": false, "is_file": false, "status": true, "created_at": "2021-06-29T11:21:40.337Z", "updated_at": "2021-06-29T11:21:40.337Z"}}, {"model": "product.product_details", "pk": 749, "fields": {"product": 95, "product_details_property_name": 37, "content": "90.5 q", "is_feature": false, "is_detail": false, "is_file": false, "status": true, "created_at": "2021-06-29T11:21:40.337Z", "updated_at": "2021-06-29T11:21:40.337Z"}}, {"model": "product.product_details", "pk": 750, "fields": {"product": 95, "product_details_property_name": 38, "content": "132 x 50.5 x 15", "is_feature": false, "is_detail": false, "is_file": false, "status": true, "created_at": "2021-06-29T11:21:40.338Z", "updated_at": "2021-06-29T11:21:40.338Z"}}, {"model": "product.product_details", "pk": 751, "fields": {"product": 95, "product_details_property_name": 39, "content": "mini-SIM", "is_feature": false, "is_detail": false, "is_file": false, "status": true, "created_at": "2021-06-29T11:21:40.339Z", "updated_at": "2021-06-29T11:21:40.339Z"}}, {"model": "product.product_details", "pk": 752, "fields": {"product": 95, "product_details_property_name": 12, "content": "900/ 1800", "is_feature": false, "is_detail": false, "is_file": false, "status": true, "created_at": "2021-06-29T11:21:40.339Z", "updated_at": "2021-06-29T11:21:40.339Z"}}, {"model": "product.product_details", "pk": 753, "fields": {"product": 95, "product_details_property_name": 46, "content": "2", "is_feature": false, "is_detail": false, "is_file": false, "status": true, "created_at": "2021-06-29T11:21:40.340Z", "updated_at": "2021-06-29T11:21:40.340Z"}}, {"model": "product.product_details", "pk": 754, "fields": {"product": 95, "product_details_property_name": 48, "content": "Plastik", "is_feature": false, "is_detail": false, "is_file": false, "status": true, "created_at": "2021-06-29T11:21:40.340Z", "updated_at": "2021-06-29T11:21:40.340Z"}}, {"model": "product.product_details", "pk": 755, "fields": {"product": 95, "product_details_property_name": 49, "content": "3.0", "is_feature": false, "is_detail": false, "is_file": false, "status": true, "created_at": "2021-06-29T11:21:40.341Z", "updated_at": "2021-06-29T11:21:40.341Z"}}, {"model": "product.product_details", "pk": 756, "fields": {"product": 95, "product_details_property_name": 51, "content": "240 x 320", "is_feature": false, "is_detail": false, "is_file": false, "status": true, "created_at": "2021-06-29T11:21:40.341Z", "updated_at": "2021-06-29T11:21:40.341Z"}}, {"model": "product.product_details", "pk": 757, "fields": {"product": 95, "product_details_property_name": 59, "content": "1 il", "is_feature": false, "is_detail": false, "is_file": false, "status": true, "created_at": "2021-06-29T11:21:40.342Z", "updated_at": "2021-06-29T11:21:40.342Z"}}, {"model": "product.product_details", "pk": 758, "fields": {"product": 96, "product_details_property_name": 25, "content": "Nokia", "is_feature": false, "is_detail": false, "is_file": false, "status": true, "created_at": "2021-06-29T11:27:47.326Z", "updated_at": "2021-06-29T11:27:47.326Z"}}, {"model": "product.product_details", "pk": 759, "fields": {"product": 96, "product_details_property_name": 13, "content": "2020", "is_feature": false, "is_detail": false, "is_file": false, "status": true, "created_at": "2021-06-29T11:27:47.327Z", "updated_at": "2021-06-29T11:27:47.327Z"}}, {"model": "product.product_details", "pk": 760, "fields": {"product": 96, "product_details_property_name": 14, "content": "D\u00fcym\u0259li telefon", "is_feature": false, "is_detail": false, "is_file": false, "status": true, "created_at": "2021-06-29T11:27:47.327Z", "updated_at": "2021-06-29T11:27:47.327Z"}}, {"model": "product.product_details", "pk": 761, "fields": {"product": 96, "product_details_property_name": 16, "content": "2.4\"/ 240 x 320", "is_feature": false, "is_detail": false, "is_file": false, "status": true, "created_at": "2021-06-29T11:27:47.328Z", "updated_at": "2021-06-29T11:27:47.328Z"}}, {"model": "product.product_details", "pk": 762, "fields": {"product": 96, "product_details_property_name": 18, "content": "VGA, LED flash", "is_feature": false, "is_detail": false, "is_file": false, "status": true, "created_at": "2021-06-29T11:27:47.328Z", "updated_at": "2021-06-29T11:27:47.328Z"}}, {"model": "product.product_details", "pk": 763, "fields": {"product": 96, "product_details_property_name": 19, "content": "Yox", "is_feature": false, "is_detail": false, "is_file": false, "status": true, "created_at": "2021-06-29T11:27:47.329Z", "updated_at": "2021-06-29T11:27:47.329Z"}}, {"model": "product.product_details", "pk": 764, "fields": {"product": 96, "product_details_property_name": 20, "content": "Yox", "is_feature": false, "is_detail": false, "is_file": false, "status": true, "created_at": "2021-06-29T11:27:47.329Z", "updated_at": "2021-06-29T11:27:47.329Z"}}, {"model": "product.product_details", "pk": 765, "fields": {"product": 96, "product_details_property_name": 22, "content": "4 MB", "is_feature": false, "is_detail": false, "is_file": false, "status": true, "created_at": "2021-06-29T11:27:47.330Z", "updated_at": "2021-06-29T11:27:47.330Z"}}, {"model": "product.product_details", "pk": 766, "fields": {"product": 96, "product_details_property_name": 36, "content": "1020 mAh", "is_feature": false, "is_detail": false, "is_file": false, "status": true, "created_at": "2021-06-29T11:27:47.330Z", "updated_at": "2021-06-29T11:27:47.330Z"}}, {"model": "product.product_details", "pk": 767, "fields": {"product": 96, "product_details_property_name": 37, "content": "90.5 q", "is_feature": false, "is_detail": false, "is_file": false, "status": true, "created_at": "2021-06-29T11:27:47.331Z", "updated_at": "2021-06-29T11:27:47.331Z"}}, {"model": "product.product_details", "pk": 768, "fields": {"product": 96, "product_details_property_name": 38, "content": "132 x 50.5 x 15", "is_feature": false, "is_detail": false, "is_file": false, "status": true, "created_at": "2021-06-29T11:27:47.331Z", "updated_at": "2021-06-29T11:27:47.331Z"}}, {"model": "product.product_details", "pk": 769, "fields": {"product": 96, "product_details_property_name": 39, "content": "mini-SIM", "is_feature": false, "is_detail": false, "is_file": false, "status": true, "created_at": "2021-06-29T11:27:47.332Z", "updated_at": "2021-06-29T11:27:47.332Z"}}, {"model": "product.product_details", "pk": 770, "fields": {"product": 96, "product_details_property_name": 12, "content": "900/ 1800", "is_feature": false, "is_detail": false, "is_file": false, "status": true, "created_at": "2021-06-29T11:27:47.332Z", "updated_at": "2021-06-29T11:27:47.332Z"}}, {"model": "product.product_details", "pk": 771, "fields": {"product": 96, "product_details_property_name": 46, "content": "2", "is_feature": false, "is_detail": false, "is_file": false, "status": true, "created_at": "2021-06-29T11:27:47.333Z", "updated_at": "2021-06-29T11:27:47.333Z"}}, {"model": "product.product_details", "pk": 772, "fields": {"product": 96, "product_details_property_name": 48, "content": "Plastik", "is_feature": false, "is_detail": false, "is_file": false, "status": true, "created_at": "2021-06-29T11:27:47.333Z", "updated_at": "2021-06-29T11:27:47.333Z"}}, {"model": "product.product_details", "pk": 773, "fields": {"product": 96, "product_details_property_name": 49, "content": "3.0", "is_feature": false, "is_detail": false, "is_file": false, "status": true, "created_at": "2021-06-29T11:27:47.334Z", "updated_at": "2021-06-29T11:27:47.334Z"}}, {"model": "product.product_details", "pk": 774, "fields": {"product": 96, "product_details_property_name": 51, "content": "240 x 320", "is_feature": false, "is_detail": false, "is_file": false, "status": true, "created_at": "2021-06-29T11:27:47.334Z", "updated_at": "2021-06-29T11:27:47.334Z"}}, {"model": "product.product_details", "pk": 775, "fields": {"product": 96, "product_details_property_name": 59, "content": "1 il", "is_feature": false, "is_detail": false, "is_file": false, "status": true, "created_at": "2021-06-29T11:27:47.335Z", "updated_at": "2021-06-29T11:27:47.335Z"}}, {"model": "product.product_details", "pk": 776, "fields": {"product": 97, "product_details_property_name": 25, "content": "Nokia", "is_feature": false, "is_detail": false, "is_file": false, "status": true, "created_at": "2021-06-29T12:55:15.903Z", "updated_at": "2021-06-29T12:55:15.903Z"}}, {"model": "product.product_details", "pk": 777, "fields": {"product": 97, "product_details_property_name": 13, "content": "2020", "is_feature": false, "is_detail": false, "is_file": false, "status": true, "created_at": "2021-06-29T12:55:15.904Z", "updated_at": "2021-06-29T12:55:15.904Z"}}, {"model": "product.product_details", "pk": 778, "fields": {"product": 97, "product_details_property_name": 14, "content": "D\u00fcym\u0259li telefon", "is_feature": false, "is_detail": false, "is_file": false, "status": true, "created_at": "2021-06-29T12:55:15.904Z", "updated_at": "2021-06-29T12:55:15.904Z"}}, {"model": "product.product_details", "pk": 779, "fields": {"product": 97, "product_details_property_name": 16, "content": "2.4", "is_feature": false, "is_detail": false, "is_file": false, "status": true, "created_at": "2021-06-29T12:55:15.905Z", "updated_at": "2021-06-29T12:55:15.905Z"}}, {"model": "product.product_details", "pk": 780, "fields": {"product": 97, "product_details_property_name": 17, "content": "240 x 320", "is_feature": false, "is_detail": false, "is_file": false, "status": true, "created_at": "2021-06-29T12:55:15.905Z", "updated_at": "2021-06-29T12:55:15.905Z"}}, {"model": "product.product_details", "pk": 781, "fields": {"product": 97, "product_details_property_name": 18, "content": "VGA, LED flash", "is_feature": false, "is_detail": false, "is_file": false, "status": true, "created_at": "2021-06-29T12:55:15.906Z", "updated_at": "2021-06-29T12:55:15.906Z"}}, {"model": "product.product_details", "pk": 782, "fields": {"product": 97, "product_details_property_name": 19, "content": "Yox", "is_feature": false, "is_detail": false, "is_file": false, "status": true, "created_at": "2021-06-29T12:55:15.906Z", "updated_at": "2021-06-29T12:55:15.906Z"}}, {"model": "product.product_details", "pk": 783, "fields": {"product": 97, "product_details_property_name": 32, "content": "802.11 b / g / n, hotspot", "is_feature": false, "is_detail": false, "is_file": false, "status": true, "created_at": "2021-06-29T12:55:15.907Z", "updated_at": "2021-06-29T12:55:15.907Z"}}, {"model": "product.product_details", "pk": 784, "fields": {"product": 97, "product_details_property_name": 21, "content": "Yox", "is_feature": false, "is_detail": false, "is_file": false, "status": true, "created_at": "2021-06-29T12:55:15.907Z", "updated_at": "2021-06-29T12:55:15.907Z"}}, {"model": "product.product_details", "pk": 785, "fields": {"product": 97, "product_details_property_name": 22, "content": "4 GB", "is_feature": false, "is_detail": false, "is_file": false, "status": true, "created_at": "2021-06-29T12:55:15.908Z", "updated_at": "2021-06-29T12:55:15.908Z"}}, {"model": "product.product_details", "pk": 786, "fields": {"product": 97, "product_details_property_name": 23, "content": "512 MB", "is_feature": false, "is_detail": false, "is_file": false, "status": true, "created_at": "2021-06-29T12:55:15.908Z", "updated_at": "2021-06-29T12:55:15.908Z"}}, {"model": "product.product_details", "pk": 787, "fields": {"product": 97, "product_details_property_name": 36, "content": "1500 (mAh)", "is_feature": false, "is_detail": false, "is_file": false, "status": true, "created_at": "2021-06-29T12:55:15.909Z", "updated_at": "2021-06-29T12:55:15.909Z"}}, {"model": "product.product_details", "pk": 788, "fields": {"product": 97, "product_details_property_name": 37, "content": "104.7 q", "is_feature": false, "is_detail": false, "is_file": false, "status": true, "created_at": "2021-06-29T12:55:15.909Z", "updated_at": "2021-06-29T12:55:15.909Z"}}, {"model": "product.product_details", "pk": 789, "fields": {"product": 97, "product_details_property_name": 38, "content": "131.4 x 53 x 13.7", "is_feature": false, "is_detail": false, "is_file": false, "status": true, "created_at": "2021-06-29T12:55:15.910Z", "updated_at": "2021-06-29T12:55:15.910Z"}}, {"model": "product.product_details", "pk": 790, "fields": {"product": 97, "product_details_property_name": 39, "content": "Nano SIM", "is_feature": false, "is_detail": false, "is_file": false, "status": true, "created_at": "2021-06-29T12:55:15.911Z", "updated_at": "2021-06-29T12:55:15.911Z"}}, {"model": "product.product_details", "pk": 791, "fields": {"product": 97, "product_details_property_name": 40, "content": "KaiOS", "is_feature": false, "is_detail": false, "is_file": false, "status": true, "created_at": "2021-06-29T12:55:15.911Z", "updated_at": "2021-06-29T12:55:15.911Z"}}, {"model": "product.product_details", "pk": 792, "fields": {"product": 97, "product_details_property_name": 41, "content": "Qualcomm QC8909 Snapdragon 210 (28 nm)", "is_feature": false, "is_detail": false, "is_file": false, "status": true, "created_at": "2021-06-29T12:55:15.912Z", "updated_at": "2021-06-29T12:55:15.912Z"}}, {"model": "product.product_details", "pk": 793, "fields": {"product": 97, "product_details_property_name": 42, "content": "Yox", "is_feature": false, "is_detail": false, "is_file": false, "status": true, "created_at": "2021-06-29T12:55:15.912Z", "updated_at": "2021-06-29T12:55:15.912Z"}}, {"model": "product.product_details", "pk": 794, "fields": {"product": 97, "product_details_property_name": 43, "content": "Yox", "is_feature": false, "is_detail": false, "is_file": false, "status": true, "created_at": "2021-06-29T12:55:15.913Z", "updated_at": "2021-06-29T12:55:15.913Z"}}, {"model": "product.product_details", "pk": 795, "fields": {"product": 97, "product_details_property_name": 12, "content": "4G", "is_feature": false, "is_detail": false, "is_file": false, "status": true, "created_at": "2021-06-29T12:55:15.913Z", "updated_at": "2021-06-29T12:55:15.913Z"}}, {"model": "product.product_details", "pk": 796, "fields": {"product": 97, "product_details_property_name": 44, "content": "Yox", "is_feature": false, "is_detail": false, "is_file": false, "status": true, "created_at": "2021-06-29T12:55:15.913Z", "updated_at": "2021-06-29T12:55:15.913Z"}}, {"model": "product.product_details", "pk": 797, "fields": {"product": 97, "product_details_property_name": 45, "content": "Qualcomm SM7125 Snapdragon 720G (8 nm)", "is_feature": false, "is_detail": false, "is_file": false, "status": true, "created_at": "2021-06-29T12:55:15.914Z", "updated_at": "2021-06-29T12:55:15.914Z"}}, {"model": "product.product_details", "pk": 798, "fields": {"product": 97, "product_details_property_name": 46, "content": "2", "is_feature": false, "is_detail": false, "is_file": false, "status": true, "created_at": "2021-06-29T12:55:15.915Z", "updated_at": "2021-06-29T12:55:15.915Z"}}, {"model": "product.product_details", "pk": 799, "fields": {"product": 97, "product_details_property_name": 47, "content": "Yox", "is_feature": false, "is_detail": false, "is_file": false, "status": true, "created_at": "2021-06-29T12:55:15.915Z", "updated_at": "2021-06-29T12:55:15.915Z"}}, {"model": "product.product_details", "pk": 800, "fields": {"product": 97, "product_details_property_name": 48, "content": "Plastik", "is_feature": false, "is_detail": false, "is_file": false, "status": true, "created_at": "2021-06-29T12:55:15.916Z", "updated_at": "2021-06-29T12:55:15.916Z"}}, {"model": "product.product_details", "pk": 801, "fields": {"product": 97, "product_details_property_name": 49, "content": "Var", "is_feature": false, "is_detail": false, "is_file": false, "status": true, "created_at": "2021-06-29T12:55:15.916Z", "updated_at": "2021-06-29T12:55:15.916Z"}}, {"model": "product.product_details", "pk": 802, "fields": {"product": 97, "product_details_property_name": 50, "content": "TFT", "is_feature": false, "is_detail": false, "is_file": false, "status": true, "created_at": "2021-06-29T12:55:15.916Z", "updated_at": "2021-06-29T12:55:15.916Z"}}, {"model": "product.product_details", "pk": 803, "fields": {"product": 97, "product_details_property_name": 51, "content": "167 d\u00fcym", "is_feature": false, "is_detail": false, "is_file": false, "status": true, "created_at": "2021-06-29T12:55:15.917Z", "updated_at": "2021-06-29T12:55:15.917Z"}}, {"model": "product.product_details", "pk": 804, "fields": {"product": 97, "product_details_property_name": 52, "content": "Yox", "is_feature": false, "is_detail": false, "is_file": false, "status": true, "created_at": "2021-06-29T12:55:15.917Z", "updated_at": "2021-06-29T12:55:15.917Z"}}, {"model": "product.product_details", "pk": 805, "fields": {"product": 97, "product_details_property_name": 53, "content": "Yox", "is_feature": false, "is_detail": false, "is_file": false, "status": true, "created_at": "2021-06-29T12:55:15.918Z", "updated_at": "2021-06-29T12:55:15.918Z"}}, {"model": "product.product_details", "pk": 806, "fields": {"product": 97, "product_details_property_name": 54, "content": "Yox", "is_feature": false, "is_detail": false, "is_file": false, "status": true, "created_at": "2021-06-29T12:55:15.918Z", "updated_at": "2021-06-29T12:55:15.918Z"}}, {"model": "product.product_details", "pk": 807, "fields": {"product": 97, "product_details_property_name": 55, "content": "A-GPS, GLONASS", "is_feature": false, "is_detail": false, "is_file": false, "status": true, "created_at": "2021-06-29T12:55:15.919Z", "updated_at": "2021-06-29T12:55:15.919Z"}}, {"model": "product.product_details", "pk": 808, "fields": {"product": 97, "product_details_property_name": 56, "content": "Quad-core 1.1 GHz Cortex-A7", "is_feature": false, "is_detail": false, "is_file": false, "status": true, "created_at": "2021-06-29T12:55:15.919Z", "updated_at": "2021-06-29T12:55:15.919Z"}}, {"model": "product.product_details", "pk": 809, "fields": {"product": 97, "product_details_property_name": 57, "content": "Qualcomm", "is_feature": false, "is_detail": false, "is_file": false, "status": true, "created_at": "2021-06-29T12:55:15.920Z", "updated_at": "2021-06-29T12:55:15.920Z"}}, {"model": "product.product_details", "pk": 810, "fields": {"product": 97, "product_details_property_name": 58, "content": "M\u0259lumat kitab\u00e7as\u0131, z\u0259man\u0259t talonu", "is_feature": false, "is_detail": false, "is_file": false, "status": true, "created_at": "2021-06-29T12:55:15.920Z", "updated_at": "2021-06-29T12:55:15.920Z"}}, {"model": "product.product_details", "pk": 811, "fields": {"product": 97, "product_details_property_name": 59, "content": "1 il", "is_feature": false, "is_detail": false, "is_file": false, "status": true, "created_at": "2021-06-29T12:55:15.921Z", "updated_at": "2021-06-29T12:55:15.921Z"}}, {"model": "product.product_details", "pk": 812, "fields": {"product": 98, "product_details_property_name": 25, "content": "Nokia", "is_feature": false, "is_detail": false, "is_file": false, "status": true, "created_at": "2021-06-29T13:51:40.665Z", "updated_at": "2021-06-29T13:51:40.665Z"}}, {"model": "product.product_details", "pk": 813, "fields": {"product": 98, "product_details_property_name": 13, "content": "2020", "is_feature": false, "is_detail": false, "is_file": false, "status": true, "created_at": "2021-06-29T13:51:40.666Z", "updated_at": "2021-06-29T13:51:40.666Z"}}, {"model": "product.product_details", "pk": 814, "fields": {"product": 98, "product_details_property_name": 14, "content": "D\u00fcym\u0259li telefon", "is_feature": false, "is_detail": false, "is_file": false, "status": true, "created_at": "2021-06-29T13:51:40.667Z", "updated_at": "2021-06-29T13:51:40.667Z"}}, {"model": "product.product_details", "pk": 815, "fields": {"product": 98, "product_details_property_name": 16, "content": "TFT", "is_feature": false, "is_detail": false, "is_file": false, "status": true, "created_at": "2021-06-29T13:51:40.667Z", "updated_at": "2021-06-29T13:51:40.667Z"}}, {"model": "product.product_details", "pk": 816, "fields": {"product": 98, "product_details_property_name": 18, "content": "0.3 mpx", "is_feature": false, "is_detail": false, "is_file": false, "status": true, "created_at": "2021-06-29T13:51:40.668Z", "updated_at": "2021-06-29T13:51:40.668Z"}}, {"model": "product.product_details", "pk": 817, "fields": {"product": 98, "product_details_property_name": 19, "content": "Yox", "is_feature": false, "is_detail": false, "is_file": false, "status": true, "created_at": "2021-06-29T13:51:40.668Z", "updated_at": "2021-06-29T13:51:40.668Z"}}, {"model": "product.product_details", "pk": 818, "fields": {"product": 98, "product_details_property_name": 20, "content": "Yox", "is_feature": false, "is_detail": false, "is_file": false, "status": true, "created_at": "2021-06-29T13:51:40.669Z", "updated_at": "2021-06-29T13:51:40.669Z"}}, {"model": "product.product_details", "pk": 819, "fields": {"product": 98, "product_details_property_name": 22, "content": "8 MB", "is_feature": false, "is_detail": false, "is_file": false, "status": true, "created_at": "2021-06-29T13:51:40.669Z", "updated_at": "2021-06-29T13:51:40.669Z"}}, {"model": "product.product_details", "pk": 820, "fields": {"product": 98, "product_details_property_name": 36, "content": "1020 mAh", "is_feature": false, "is_detail": false, "is_file": false, "status": true, "created_at": "2021-06-29T13:51:40.670Z", "updated_at": "2021-06-29T13:51:40.670Z"}}, {"model": "product.product_details", "pk": 821, "fields": {"product": 98, "product_details_property_name": 37, "content": "88.2 q", "is_feature": false, "is_detail": false, "is_file": false, "status": true, "created_at": "2021-06-29T13:51:40.670Z", "updated_at": "2021-06-29T13:51:40.670Z"}}, {"model": "product.product_details", "pk": 822, "fields": {"product": 98, "product_details_property_name": 38, "content": "12.37 x 5.24 x 1.31 sm", "is_feature": false, "is_detail": false, "is_file": false, "status": true, "created_at": "2021-06-29T13:51:40.671Z", "updated_at": "2021-06-29T13:51:40.671Z"}}, {"model": "product.product_details", "pk": 823, "fields": {"product": 98, "product_details_property_name": 39, "content": "mini-SIM", "is_feature": false, "is_detail": false, "is_file": false, "status": true, "created_at": "2021-06-29T13:51:40.672Z", "updated_at": "2021-06-29T13:51:40.672Z"}}, {"model": "product.product_details", "pk": 824, "fields": {"product": 98, "product_details_property_name": 12, "content": "900/ 1800", "is_feature": false, "is_detail": false, "is_file": false, "status": true, "created_at": "2021-06-29T13:51:40.672Z", "updated_at": "2021-06-29T13:51:40.672Z"}}, {"model": "product.product_details", "pk": 825, "fields": {"product": 98, "product_details_property_name": 46, "content": "2", "is_feature": false, "is_detail": false, "is_file": false, "status": true, "created_at": "2021-06-29T13:51:40.673Z", "updated_at": "2021-06-29T13:51:40.673Z"}}, {"model": "product.product_details", "pk": 826, "fields": {"product": 98, "product_details_property_name": 48, "content": "Plastik", "is_feature": false, "is_detail": false, "is_file": false, "status": true, "created_at": "2021-06-29T13:51:40.673Z", "updated_at": "2021-06-29T13:51:40.673Z"}}, {"model": "product.product_details", "pk": 827, "fields": {"product": 98, "product_details_property_name": 49, "content": "3.0, A2DP", "is_feature": false, "is_detail": false, "is_file": false, "status": true, "created_at": "2021-06-29T13:51:40.674Z", "updated_at": "2021-06-29T13:51:40.674Z"}}, {"model": "product.product_details", "pk": 828, "fields": {"product": 98, "product_details_property_name": 51, "content": "2.4\"/ 240 x 320", "is_feature": false, "is_detail": false, "is_file": false, "status": true, "created_at": "2021-06-29T13:51:40.674Z", "updated_at": "2021-06-29T13:51:40.674Z"}}, {"model": "product.product_details", "pk": 829, "fields": {"product": 98, "product_details_property_name": 59, "content": "1 il", "is_feature": false, "is_detail": false, "is_file": false, "status": true, "created_at": "2021-06-29T13:51:40.675Z", "updated_at": "2021-06-29T13:51:40.675Z"}}, {"model": "product.product_details", "pk": 830, "fields": {"product": 99, "product_details_property_name": 25, "content": "Nokia", "is_feature": false, "is_detail": false, "is_file": false, "status": true, "created_at": "2021-06-29T13:54:07.715Z", "updated_at": "2021-06-29T13:54:07.715Z"}}, {"model": "product.product_details", "pk": 831, "fields": {"product": 99, "product_details_property_name": 13, "content": "2020", "is_feature": false, "is_detail": false, "is_file": false, "status": true, "created_at": "2021-06-29T13:54:07.716Z", "updated_at": "2021-06-29T13:54:07.716Z"}}, {"model": "product.product_details", "pk": 832, "fields": {"product": 99, "product_details_property_name": 14, "content": "D\u00fcym\u0259li telefon", "is_feature": false, "is_detail": false, "is_file": false, "status": true, "created_at": "2021-06-29T13:54:07.717Z", "updated_at": "2021-06-29T13:54:07.717Z"}}, {"model": "product.product_details", "pk": 833, "fields": {"product": 99, "product_details_property_name": 16, "content": "TFT", "is_feature": false, "is_detail": false, "is_file": false, "status": true, "created_at": "2021-06-29T13:54:07.717Z", "updated_at": "2021-06-29T13:54:07.717Z"}}, {"model": "product.product_details", "pk": 834, "fields": {"product": 99, "product_details_property_name": 18, "content": "0.3 mpx", "is_feature": false, "is_detail": false, "is_file": false, "status": true, "created_at": "2021-06-29T13:54:07.718Z", "updated_at": "2021-06-29T13:54:07.718Z"}}, {"model": "product.product_details", "pk": 835, "fields": {"product": 99, "product_details_property_name": 19, "content": "Yox", "is_feature": false, "is_detail": false, "is_file": false, "status": true, "created_at": "2021-06-29T13:54:07.718Z", "updated_at": "2021-06-29T13:54:07.718Z"}}, {"model": "product.product_details", "pk": 836, "fields": {"product": 99, "product_details_property_name": 20, "content": "Yox", "is_feature": false, "is_detail": false, "is_file": false, "status": true, "created_at": "2021-06-29T13:54:07.719Z", "updated_at": "2021-06-29T13:54:07.719Z"}}, {"model": "product.product_details", "pk": 837, "fields": {"product": 99, "product_details_property_name": 22, "content": "8 MB", "is_feature": false, "is_detail": false, "is_file": false, "status": true, "created_at": "2021-06-29T13:54:07.719Z", "updated_at": "2021-06-29T13:54:07.719Z"}}, {"model": "product.product_details", "pk": 838, "fields": {"product": 99, "product_details_property_name": 36, "content": "1020 mAh", "is_feature": false, "is_detail": false, "is_file": false, "status": true, "created_at": "2021-06-29T13:54:07.720Z", "updated_at": "2021-06-29T13:54:07.720Z"}}, {"model": "product.product_details", "pk": 839, "fields": {"product": 99, "product_details_property_name": 37, "content": "88.2 q", "is_feature": false, "is_detail": false, "is_file": false, "status": true, "created_at": "2021-06-29T13:54:07.721Z", "updated_at": "2021-06-29T13:54:07.721Z"}}, {"model": "product.product_details", "pk": 840, "fields": {"product": 99, "product_details_property_name": 38, "content": "12.37 x 5.24 x 1.31 sm", "is_feature": false, "is_detail": false, "is_file": false, "status": true, "created_at": "2021-06-29T13:54:07.722Z", "updated_at": "2021-06-29T13:54:07.722Z"}}, {"model": "product.product_details", "pk": 841, "fields": {"product": 99, "product_details_property_name": 39, "content": "mini-SIM", "is_feature": false, "is_detail": false, "is_file": false, "status": true, "created_at": "2021-06-29T13:54:07.722Z", "updated_at": "2021-06-29T13:54:07.722Z"}}, {"model": "product.product_details", "pk": 842, "fields": {"product": 99, "product_details_property_name": 12, "content": "900/ 1800", "is_feature": false, "is_detail": false, "is_file": false, "status": true, "created_at": "2021-06-29T13:54:07.723Z", "updated_at": "2021-06-29T13:54:07.723Z"}}, {"model": "product.product_details", "pk": 843, "fields": {"product": 99, "product_details_property_name": 46, "content": "2", "is_feature": false, "is_detail": false, "is_file": false, "status": true, "created_at": "2021-06-29T13:54:07.723Z", "updated_at": "2021-06-29T13:54:07.723Z"}}, {"model": "product.product_details", "pk": 844, "fields": {"product": 99, "product_details_property_name": 48, "content": "Plastik", "is_feature": false, "is_detail": false, "is_file": false, "status": true, "created_at": "2021-06-29T13:54:07.724Z", "updated_at": "2021-06-29T13:54:07.724Z"}}, {"model": "product.product_details", "pk": 845, "fields": {"product": 99, "product_details_property_name": 49, "content": "3.0, A2DP", "is_feature": false, "is_detail": false, "is_file": false, "status": true, "created_at": "2021-06-29T13:54:07.724Z", "updated_at": "2021-06-29T13:54:07.724Z"}}, {"model": "product.product_details", "pk": 846, "fields": {"product": 99, "product_details_property_name": 51, "content": "2.4\"/ 240 x 320", "is_feature": false, "is_detail": false, "is_file": false, "status": true, "created_at": "2021-06-29T13:54:07.725Z", "updated_at": "2021-06-29T13:54:07.725Z"}}, {"model": "product.product_details", "pk": 847, "fields": {"product": 99, "product_details_property_name": 59, "content": "1 il", "is_feature": false, "is_detail": false, "is_file": false, "status": true, "created_at": "2021-06-29T13:54:07.725Z", "updated_at": "2021-06-29T13:54:07.725Z"}}, {"model": "product.product_details", "pk": 848, "fields": {"product": 100, "product_details_property_name": 25, "content": "Nokia", "is_feature": false, "is_detail": false, "is_file": false, "status": true, "created_at": "2021-06-29T14:17:36.164Z", "updated_at": "2021-06-29T14:17:36.164Z"}}, {"model": "product.product_details", "pk": 849, "fields": {"product": 100, "product_details_property_name": 13, "content": "2015", "is_feature": false, "is_detail": false, "is_file": false, "status": true, "created_at": "2021-06-29T14:17:36.165Z", "updated_at": "2021-06-29T14:17:36.165Z"}}, {"model": "product.product_details", "pk": 850, "fields": {"product": 100, "product_details_property_name": 14, "content": "D\u00fcym\u0259li telefon", "is_feature": false, "is_detail": false, "is_file": false, "status": true, "created_at": "2021-06-29T14:17:36.165Z", "updated_at": "2021-06-29T14:17:36.165Z"}}, {"model": "product.product_details", "pk": 851, "fields": {"product": 100, "product_details_property_name": 16, "content": "TFT", "is_feature": false, "is_detail": false, "is_file": false, "status": true, "created_at": "2021-06-29T14:17:36.166Z", "updated_at": "2021-06-29T14:17:36.166Z"}}, {"model": "product.product_details", "pk": 852, "fields": {"product": 100, "product_details_property_name": 18, "content": "Yox", "is_feature": false, "is_detail": false, "is_file": false, "status": true, "created_at": "2021-06-29T14:17:36.166Z", "updated_at": "2021-06-29T14:17:36.166Z"}}, {"model": "product.product_details", "pk": 853, "fields": {"product": 100, "product_details_property_name": 19, "content": "Yox", "is_feature": false, "is_detail": false, "is_file": false, "status": true, "created_at": "2021-06-29T14:17:36.167Z", "updated_at": "2021-06-29T14:17:36.167Z"}}, {"model": "product.product_details", "pk": 854, "fields": {"product": 100, "product_details_property_name": 20, "content": "Yox", "is_feature": false, "is_detail": false, "is_file": false, "status": true, "created_at": "2021-06-29T14:17:36.167Z", "updated_at": "2021-06-29T14:17:36.167Z"}}, {"model": "product.product_details", "pk": 855, "fields": {"product": 100, "product_details_property_name": 22, "content": "128 MB", "is_feature": false, "is_detail": false, "is_file": false, "status": true, "created_at": "2021-06-29T14:17:36.168Z", "updated_at": "2021-06-29T14:17:36.168Z"}}, {"model": "product.product_details", "pk": 856, "fields": {"product": 100, "product_details_property_name": 36, "content": "1150 mAh", "is_feature": false, "is_detail": false, "is_file": false, "status": true, "created_at": "2021-06-29T14:17:36.168Z", "updated_at": "2021-06-29T14:17:36.168Z"}}, {"model": "product.product_details", "pk": 857, "fields": {"product": 100, "product_details_property_name": 37, "content": "90 q", "is_feature": false, "is_detail": false, "is_file": false, "status": true, "created_at": "2021-06-29T14:17:36.169Z", "updated_at": "2021-06-29T14:17:36.169Z"}}, {"model": "product.product_details", "pk": 858, "fields": {"product": 100, "product_details_property_name": 38, "content": "124.7 x 51 x 13.7", "is_feature": false, "is_detail": false, "is_file": false, "status": true, "created_at": "2021-06-29T14:17:36.169Z", "updated_at": "2021-06-29T14:17:36.169Z"}}, {"model": "product.product_details", "pk": 859, "fields": {"product": 100, "product_details_property_name": 39, "content": "mini-SIM", "is_feature": false, "is_detail": false, "is_file": false, "status": true, "created_at": "2021-06-29T14:17:36.170Z", "updated_at": "2021-06-29T14:17:36.170Z"}}, {"model": "product.product_details", "pk": 860, "fields": {"product": 100, "product_details_property_name": 12, "content": "900/1800, 3G, 4G LTE, VoLTE", "is_feature": false, "is_detail": false, "is_file": false, "status": true, "created_at": "2021-06-29T14:17:36.171Z", "updated_at": "2021-06-29T14:17:36.171Z"}}, {"model": "product.product_details", "pk": 861, "fields": {"product": 100, "product_details_property_name": 46, "content": "2", "is_feature": false, "is_detail": false, "is_file": false, "status": true, "created_at": "2021-06-29T14:17:36.171Z", "updated_at": "2021-06-29T14:17:36.171Z"}}, {"model": "product.product_details", "pk": 862, "fields": {"product": 100, "product_details_property_name": 48, "content": "Plastik", "is_feature": false, "is_detail": false, "is_file": false, "status": true, "created_at": "2021-06-29T14:17:36.172Z", "updated_at": "2021-06-29T14:17:36.172Z"}}, {"model": "product.product_details", "pk": 863, "fields": {"product": 100, "product_details_property_name": 49, "content": "5.0", "is_feature": false, "is_detail": false, "is_file": false, "status": true, "created_at": "2021-06-29T14:17:36.172Z", "updated_at": "2021-06-29T14:17:36.172Z"}}, {"model": "product.product_details", "pk": 864, "fields": {"product": 100, "product_details_property_name": 51, "content": "320 x 240", "is_feature": false, "is_detail": false, "is_file": false, "status": true, "created_at": "2021-06-29T14:17:36.173Z", "updated_at": "2021-06-29T14:17:36.173Z"}}, {"model": "product.product_details", "pk": 865, "fields": {"product": 100, "product_details_property_name": 59, "content": "1 il", "is_feature": false, "is_detail": false, "is_file": false, "status": true, "created_at": "2021-06-29T14:17:36.173Z", "updated_at": "2021-06-29T14:17:36.173Z"}}, {"model": "product.product_details", "pk": 866, "fields": {"product": 101, "product_details_property_name": 25, "content": "Nokia", "is_feature": false, "is_detail": false, "is_file": false, "status": true, "created_at": "2021-06-29T14:24:38.879Z", "updated_at": "2021-06-29T14:24:38.879Z"}}, {"model": "product.product_details", "pk": 867, "fields": {"product": 101, "product_details_property_name": 13, "content": "2015", "is_feature": false, "is_detail": false, "is_file": false, "status": true, "created_at": "2021-06-29T14:24:38.879Z", "updated_at": "2021-06-29T14:24:38.879Z"}}, {"model": "product.product_details", "pk": 868, "fields": {"product": 101, "product_details_property_name": 14, "content": "D\u00fcym\u0259li telefon", "is_feature": false, "is_detail": false, "is_file": false, "status": true, "created_at": "2021-06-29T14:24:38.880Z", "updated_at": "2021-06-29T14:24:38.880Z"}}, {"model": "product.product_details", "pk": 869, "fields": {"product": 101, "product_details_property_name": 16, "content": "TFT", "is_feature": false, "is_detail": false, "is_file": false, "status": true, "created_at": "2021-06-29T14:24:38.880Z", "updated_at": "2021-06-29T14:24:38.880Z"}}, {"model": "product.product_details", "pk": 870, "fields": {"product": 101, "product_details_property_name": 18, "content": "Yox", "is_feature": false, "is_detail": false, "is_file": false, "status": true, "created_at": "2021-06-29T14:24:38.881Z", "updated_at": "2021-06-29T14:24:38.881Z"}}, {"model": "product.product_details", "pk": 871, "fields": {"product": 101, "product_details_property_name": 19, "content": "Yox", "is_feature": false, "is_detail": false, "is_file": false, "status": true, "created_at": "2021-06-29T14:24:38.881Z", "updated_at": "2021-06-29T14:24:38.881Z"}}, {"model": "product.product_details", "pk": 872, "fields": {"product": 101, "product_details_property_name": 20, "content": "Yox", "is_feature": false, "is_detail": false, "is_file": false, "status": true, "created_at": "2021-06-29T14:24:38.882Z", "updated_at": "2021-06-29T14:24:38.882Z"}}, {"model": "product.product_details", "pk": 873, "fields": {"product": 101, "product_details_property_name": 22, "content": "128 MB", "is_feature": false, "is_detail": false, "is_file": false, "status": true, "created_at": "2021-06-29T14:24:38.883Z", "updated_at": "2021-06-29T14:24:38.883Z"}}, {"model": "product.product_details", "pk": 874, "fields": {"product": 101, "product_details_property_name": 36, "content": "1150 mAh", "is_feature": false, "is_detail": false, "is_file": false, "status": true, "created_at": "2021-06-29T14:24:38.883Z", "updated_at": "2021-06-29T14:24:38.883Z"}}, {"model": "product.product_details", "pk": 875, "fields": {"product": 101, "product_details_property_name": 37, "content": "90 q", "is_feature": false, "is_detail": false, "is_file": false, "status": true, "created_at": "2021-06-29T14:24:38.884Z", "updated_at": "2021-06-29T14:24:38.884Z"}}, {"model": "product.product_details", "pk": 876, "fields": {"product": 101, "product_details_property_name": 38, "content": "124.7 x 51 x 13.7", "is_feature": false, "is_detail": false, "is_file": false, "status": true, "created_at": "2021-06-29T14:24:38.884Z", "updated_at": "2021-06-29T14:24:38.884Z"}}, {"model": "product.product_details", "pk": 877, "fields": {"product": 101, "product_details_property_name": 39, "content": "mini-SIM", "is_feature": false, "is_detail": false, "is_file": false, "status": true, "created_at": "2021-06-29T14:24:38.884Z", "updated_at": "2021-06-29T14:24:38.884Z"}}, {"model": "product.product_details", "pk": 878, "fields": {"product": 101, "product_details_property_name": 12, "content": "900/1800, 3G, 4G LTE, VoLTE", "is_feature": false, "is_detail": false, "is_file": false, "status": true, "created_at": "2021-06-29T14:24:38.885Z", "updated_at": "2021-06-29T14:24:38.885Z"}}, {"model": "product.product_details", "pk": 879, "fields": {"product": 101, "product_details_property_name": 46, "content": "2", "is_feature": false, "is_detail": false, "is_file": false, "status": true, "created_at": "2021-06-29T14:24:38.885Z", "updated_at": "2021-06-29T14:24:38.885Z"}}, {"model": "product.product_details", "pk": 880, "fields": {"product": 101, "product_details_property_name": 48, "content": "Plastik", "is_feature": false, "is_detail": false, "is_file": false, "status": true, "created_at": "2021-06-29T14:24:38.886Z", "updated_at": "2021-06-29T14:24:38.886Z"}}, {"model": "product.product_details", "pk": 881, "fields": {"product": 101, "product_details_property_name": 49, "content": "5.0", "is_feature": false, "is_detail": false, "is_file": false, "status": true, "created_at": "2021-06-29T14:24:38.886Z", "updated_at": "2021-06-29T14:24:38.886Z"}}, {"model": "product.product_details", "pk": 882, "fields": {"product": 101, "product_details_property_name": 51, "content": "320 x 240", "is_feature": false, "is_detail": false, "is_file": false, "status": true, "created_at": "2021-06-29T14:24:38.887Z", "updated_at": "2021-06-29T14:24:38.887Z"}}, {"model": "product.product_details", "pk": 883, "fields": {"product": 101, "product_details_property_name": 59, "content": "1 il", "is_feature": false, "is_detail": false, "is_file": false, "status": true, "created_at": "2021-06-29T14:24:38.887Z", "updated_at": "2021-06-29T14:24:38.887Z"}}, {"model": "product.product_details", "pk": 884, "fields": {"product": 102, "product_details_property_name": 25, "content": "Nokia", "is_feature": false, "is_detail": false, "is_file": false, "status": true, "created_at": "2021-06-29T14:50:52.601Z", "updated_at": "2021-06-29T14:50:52.601Z"}}, {"model": "product.product_details", "pk": 885, "fields": {"product": 102, "product_details_property_name": 13, "content": "2014", "is_feature": false, "is_detail": false, "is_file": false, "status": true, "created_at": "2021-06-29T14:50:52.602Z", "updated_at": "2021-06-29T14:50:52.602Z"}}, {"model": "product.product_details", "pk": 886, "fields": {"product": 102, "product_details_property_name": 14, "content": "D\u00fcym\u0259li telefon", "is_feature": false, "is_detail": false, "is_file": false, "status": true, "created_at": "2021-06-29T14:50:52.603Z", "updated_at": "2021-06-29T14:50:52.603Z"}}, {"model": "product.product_details", "pk": 887, "fields": {"product": 102, "product_details_property_name": 16, "content": "TFT", "is_feature": false, "is_detail": false, "is_file": false, "status": true, "created_at": "2021-06-29T14:50:52.603Z", "updated_at": "2021-06-29T14:50:52.603Z"}}, {"model": "product.product_details", "pk": 888, "fields": {"product": 102, "product_details_property_name": 18, "content": "0.30 Mpx", "is_feature": false, "is_detail": false, "is_file": false, "status": true, "created_at": "2021-06-29T14:50:52.604Z", "updated_at": "2021-06-29T14:50:52.604Z"}}, {"model": "product.product_details", "pk": 889, "fields": {"product": 102, "product_details_property_name": 19, "content": "Yox", "is_feature": false, "is_detail": false, "is_file": false, "status": true, "created_at": "2021-06-29T14:50:52.604Z", "updated_at": "2021-06-29T14:50:52.604Z"}}, {"model": "product.product_details", "pk": 890, "fields": {"product": 102, "product_details_property_name": 20, "content": "Yox", "is_feature": false, "is_detail": false, "is_file": false, "status": true, "created_at": "2021-06-29T14:50:52.605Z", "updated_at": "2021-06-29T14:50:52.605Z"}}, {"model": "product.product_details", "pk": 891, "fields": {"product": 102, "product_details_property_name": 22, "content": "128 MB", "is_feature": false, "is_detail": false, "is_file": false, "status": true, "created_at": "2021-06-29T14:50:52.605Z", "updated_at": "2021-06-29T14:50:52.605Z"}}, {"model": "product.product_details", "pk": 892, "fields": {"product": 102, "product_details_property_name": 36, "content": "1150 mAh", "is_feature": false, "is_detail": false, "is_file": false, "status": true, "created_at": "2021-06-29T14:50:52.606Z", "updated_at": "2021-06-29T14:50:52.606Z"}}, {"model": "product.product_details", "pk": 893, "fields": {"product": 102, "product_details_property_name": 37, "content": "90 q", "is_feature": false, "is_detail": false, "is_file": false, "status": true, "created_at": "2021-06-29T14:50:52.606Z", "updated_at": "2021-06-29T14:50:52.606Z"}}, {"model": "product.product_details", "pk": 894, "fields": {"product": 102, "product_details_property_name": 38, "content": "124.7 x 51 x 13.7", "is_feature": false, "is_detail": false, "is_file": false, "status": true, "created_at": "2021-06-29T14:50:52.607Z", "updated_at": "2021-06-29T14:50:52.607Z"}}, {"model": "product.product_details", "pk": 895, "fields": {"product": 102, "product_details_property_name": 39, "content": "mini-SIM", "is_feature": false, "is_detail": false, "is_file": false, "status": true, "created_at": "2021-06-29T14:50:52.607Z", "updated_at": "2021-06-29T14:50:52.607Z"}}, {"model": "product.product_details", "pk": 896, "fields": {"product": 102, "product_details_property_name": 12, "content": "900/1800, 3G, 4G LTE, VoLTE", "is_feature": false, "is_detail": false, "is_file": false, "status": true, "created_at": "2021-06-29T14:50:52.608Z", "updated_at": "2021-06-29T14:50:52.608Z"}}, {"model": "product.product_details", "pk": 897, "fields": {"product": 102, "product_details_property_name": 46, "content": "2", "is_feature": false, "is_detail": false, "is_file": false, "status": true, "created_at": "2021-06-29T14:50:52.608Z", "updated_at": "2021-06-29T14:50:52.608Z"}}, {"model": "product.product_details", "pk": 898, "fields": {"product": 102, "product_details_property_name": 48, "content": "Plastik", "is_feature": false, "is_detail": false, "is_file": false, "status": true, "created_at": "2021-06-29T14:50:52.609Z", "updated_at": "2021-06-29T14:50:52.609Z"}}, {"model": "product.product_details", "pk": 899, "fields": {"product": 102, "product_details_property_name": 49, "content": "5.0", "is_feature": false, "is_detail": false, "is_file": false, "status": true, "created_at": "2021-06-29T14:50:52.609Z", "updated_at": "2021-06-29T14:50:52.609Z"}}, {"model": "product.product_details", "pk": 900, "fields": {"product": 102, "product_details_property_name": 51, "content": "320 x 240", "is_feature": false, "is_detail": false, "is_file": false, "status": true, "created_at": "2021-06-29T14:50:52.610Z", "updated_at": "2021-06-29T14:50:52.610Z"}}, {"model": "product.product_details", "pk": 901, "fields": {"product": 102, "product_details_property_name": 59, "content": "1 il", "is_feature": false, "is_detail": false, "is_file": false, "status": true, "created_at": "2021-06-29T14:50:52.611Z", "updated_at": "2021-06-29T14:50:52.611Z"}}, {"model": "product.product_details", "pk": 902, "fields": {"product": 103, "product_details_property_name": 25, "content": "\u0130PRO", "is_feature": false, "is_detail": false, "is_file": false, "status": true, "created_at": "2021-06-30T06:17:41.323Z", "updated_at": "2021-06-30T06:17:41.323Z"}}, {"model": "product.product_details", "pk": 903, "fields": {"product": 103, "product_details_property_name": 13, "content": "2020", "is_feature": false, "is_detail": false, "is_file": false, "status": true, "created_at": "2021-06-30T06:17:41.324Z", "updated_at": "2021-06-30T06:17:41.324Z"}}, {"model": "product.product_details", "pk": 904, "fields": {"product": 103, "product_details_property_name": 14, "content": "D\u00fcym\u0259li telefon", "is_feature": false, "is_detail": false, "is_file": false, "status": true, "created_at": "2021-06-30T06:17:41.324Z", "updated_at": "2021-06-30T06:17:41.325Z"}}, {"model": "product.product_details", "pk": 905, "fields": {"product": 103, "product_details_property_name": 16, "content": "TFT", "is_feature": false, "is_detail": false, "is_file": false, "status": true, "created_at": "2021-06-30T06:17:41.325Z", "updated_at": "2021-06-30T06:17:41.325Z"}}, {"model": "product.product_details", "pk": 906, "fields": {"product": 103, "product_details_property_name": 18, "content": "0.30 Mpx", "is_feature": false, "is_detail": false, "is_file": false, "status": true, "created_at": "2021-06-30T06:17:41.325Z", "updated_at": "2021-06-30T06:17:41.325Z"}}, {"model": "product.product_details", "pk": 907, "fields": {"product": 103, "product_details_property_name": 19, "content": "Yox", "is_feature": false, "is_detail": false, "is_file": false, "status": true, "created_at": "2021-06-30T06:17:41.326Z", "updated_at": "2021-06-30T06:17:41.326Z"}}, {"model": "product.product_details", "pk": 908, "fields": {"product": 103, "product_details_property_name": 20, "content": "Yox", "is_feature": false, "is_detail": false, "is_file": false, "status": true, "created_at": "2021-06-30T06:17:41.327Z", "updated_at": "2021-06-30T06:17:41.327Z"}}, {"model": "product.product_details", "pk": 909, "fields": {"product": 103, "product_details_property_name": 21, "content": "Yox", "is_feature": false, "is_detail": false, "is_file": false, "status": true, "created_at": "2021-06-30T06:17:41.327Z", "updated_at": "2021-06-30T06:17:41.327Z"}}, {"model": "product.product_details", "pk": 910, "fields": {"product": 103, "product_details_property_name": 22, "content": "16 MB", "is_feature": false, "is_detail": false, "is_file": false, "status": true, "created_at": "2021-06-30T06:17:41.328Z", "updated_at": "2021-06-30T06:17:41.328Z"}}, {"model": "product.product_details", "pk": 911, "fields": {"product": 103, "product_details_property_name": 23, "content": "32 MB", "is_feature": false, "is_detail": false, "is_file": false, "status": true, "created_at": "2021-06-30T06:17:41.328Z", "updated_at": "2021-06-30T06:17:41.328Z"}}, {"model": "product.product_details", "pk": 912, "fields": {"product": 103, "product_details_property_name": 24, "content": "Var", "is_feature": false, "is_detail": false, "is_file": false, "status": true, "created_at": "2021-06-30T06:17:41.329Z", "updated_at": "2021-06-30T06:17:41.329Z"}}, {"model": "product.product_details", "pk": 913, "fields": {"product": 103, "product_details_property_name": 36, "content": "600 (mAh)", "is_feature": false, "is_detail": false, "is_file": false, "status": true, "created_at": "2021-06-30T06:17:41.329Z", "updated_at": "2021-06-30T06:17:41.329Z"}}, {"model": "product.product_details", "pk": 914, "fields": {"product": 103, "product_details_property_name": 37, "content": "134 q", "is_feature": false, "is_detail": false, "is_file": false, "status": true, "created_at": "2021-06-30T06:17:41.329Z", "updated_at": "2021-06-30T06:17:41.329Z"}}, {"model": "product.product_details", "pk": 915, "fields": {"product": 103, "product_details_property_name": 38, "content": "6.7 x 5.1 x 11.7 mm", "is_feature": false, "is_detail": false, "is_file": false, "status": true, "created_at": "2021-06-30T06:17:41.330Z", "updated_at": "2021-06-30T06:17:41.330Z"}}, {"model": "product.product_details", "pk": 916, "fields": {"product": 103, "product_details_property_name": 39, "content": "Micro SIM", "is_feature": false, "is_detail": false, "is_file": false, "status": true, "created_at": "2021-06-30T06:17:41.331Z", "updated_at": "2021-06-30T06:17:41.331Z"}}, {"model": "product.product_details", "pk": 917, "fields": {"product": 103, "product_details_property_name": 40, "content": "Yox", "is_feature": false, "is_detail": false, "is_file": false, "status": true, "created_at": "2021-06-30T06:17:41.331Z", "updated_at": "2021-06-30T06:17:41.331Z"}}, {"model": "product.product_details", "pk": 918, "fields": {"product": 103, "product_details_property_name": 42, "content": "Yox", "is_feature": false, "is_detail": false, "is_file": false, "status": true, "created_at": "2021-06-30T06:17:41.332Z", "updated_at": "2021-06-30T06:17:41.332Z"}}, {"model": "product.product_details", "pk": 919, "fields": {"product": 103, "product_details_property_name": 43, "content": "Yox", "is_feature": false, "is_detail": false, "is_file": false, "status": true, "created_at": "2021-06-30T06:17:41.332Z", "updated_at": "2021-06-30T06:17:41.332Z"}}, {"model": "product.product_details", "pk": 920, "fields": {"product": 103, "product_details_property_name": 12, "content": "2G", "is_feature": false, "is_detail": false, "is_file": false, "status": true, "created_at": "2021-06-30T06:17:41.333Z", "updated_at": "2021-06-30T06:17:41.333Z"}}, {"model": "product.product_details", "pk": 921, "fields": {"product": 103, "product_details_property_name": 44, "content": "Yox", "is_feature": false, "is_detail": false, "is_file": false, "status": true, "created_at": "2021-06-30T06:17:41.333Z", "updated_at": "2021-06-30T06:17:41.333Z"}}, {"model": "product.product_details", "pk": 922, "fields": {"product": 103, "product_details_property_name": 45, "content": "Yox", "is_feature": false, "is_detail": false, "is_file": false, "status": true, "created_at": "2021-06-30T06:17:41.333Z", "updated_at": "2021-06-30T06:17:41.333Z"}}, {"model": "product.product_details", "pk": 923, "fields": {"product": 103, "product_details_property_name": 46, "content": "2", "is_feature": false, "is_detail": false, "is_file": false, "status": true, "created_at": "2021-06-30T06:17:41.334Z", "updated_at": "2021-06-30T06:17:41.334Z"}}, {"model": "product.product_details", "pk": 924, "fields": {"product": 103, "product_details_property_name": 48, "content": "Plastik", "is_feature": false, "is_detail": false, "is_file": false, "status": true, "created_at": "2021-06-30T06:17:41.335Z", "updated_at": "2021-06-30T06:17:41.335Z"}}, {"model": "product.product_details", "pk": 925, "fields": {"product": 103, "product_details_property_name": 49, "content": "Yox", "is_feature": false, "is_detail": false, "is_file": false, "status": true, "created_at": "2021-06-30T06:17:41.335Z", "updated_at": "2021-06-30T06:17:41.335Z"}}, {"model": "product.product_details", "pk": 926, "fields": {"product": 103, "product_details_property_name": 50, "content": "TFT", "is_feature": false, "is_detail": false, "is_file": false, "status": true, "created_at": "2021-06-30T06:17:41.336Z", "updated_at": "2021-06-30T06:17:41.336Z"}}, {"model": "product.product_details", "pk": 927, "fields": {"product": 103, "product_details_property_name": 51, "content": "176x220", "is_feature": false, "is_detail": false, "is_file": false, "status": true, "created_at": "2021-06-30T06:17:41.336Z", "updated_at": "2021-06-30T06:17:41.336Z"}}, {"model": "product.product_details", "pk": 928, "fields": {"product": 103, "product_details_property_name": 52, "content": "Yox", "is_feature": false, "is_detail": false, "is_file": false, "status": true, "created_at": "2021-06-30T06:17:41.336Z", "updated_at": "2021-06-30T06:17:41.336Z"}}, {"model": "product.product_details", "pk": 929, "fields": {"product": 103, "product_details_property_name": 59, "content": "1 il", "is_feature": false, "is_detail": false, "is_file": false, "status": true, "created_at": "2021-06-30T06:17:41.337Z", "updated_at": "2021-06-30T06:17:41.337Z"}}, {"model": "product.product_details", "pk": 930, "fields": {"product": 104, "product_details_property_name": 25, "content": "Philips", "is_feature": false, "is_detail": false, "is_file": false, "status": true, "created_at": "2021-06-30T06:45:52.146Z", "updated_at": "2021-06-30T06:45:52.146Z"}}, {"model": "product.product_details", "pk": 931, "fields": {"product": 104, "product_details_property_name": 14, "content": "D\u00fcym\u0259li telefon", "is_feature": false, "is_detail": false, "is_file": false, "status": true, "created_at": "2021-06-30T06:45:52.147Z", "updated_at": "2021-06-30T06:45:52.147Z"}}, {"model": "product.product_details", "pk": 932, "fields": {"product": 104, "product_details_property_name": 16, "content": "1.77\"", "is_feature": false, "is_detail": false, "is_file": false, "status": true, "created_at": "2021-06-30T06:45:52.148Z", "updated_at": "2021-06-30T06:45:52.148Z"}}, {"model": "product.product_details", "pk": 933, "fields": {"product": 104, "product_details_property_name": 51, "content": "160 x 128 px", "is_feature": false, "is_detail": false, "is_file": false, "status": true, "created_at": "2021-06-30T06:45:52.148Z", "updated_at": "2021-06-30T06:45:52.148Z"}}, {"model": "product.product_details", "pk": 934, "fields": {"product": 104, "product_details_property_name": 23, "content": "32 MB", "is_feature": false, "is_detail": false, "is_file": false, "status": true, "created_at": "2021-06-30T06:45:52.149Z", "updated_at": "2021-06-30T06:45:52.149Z"}}, {"model": "product.product_details", "pk": 935, "fields": {"product": 104, "product_details_property_name": 12, "content": "GSM", "is_feature": false, "is_detail": false, "is_file": false, "status": true, "created_at": "2021-06-30T06:45:52.149Z", "updated_at": "2021-06-30T06:45:52.149Z"}}, {"model": "product.product_details", "pk": 936, "fields": {"product": 104, "product_details_property_name": 46, "content": "2", "is_feature": false, "is_detail": false, "is_file": false, "status": true, "created_at": "2021-06-30T06:45:52.150Z", "updated_at": "2021-06-30T06:45:52.150Z"}}, {"model": "product.product_details", "pk": 937, "fields": {"product": 104, "product_details_property_name": 36, "content": "2000 mAh", "is_feature": false, "is_detail": false, "is_file": false, "status": true, "created_at": "2021-06-30T06:45:52.150Z", "updated_at": "2021-06-30T06:45:52.150Z"}}, {"model": "product.product_details", "pk": 938, "fields": {"product": 104, "product_details_property_name": 38, "content": "48.5 x 117 x 15.6 mm", "is_feature": false, "is_detail": false, "is_file": false, "status": true, "created_at": "2021-06-30T06:45:52.151Z", "updated_at": "2021-06-30T06:45:52.151Z"}}, {"model": "product.product_details", "pk": 939, "fields": {"product": 104, "product_details_property_name": 37, "content": "91 q", "is_feature": false, "is_detail": false, "is_file": false, "status": true, "created_at": "2021-06-30T06:45:52.151Z", "updated_at": "2021-06-30T06:45:52.151Z"}}, {"model": "product.product_details", "pk": 940, "fields": {"product": 104, "product_details_property_name": 59, "content": "1 \u0130l", "is_feature": false, "is_detail": false, "is_file": false, "status": true, "created_at": "2021-06-30T06:45:52.152Z", "updated_at": "2021-06-30T06:45:52.152Z"}}, {"model": "product.product_details", "pk": 941, "fields": {"product": 105, "product_details_property_name": 25, "content": "Philips", "is_feature": false, "is_detail": false, "is_file": false, "status": true, "created_at": "2021-06-30T13:28:19.925Z", "updated_at": "2021-06-30T13:28:19.925Z"}}, {"model": "product.product_details", "pk": 942, "fields": {"product": 105, "product_details_property_name": 14, "content": "D\u00fcym\u0259li telefon", "is_feature": false, "is_detail": false, "is_file": false, "status": true, "created_at": "2021-06-30T13:28:19.926Z", "updated_at": "2021-06-30T13:28:19.926Z"}}, {"model": "product.product_details", "pk": 943, "fields": {"product": 105, "product_details_property_name": 16, "content": "1.77\"", "is_feature": false, "is_detail": false, "is_file": false, "status": true, "created_at": "2021-06-30T13:28:19.927Z", "updated_at": "2021-06-30T13:28:19.927Z"}}, {"model": "product.product_details", "pk": 944, "fields": {"product": 105, "product_details_property_name": 51, "content": "160 x 128 px", "is_feature": false, "is_detail": false, "is_file": false, "status": true, "created_at": "2021-06-30T13:28:19.928Z", "updated_at": "2021-06-30T13:28:19.928Z"}}, {"model": "product.product_details", "pk": 945, "fields": {"product": 105, "product_details_property_name": 23, "content": "32 MB", "is_feature": false, "is_detail": false, "is_file": false, "status": true, "created_at": "2021-06-30T13:28:19.928Z", "updated_at": "2021-06-30T13:28:19.928Z"}}, {"model": "product.product_details", "pk": 946, "fields": {"product": 105, "product_details_property_name": 12, "content": "GSM", "is_feature": false, "is_detail": false, "is_file": false, "status": true, "created_at": "2021-06-30T13:28:19.929Z", "updated_at": "2021-06-30T13:28:19.929Z"}}, {"model": "product.product_details", "pk": 947, "fields": {"product": 105, "product_details_property_name": 46, "content": "2", "is_feature": false, "is_detail": false, "is_file": false, "status": true, "created_at": "2021-06-30T13:28:19.929Z", "updated_at": "2021-06-30T13:28:19.929Z"}}, {"model": "product.product_details", "pk": 948, "fields": {"product": 105, "product_details_property_name": 36, "content": "1020 mAh", "is_feature": false, "is_detail": false, "is_file": false, "status": true, "created_at": "2021-06-30T13:28:19.930Z", "updated_at": "2021-06-30T13:28:19.930Z"}}, {"model": "product.product_details", "pk": 949, "fields": {"product": 105, "product_details_property_name": 38, "content": "46.6 x 108.6 x 17.2 mm", "is_feature": false, "is_detail": false, "is_file": false, "status": true, "created_at": "2021-06-30T13:28:19.930Z", "updated_at": "2021-06-30T13:28:19.930Z"}}, {"model": "product.product_details", "pk": 950, "fields": {"product": 105, "product_details_property_name": 37, "content": "76 q", "is_feature": false, "is_detail": false, "is_file": false, "status": true, "created_at": "2021-06-30T13:28:19.931Z", "updated_at": "2021-06-30T13:28:19.931Z"}}, {"model": "product.product_details", "pk": 951, "fields": {"product": 105, "product_details_property_name": 59, "content": "1 \u0130l", "is_feature": false, "is_detail": false, "is_file": false, "status": true, "created_at": "2021-06-30T13:28:19.931Z", "updated_at": "2021-06-30T13:28:19.931Z"}}, {"model": "product.product_details", "pk": 952, "fields": {"product": 106, "product_details_property_name": 25, "content": "Nokia", "is_feature": false, "is_detail": false, "is_file": false, "status": true, "created_at": "2021-06-30T14:36:14.956Z", "updated_at": "2021-06-30T14:36:14.956Z"}}, {"model": "product.product_details", "pk": 953, "fields": {"product": 106, "product_details_property_name": 14, "content": "D\u00fcym\u0259li telefon", "is_feature": false, "is_detail": false, "is_file": false, "status": true, "created_at": "2021-06-30T14:36:14.957Z", "updated_at": "2021-06-30T14:36:14.957Z"}}, {"model": "product.product_details", "pk": 954, "fields": {"product": 106, "product_details_property_name": 16, "content": "2.8\"", "is_feature": false, "is_detail": false, "is_file": false, "status": true, "created_at": "2021-06-30T14:36:14.957Z", "updated_at": "2021-06-30T14:36:14.957Z"}}, {"model": "product.product_details", "pk": 955, "fields": {"product": 106, "product_details_property_name": 51, "content": "240 x 320 px", "is_feature": false, "is_detail": false, "is_file": false, "status": true, "created_at": "2021-06-30T14:36:14.958Z", "updated_at": "2021-06-30T14:36:14.958Z"}}, {"model": "product.product_details", "pk": 956, "fields": {"product": 106, "product_details_property_name": 23, "content": "4 GB", "is_feature": false, "is_detail": false, "is_file": false, "status": true, "created_at": "2021-06-30T14:36:14.958Z", "updated_at": "2021-06-30T14:36:14.958Z"}}, {"model": "product.product_details", "pk": 957, "fields": {"product": 106, "product_details_property_name": 12, "content": "GSM / HSPA / LTE", "is_feature": false, "is_detail": false, "is_file": false, "status": true, "created_at": "2021-06-30T14:36:14.959Z", "updated_at": "2021-06-30T14:36:14.959Z"}}, {"model": "product.product_details", "pk": 958, "fields": {"product": 106, "product_details_property_name": 46, "content": "2", "is_feature": false, "is_detail": false, "is_file": false, "status": true, "created_at": "2021-06-30T14:36:14.959Z", "updated_at": "2021-06-30T14:36:14.959Z"}}, {"model": "product.product_details", "pk": 959, "fields": {"product": 106, "product_details_property_name": 36, "content": "1500 mAh", "is_feature": false, "is_detail": false, "is_file": false, "status": true, "created_at": "2021-06-30T14:36:14.960Z", "updated_at": "2021-06-30T14:36:14.960Z"}}, {"model": "product.product_details", "pk": 960, "fields": {"product": 106, "product_details_property_name": 38, "content": "192.7 x 54.5 x 11.6 mm", "is_feature": false, "is_detail": false, "is_file": false, "status": true, "created_at": "2021-06-30T14:36:14.960Z", "updated_at": "2021-06-30T14:36:14.960Z"}}, {"model": "product.product_details", "pk": 961, "fields": {"product": 106, "product_details_property_name": 37, "content": "118 q", "is_feature": false, "is_detail": false, "is_file": false, "status": true, "created_at": "2021-06-30T14:36:14.961Z", "updated_at": "2021-06-30T14:36:14.961Z"}}, {"model": "product.product_details", "pk": 962, "fields": {"product": 106, "product_details_property_name": 18, "content": "2 mpx", "is_feature": false, "is_detail": false, "is_file": false, "status": true, "created_at": "2021-06-30T14:36:14.961Z", "updated_at": "2021-06-30T14:36:14.961Z"}}, {"model": "product.product_details", "pk": 963, "fields": {"product": 106, "product_details_property_name": 20, "content": "Var", "is_feature": false, "is_detail": false, "is_file": false, "status": true, "created_at": "2021-06-30T14:36:14.962Z", "updated_at": "2021-06-30T14:36:14.962Z"}}, {"model": "product.product_details", "pk": 964, "fields": {"product": 106, "product_details_property_name": 13, "content": "2019", "is_feature": false, "is_detail": false, "is_file": false, "status": true, "created_at": "2021-06-30T14:36:14.962Z", "updated_at": "2021-06-30T14:36:14.962Z"}}, {"model": "product.product_details", "pk": 965, "fields": {"product": 106, "product_details_property_name": 59, "content": "1 il", "is_feature": false, "is_detail": false, "is_file": false, "status": true, "created_at": "2021-06-30T14:36:14.963Z", "updated_at": "2021-06-30T14:36:14.963Z"}}, {"model": "product.product_details", "pk": 966, "fields": {"product": 107, "product_details_property_name": 25, "content": "Nokia", "is_feature": false, "is_detail": false, "is_file": false, "status": true, "created_at": "2021-06-30T15:16:10.258Z", "updated_at": "2021-06-30T15:16:10.258Z"}}, {"model": "product.product_details", "pk": 967, "fields": {"product": 107, "product_details_property_name": 13, "content": "2017", "is_feature": false, "is_detail": false, "is_file": false, "status": true, "created_at": "2021-06-30T15:16:10.259Z", "updated_at": "2021-06-30T15:16:10.259Z"}}, {"model": "product.product_details", "pk": 968, "fields": {"product": 107, "product_details_property_name": 14, "content": "D\u00fcym\u0259li telefon", "is_feature": false, "is_detail": false, "is_file": false, "status": true, "created_at": "2021-06-30T15:16:10.259Z", "updated_at": "2021-06-30T15:16:10.259Z"}}, {"model": "product.product_details", "pk": 969, "fields": {"product": 107, "product_details_property_name": 28, "content": "2.4", "is_feature": false, "is_detail": false, "is_file": false, "status": true, "created_at": "2021-06-30T15:16:10.260Z", "updated_at": "2021-06-30T15:16:10.260Z"}}, {"model": "product.product_details", "pk": 970, "fields": {"product": 107, "product_details_property_name": 29, "content": "240 x 320", "is_feature": false, "is_detail": false, "is_file": false, "status": true, "created_at": "2021-06-30T15:16:10.260Z", "updated_at": "2021-06-30T15:16:10.260Z"}}, {"model": "product.product_details", "pk": 971, "fields": {"product": 107, "product_details_property_name": 18, "content": "2 MP, LED flash", "is_feature": false, "is_detail": false, "is_file": false, "status": true, "created_at": "2021-06-30T15:16:10.261Z", "updated_at": "2021-06-30T15:16:10.261Z"}}, {"model": "product.product_details", "pk": 972, "fields": {"product": 107, "product_details_property_name": 22, "content": "16 MB", "is_feature": false, "is_detail": false, "is_file": false, "status": true, "created_at": "2021-06-30T15:16:10.261Z", "updated_at": "2021-06-30T15:16:10.261Z"}}, {"model": "product.product_details", "pk": 973, "fields": {"product": 107, "product_details_property_name": 39, "content": "Mini-SIM", "is_feature": false, "is_detail": false, "is_file": false, "status": true, "created_at": "2021-06-30T15:16:10.262Z", "updated_at": "2021-06-30T15:16:10.262Z"}}, {"model": "product.product_details", "pk": 974, "fields": {"product": 107, "product_details_property_name": 46, "content": "2", "is_feature": false, "is_detail": false, "is_file": false, "status": true, "created_at": "2021-06-30T15:16:10.262Z", "updated_at": "2021-06-30T15:16:10.262Z"}}, {"model": "product.product_details", "pk": 975, "fields": {"product": 107, "product_details_property_name": 49, "content": "3.0, A2DP", "is_feature": false, "is_detail": false, "is_file": false, "status": true, "created_at": "2021-06-30T15:16:10.263Z", "updated_at": "2021-06-30T15:16:10.263Z"}}, {"model": "product.product_details", "pk": 976, "fields": {"product": 107, "product_details_property_name": 36, "content": "1200", "is_feature": false, "is_detail": false, "is_file": false, "status": true, "created_at": "2021-06-30T15:16:10.263Z", "updated_at": "2021-06-30T15:16:10.263Z"}}, {"model": "product.product_details", "pk": 977, "fields": {"product": 107, "product_details_property_name": 38, "content": "115.6 x 51 x 12.8", "is_feature": false, "is_detail": false, "is_file": false, "status": true, "created_at": "2021-06-30T15:16:10.264Z", "updated_at": "2021-06-30T15:16:10.264Z"}}, {"model": "product.product_details", "pk": 978, "fields": {"product": 107, "product_details_property_name": 59, "content": "1 il", "is_feature": false, "is_detail": false, "is_file": false, "status": true, "created_at": "2021-06-30T15:16:10.264Z", "updated_at": "2021-06-30T15:16:10.264Z"}}, {"model": "product.product_details", "pk": 979, "fields": {"product": 108, "product_details_property_name": 25, "content": "Nokia", "is_feature": false, "is_detail": false, "is_file": false, "status": true, "created_at": "2021-06-30T15:59:36.697Z", "updated_at": "2021-06-30T15:59:36.697Z"}}, {"model": "product.product_details", "pk": 980, "fields": {"product": 108, "product_details_property_name": 13, "content": "2015", "is_feature": false, "is_detail": false, "is_file": false, "status": true, "created_at": "2021-06-30T15:59:36.698Z", "updated_at": "2021-06-30T15:59:36.698Z"}}, {"model": "product.product_details", "pk": 981, "fields": {"product": 108, "product_details_property_name": 14, "content": "D\u00fcym\u0259li telefon", "is_feature": false, "is_detail": false, "is_file": false, "status": true, "created_at": "2021-06-30T15:59:36.699Z", "updated_at": "2021-06-30T15:59:36.699Z"}}, {"model": "product.product_details", "pk": 982, "fields": {"product": 108, "product_details_property_name": 28, "content": "2.8", "is_feature": false, "is_detail": false, "is_file": false, "status": true, "created_at": "2021-06-30T15:59:36.699Z", "updated_at": "2021-06-30T15:59:36.699Z"}}, {"model": "product.product_details", "pk": 983, "fields": {"product": 108, "product_details_property_name": 29, "content": "QVGA (320 x 240)", "is_feature": false, "is_detail": false, "is_file": false, "status": true, "created_at": "2021-06-30T15:59:36.700Z", "updated_at": "2021-06-30T15:59:36.700Z"}}, {"model": "product.product_details", "pk": 984, "fields": {"product": 108, "product_details_property_name": 18, "content": "2 Mp, LED", "is_feature": false, "is_detail": false, "is_file": false, "status": true, "created_at": "2021-06-30T15:59:36.700Z", "updated_at": "2021-06-30T15:59:36.700Z"}}, {"model": "product.product_details", "pk": 985, "fields": {"product": 108, "product_details_property_name": 22, "content": "32 Mb", "is_feature": false, "is_detail": false, "is_file": false, "status": true, "created_at": "2021-06-30T15:59:36.701Z", "updated_at": "2021-06-30T15:59:36.701Z"}}, {"model": "product.product_details", "pk": 986, "fields": {"product": 108, "product_details_property_name": 39, "content": "Mini-SIM", "is_feature": false, "is_detail": false, "is_file": false, "status": true, "created_at": "2021-06-30T15:59:36.701Z", "updated_at": "2021-06-30T15:59:36.701Z"}}, {"model": "product.product_details", "pk": 987, "fields": {"product": 108, "product_details_property_name": 46, "content": "2", "is_feature": false, "is_detail": false, "is_file": false, "status": true, "created_at": "2021-06-30T15:59:36.702Z", "updated_at": "2021-06-30T15:59:36.702Z"}}, {"model": "product.product_details", "pk": 988, "fields": {"product": 108, "product_details_property_name": 49, "content": "v3.0, A2DP", "is_feature": false, "is_detail": false, "is_file": false, "status": true, "created_at": "2021-06-30T15:59:36.702Z", "updated_at": "2021-06-30T15:59:36.702Z"}}, {"model": "product.product_details", "pk": 989, "fields": {"product": 108, "product_details_property_name": 36, "content": "1200", "is_feature": false, "is_detail": false, "is_file": false, "status": true, "created_at": "2021-06-30T15:59:36.703Z", "updated_at": "2021-06-30T15:59:36.703Z"}}, {"model": "product.product_details", "pk": 990, "fields": {"product": 108, "product_details_property_name": 38, "content": "124.6 x 53.4 x 10.9", "is_feature": false, "is_detail": false, "is_file": false, "status": true, "created_at": "2021-06-30T15:59:36.703Z", "updated_at": "2021-06-30T15:59:36.703Z"}}, {"model": "product.product_details", "pk": 991, "fields": {"product": 108, "product_details_property_name": 37, "content": "91.8 q", "is_feature": false, "is_detail": false, "is_file": false, "status": true, "created_at": "2021-06-30T15:59:36.704Z", "updated_at": "2021-06-30T15:59:36.704Z"}}, {"model": "product.product_details", "pk": 992, "fields": {"product": 108, "product_details_property_name": 59, "content": "1 il", "is_feature": false, "is_detail": false, "is_file": false, "status": true, "created_at": "2021-06-30T15:59:36.704Z", "updated_at": "2021-06-30T15:59:36.704Z"}}, {"model": "product.product_details_property_name", "pk": 12, "fields": {"title": "\u015e\u0259b\u0259k\u0259", "status": true, "created_at": "2021-02-23T07:30:42.183Z", "updated_at": "2021-06-28T12:52:07.435Z"}}, {"model": "product.product_details_property_name", "pk": 13, "fields": {"title": "\u0130stehsal ili", "status": true, "created_at": "2021-02-23T07:30:49.151Z", "updated_at": "2021-06-28T11:43:43.812Z"}}, {"model": "product.product_details_property_name", "pk": 14, "fields": {"title": "N\u00f6v", "status": true, "created_at": "2021-03-04T19:52:53.701Z", "updated_at": "2021-06-28T11:44:51.429Z"}}, {"model": "product.product_details_property_name", "pk": 16, "fields": {"title": "Ekran", "status": true, "created_at": "2021-03-04T19:54:46.208Z", "updated_at": "2021-06-28T11:45:18.319Z"}}, {"model": "product.product_details_property_name", "pk": 17, "fields": {"title": "G\u00f6r\u00fcnt\u00fc imkanlar\u0131", "status": true, "created_at": "2021-03-04T19:55:35.930Z", "updated_at": "2021-06-28T12:59:45.917Z"}}, {"model": "product.product_details_property_name", "pk": 18, "fields": {"title": "\u018fsas kamera", "status": true, "created_at": "2021-03-04T19:55:46.416Z", "updated_at": "2021-06-28T11:46:38.453Z"}}, {"model": "product.product_details_property_name", "pk": 19, "fields": {"title": "\u00d6n kamera", "status": true, "created_at": "2021-03-04T19:56:04.530Z", "updated_at": "2021-06-28T11:47:09.732Z"}}, {"model": "product.product_details_property_name", "pk": 20, "fields": {"title": "Wi-Fi", "status": true, "created_at": "2021-03-04T19:56:18.122Z", "updated_at": "2021-06-28T11:47:28.185Z"}}, {"model": "product.product_details_property_name", "pk": 21, "fields": {"title": "NFC", "status": true, "created_at": "2021-03-04T19:56:31.422Z", "updated_at": "2021-06-28T11:47:44.113Z"}}, {"model": "product.product_details_property_name", "pk": 22, "fields": {"title": "Daxili yadda\u015f", "status": true, "created_at": "2021-03-04T20:04:14.052Z", "updated_at": "2021-06-28T11:48:03.817Z"}}, {"model": "product.product_details_property_name", "pk": 23, "fields": {"title": "Operativ Yadda\u015f", "status": true, "created_at": "2021-03-04T20:04:39.510Z", "updated_at": "2021-06-28T11:48:24.250Z"}}, {"model": "product.product_details_property_name", "pk": 24, "fields": {"title": "Video imkanlar\u0131", "status": true, "created_at": "2021-03-04T20:04:56.574Z", "updated_at": "2021-06-28T12:42:05.559Z"}}, {"model": "product.product_details_property_name", "pk": 25, "fields": {"title": "\u0130stehsal\u00e7\u0131", "status": true, "created_at": "2021-03-04T20:05:20.115Z", "updated_at": "2021-06-28T12:44:05.414Z"}}, {"model": "product.product_details_property_name", "pk": 26, "fields": {"title": "\u0130stehsal ili", "status": true, "created_at": "2021-03-04T20:06:18.707Z", "updated_at": "2021-06-28T12:44:52.249Z"}}, {"model": "product.product_details_property_name", "pk": 27, "fields": {"title": "N\u00f6v", "status": true, "created_at": "2021-03-04T20:06:33.540Z", "updated_at": "2021-06-28T12:45:06.460Z"}}, {"model": "product.product_details_property_name", "pk": 28, "fields": {"title": "Ekran", "status": true, "created_at": "2021-03-04T20:06:48.603Z", "updated_at": "2021-06-28T12:45:19.991Z"}}, {"model": "product.product_details_property_name", "pk": 29, "fields": {"title": "G\u00f6r\u00fcnt\u00fc imkanlar\u0131", "status": true, "created_at": "2021-03-04T20:06:59.232Z", "updated_at": "2021-06-28T12:47:05.890Z"}}, {"model": "product.product_details_property_name", "pk": 30, "fields": {"title": "\u018fsas kamera", "status": true, "created_at": "2021-03-04T20:07:10.403Z", "updated_at": "2021-06-28T12:47:22.946Z"}}, {"model": "product.product_details_property_name", "pk": 31, "fields": {"title": "\u00d6n kamera", "status": true, "created_at": "2021-03-04T20:07:20.565Z", "updated_at": "2021-06-28T12:47:41.895Z"}}, {"model": "product.product_details_property_name", "pk": 32, "fields": {"title": "Wi-Fi", "status": true, "created_at": "2021-03-04T20:07:35.336Z", "updated_at": "2021-06-28T12:47:59.276Z"}}, {"model": "product.product_details_property_name", "pk": 33, "fields": {"title": "NFC", "status": true, "created_at": "2021-03-04T20:07:49.176Z", "updated_at": "2021-06-28T12:48:09.881Z"}}, {"model": "product.product_details_property_name", "pk": 34, "fields": {"title": "Daxili yadda\u015f", "status": true, "created_at": "2021-03-04T20:07:57.941Z", "updated_at": "2021-06-28T12:48:24.489Z"}}, {"model": "product.product_details_property_name", "pk": 35, "fields": {"title": "Operativ Yadda\u015f", "status": true, "created_at": "2021-03-04T23:22:25.745Z", "updated_at": "2021-06-28T12:48:35.242Z"}}, {"model": "product.product_details_property_name", "pk": 36, "fields": {"title": "Batareya", "status": true, "created_at": "2021-03-04T23:22:41.142Z", "updated_at": "2021-06-28T12:48:47.257Z"}}, {"model": "product.product_details_property_name", "pk": 37, "fields": {"title": "\u00c7\u0259kisi", "status": true, "created_at": "2021-03-04T23:22:52.146Z", "updated_at": "2021-06-28T12:48:59.432Z"}}, {"model": "product.product_details_property_name", "pk": 38, "fields": {"title": "\u00d6l\u00e7\u00fcl\u0259ri", "status": true, "created_at": "2021-03-04T23:23:03.548Z", "updated_at": "2021-06-28T12:49:22.645Z"}}, {"model": "product.product_details_property_name", "pk": 39, "fields": {"title": "Sim kart", "status": true, "created_at": "2021-03-04T23:56:35.667Z", "updated_at": "2021-06-28T12:49:37.409Z"}}, {"model": "product.product_details_property_name", "pk": 40, "fields": {"title": "\u018fm\u0259liyyat sistemi", "status": true, "created_at": "2021-03-04T23:56:50.179Z", "updated_at": "2021-06-28T12:49:57.892Z"}}, {"model": "product.product_details_property_name", "pk": 41, "fields": {"title": "\u018fm\u0259liyyat sistemi versiyas\u0131", "status": true, "created_at": "2021-03-04T23:57:02.536Z", "updated_at": "2021-06-28T12:50:49.717Z"}}, {"model": "product.product_details_property_name", "pk": 42, "fields": {"title": "Barmaq izi oxuyucu", "status": true, "created_at": "2021-03-04T23:57:15.454Z", "updated_at": "2021-06-28T12:51:05.416Z"}}, {"model": "product.product_details_property_name", "pk": 43, "fields": {"title": "Z\u0259rb\u0259y\u0259davaml\u0131", "status": true, "created_at": "2021-04-27T12:32:10.346Z", "updated_at": "2021-06-28T12:51:53.528Z"}}, {"model": "product.product_details_property_name", "pk": 44, "fields": {"title": "\u00dcz tan\u0131ma", "status": true, "created_at": "2021-06-28T12:52:55.546Z", "updated_at": "2021-06-28T12:52:55.546Z"}}, {"model": "product.product_details_property_name", "pk": 45, "fields": {"title": "Prosessorun n\u00f6v\u00fc", "status": true, "created_at": "2021-06-28T12:53:05.511Z", "updated_at": "2021-06-28T12:53:05.511Z"}}, {"model": "product.product_details_property_name", "pk": 46, "fields": {"title": "SIM kartlar\u0131n say\u0131", "status": true, "created_at": "2021-06-28T12:53:15.988Z", "updated_at": "2021-06-28T12:53:15.988Z"}}, {"model": "product.product_details_property_name", "pk": 47, "fields": {"title": "S\u00fcr\u0259tli enerji y\u0131\u011fma", "status": true, "created_at": "2021-06-28T12:53:29.408Z", "updated_at": "2021-06-28T12:53:29.408Z"}}, {"model": "product.product_details_property_name", "pk": 48, "fields": {"title": "Korpusun material\u0131", "status": true, "created_at": "2021-06-28T12:53:46.489Z", "updated_at": "2021-06-28T12:53:46.489Z"}}, {"model": "product.product_details_property_name", "pk": 49, "fields": {"title": "Bluetooth", "status": true, "created_at": "2021-06-28T12:53:57.058Z", "updated_at": "2021-06-28T12:53:57.058Z"}}, {"model": "product.product_details_property_name", "pk": 50, "fields": {"title": "Displey n\u00f6v\u00fc", "status": true, "created_at": "2021-06-28T12:54:06.463Z", "updated_at": "2021-06-28T12:54:06.463Z"}}, {"model": "product.product_details_property_name", "pk": 51, "fields": {"title": "Ekran g\u00f6r\u00fcnt\u00fcs\u00fc", "status": true, "created_at": "2021-06-28T12:54:14.553Z", "updated_at": "2021-06-28T12:54:14.553Z"}}, {"model": "product.product_details_property_name", "pk": 52, "fields": {"title": "Simsiz enerji", "status": true, "created_at": "2021-06-28T12:54:24.760Z", "updated_at": "2021-06-28T12:54:24.760Z"}}, {"model": "product.product_details_property_name", "pk": 53, "fields": {"title": "\u00d6n fl\u0259\u015f", "status": true, "created_at": "2021-06-28T12:54:37.621Z", "updated_at": "2021-06-28T12:54:37.621Z"}}, {"model": "product.product_details_property_name", "pk": 54, "fields": {"title": "Qorunma d\u0259r\u0259c\u0259si", "status": true, "created_at": "2021-06-28T12:54:50.281Z", "updated_at": "2021-06-28T12:54:50.281Z"}}, {"model": "product.product_details_property_name", "pk": 55, "fields": {"title": "GPS", "status": true, "created_at": "2021-06-28T12:55:02.756Z", "updated_at": "2021-06-28T12:55:02.756Z"}}, {"model": "product.product_details_property_name", "pk": 56, "fields": {"title": "N\u00fcv\u0259 say\u0131", "status": true, "created_at": "2021-06-28T12:55:12.762Z", "updated_at": "2021-06-28T12:55:12.762Z"}}, {"model": "product.product_details_property_name", "pk": 57, "fields": {"title": "Prosessorun ad\u0131", "status": true, "created_at": "2021-06-28T12:55:47.093Z", "updated_at": "2021-06-28T12:55:47.093Z"}}, {"model": "product.product_details_property_name", "pk": 58, "fields": {"title": "Komplektasiya", "status": true, "created_at": "2021-06-28T12:56:02.020Z", "updated_at": "2021-06-28T12:56:02.020Z"}}, {"model": "product.product_details_property_name", "pk": 59, "fields": {"title": "Z\u0259man\u0259t", "status": true, "created_at": "2021-06-28T12:56:12.035Z", "updated_at": "2021-06-28T12:56:12.035Z"}}, {"model": "product.product_details_property_value", "pk": 8, "fields": {"content": "2020", "file": "", "status": true, "created_at": "2021-02-23T07:30:10.338Z", "updated_at": "2021-02-23T07:30:10.338Z"}}, {"model": "product.product_details_property_value", "pk": 10, "fields": {"content": "Android 11, One UI 3.1", "file": "", "status": true, "created_at": "2021-03-04T20:10:21.234Z", "updated_at": "2021-03-04T20:10:21.234Z"}}, {"model": "product.product_details_property_value", "pk": 11, "fields": {"content": "6.2\"", "file": "", "status": true, "created_at": "2021-03-04T20:10:31.046Z", "updated_at": "2021-03-04T20:10:31.046Z"}}, {"model": "product.product_details_property_value", "pk": 12, "fields": {"content": "1080 x 2400 px", "file": "", "status": true, "created_at": "2021-03-04T20:10:41.011Z", "updated_at": "2021-03-04T20:10:41.011Z"}}, {"model": "product.product_details_property_value", "pk": 13, "fields": {"content": "8 ", "file": "", "status": true, "created_at": "2021-03-04T20:11:03.073Z", "updated_at": "2021-03-04T20:11:03.073Z"}}, {"model": "product.product_details_property_value", "pk": 14, "fields": {"content": "128 ", "file": "", "status": true, "created_at": "2021-03-04T20:11:14.530Z", "updated_at": "2021-03-04T20:11:14.530Z"}}, {"model": "product.product_details_property_value", "pk": 15, "fields": {"content": "Exynos 2100", "file": "", "status": true, "created_at": "2021-03-04T20:11:26.460Z", "updated_at": "2021-03-04T20:11:26.460Z"}}, {"model": "product.product_details_property_value", "pk": 16, "fields": {"content": "12 + 12 + 64 MP", "file": "", "status": true, "created_at": "2021-03-04T20:11:36.963Z", "updated_at": "2021-03-04T20:11:36.963Z"}}, {"model": "product.product_details_property_value", "pk": 17, "fields": {"content": "10 MP", "file": "", "status": true, "created_at": "2021-03-04T20:11:57.350Z", "updated_at": "2021-03-04T20:11:57.350Z"}}, {"model": "product.product_details_property_value", "pk": 18, "fields": {"content": "8K@30fps, 4K@30/60fps, 1080p@30/60/120fps, 720p@96", "file": "", "status": true, "created_at": "2021-03-04T20:12:27.268Z", "updated_at": "2021-03-04T20:12:27.268Z"}}, {"model": "product.product_details_property_value", "pk": 19, "fields": {"content": "GSM / CDMA / HSPA / EVDO / LTE / 5G", "file": "", "status": true, "created_at": "2021-03-04T20:12:38.943Z", "updated_at": "2021-03-04T20:12:38.943Z"}}, {"model": "product.product_details_property_value", "pk": 20, "fields": {"content": "-", "file": "", "status": true, "created_at": "2021-03-04T20:12:56.024Z", "updated_at": "2021-03-04T20:12:56.024Z"}}, {"model": "product.product_details_property_value", "pk": 21, "fields": {"content": "Finger print, FaceID, PIN", "file": "", "status": true, "created_at": "2021-03-04T20:13:42.631Z", "updated_at": "2021-03-04T20:13:42.631Z"}}, {"model": "product.product_details_property_value", "pk": 22, "fields": {"content": "2", "file": "", "status": true, "created_at": "2021-03-04T20:13:52.407Z", "updated_at": "2021-03-04T20:13:52.407Z"}}, {"model": "product.product_details_property_value", "pk": 23, "fields": {"content": "Var", "file": "", "status": true, "created_at": "2021-03-04T20:14:03.945Z", "updated_at": "2021-03-04T20:14:03.945Z"}}, {"model": "product.product_details_property_value", "pk": 24, "fields": {"content": "IP68", "file": "", "status": true, "created_at": "2021-03-04T20:14:15.930Z", "updated_at": "2021-03-04T20:14:15.930Z"}}, {"model": "product.product_details_property_value", "pk": 25, "fields": {"content": "Li-Po 4000 mAh", "file": "", "status": true, "created_at": "2021-03-04T20:14:28.801Z", "updated_at": "2021-03-04T20:14:28.801Z"}}, {"model": "product.product_details_property_value", "pk": 26, "fields": {"content": "71.2 x 151.7 x 7.9 mm", "file": "", "status": true, "created_at": "2021-03-04T20:14:50.227Z", "updated_at": "2021-03-04T20:14:50.227Z"}}, {"model": "product.product_details_property_value", "pk": 27, "fields": {"content": "171 q", "file": "", "status": true, "created_at": "2021-03-04T20:15:01.555Z", "updated_at": "2021-03-04T20:15:01.555Z"}}, {"model": "product.product_details_property_value", "pk": 29, "fields": {"content": "Android 9.0 (Pie), up to Android 10.0; MIUI 11", "file": "", "status": true, "created_at": "2021-03-04T21:19:14.141Z", "updated_at": "2021-03-04T21:19:14.141Z"}}, {"model": "product.product_details_property_value", "pk": 30, "fields": {"content": "6.53\"", "file": "", "status": true, "created_at": "2021-03-04T21:19:26.370Z", "updated_at": "2021-03-04T21:19:26.370Z"}}, {"model": "product.product_details_property_value", "pk": 31, "fields": {"content": "1080 x 2340 px", "file": "", "status": true, "created_at": "2021-03-04T21:19:42.669Z", "updated_at": "2021-03-04T21:19:42.669Z"}}, {"model": "product.product_details_property_value", "pk": 32, "fields": {"content": "6", "file": "", "status": true, "created_at": "2021-03-04T21:20:03.452Z", "updated_at": "2021-03-04T21:20:03.452Z"}}, {"model": "product.product_details_property_value", "pk": 33, "fields": {"content": "64", "file": "", "status": true, "created_at": "2021-03-04T21:20:15.802Z", "updated_at": "2021-03-04T21:20:15.802Z"}}, {"model": "product.product_details_property_value", "pk": 34, "fields": {"content": "Mediatek Helio G90T (12nm)", "file": "", "status": true, "created_at": "2021-03-04T21:20:32.288Z", "updated_at": "2021-03-04T21:20:32.288Z"}}, {"model": "product.product_details_property_value", "pk": 35, "fields": {"content": "64 + 8 + 2 + 2 MP", "file": "", "status": true, "created_at": "2021-03-04T21:20:44.993Z", "updated_at": "2021-03-04T21:20:44.993Z"}}, {"model": "product.product_details_property_value", "pk": 36, "fields": {"content": "20 MP", "file": "", "status": true, "created_at": "2021-03-04T21:20:59.746Z", "updated_at": "2021-03-04T21:20:59.746Z"}}, {"model": "product.product_details_property_value", "pk": 37, "fields": {"content": "2160p@30fps, 1080p@30/60/120fps, 720p@960fps, gyro", "file": "", "status": true, "created_at": "2021-03-04T21:21:09.558Z", "updated_at": "2021-03-04T21:21:09.558Z"}}, {"model": "product.product_details_property_value", "pk": 38, "fields": {"content": "GSM / HSPA / LTE", "file": "", "status": true, "created_at": "2021-03-04T21:23:29.590Z", "updated_at": "2021-03-04T21:23:29.590Z"}}, {"model": "product.product_details_property_value", "pk": 39, "fields": {"content": "FM radio", "file": "", "status": true, "created_at": "2021-03-04T21:23:51.995Z", "updated_at": "2021-03-04T21:23:51.995Z"}}, {"model": "product.product_details_property_value", "pk": 40, "fields": {"content": "161.4 x 76.4 x 8.8 mm", "file": "", "status": true, "created_at": "2021-03-04T21:24:20.278Z", "updated_at": "2021-03-04T21:24:20.278Z"}}, {"model": "product.product_details_property_value", "pk": 41, "fields": {"content": "200 q", "file": "", "status": true, "created_at": "2021-03-04T21:25:01.607Z", "updated_at": "2021-03-04T21:25:01.607Z"}}, {"model": "product.product_details_property_value", "pk": 42, "fields": {"content": "iPadOS 13.4", "file": "", "status": true, "created_at": "2021-03-04T21:47:05.708Z", "updated_at": "2021-03-04T21:47:05.708Z"}}, {"model": "product.product_details_property_value", "pk": 43, "fields": {"content": "12.9\"", "file": "", "status": true, "created_at": "2021-03-04T21:47:17.299Z", "updated_at": "2021-03-04T21:47:17.299Z"}}, {"model": "product.product_details_property_value", "pk": 44, "fields": {"content": "2048 x 2732 px", "file": "", "status": true, "created_at": "2021-03-04T21:47:26.847Z", "updated_at": "2021-03-04T21:47:26.847Z"}}, {"model": "product.product_details_property_value", "pk": 45, "fields": {"content": "Apple A12Z Bionic", "file": "", "status": true, "created_at": "2021-03-04T21:47:37.249Z", "updated_at": "2021-03-04T21:47:37.249Z"}}, {"model": "product.product_details_property_value", "pk": 46, "fields": {"content": "12 + 10 MP", "file": "", "status": true, "created_at": "2021-03-04T21:47:49.965Z", "updated_at": "2021-03-04T21:47:49.965Z"}}, {"model": "product.product_details_property_value", "pk": 47, "fields": {"content": "7 MP", "file": "", "status": true, "created_at": "2021-03-04T21:47:59.619Z", "updated_at": "2021-03-04T21:47:59.619Z"}}, {"model": "product.product_details_property_value", "pk": 48, "fields": {"content": "2160p@24/30/60fps, 1080p@30/60/120/240fps; gyro-EI", "file": "", "status": true, "created_at": "2021-03-04T21:48:09.238Z", "updated_at": "2021-03-04T21:48:09.238Z"}}, {"model": "product.product_details_property_value", "pk": 49, "fields": {"content": "Li-Po 9720 mAh", "file": "", "status": true, "created_at": "2021-03-04T21:48:43.732Z", "updated_at": "2021-03-04T21:48:43.732Z"}}, {"model": "product.product_details_property_value", "pk": 50, "fields": {"content": "280.6 x 214.9 x 5.9 mm", "file": "", "status": true, "created_at": "2021-03-04T21:48:59.797Z", "updated_at": "2021-03-04T21:48:59.797Z"}}, {"model": "product.product_details_property_value", "pk": 51, "fields": {"content": "641 q", "file": "", "status": true, "created_at": "2021-03-04T21:49:09.717Z", "updated_at": "2021-03-04T21:49:09.717Z"}}, {"model": "product.product_details_property_value", "pk": 52, "fields": {"content": "Android 9.0 (Pie), up to Android 10, One UI 2", "file": "", "status": true, "created_at": "2021-03-04T22:17:15.047Z", "updated_at": "2021-03-04T22:17:15.047Z"}}, {"model": "product.product_details_property_value", "pk": 53, "fields": {"content": "Qualcomm SM8150 Snapdragon 855 (7 nm)", "file": "", "status": true, "created_at": "2021-03-04T22:17:25.066Z", "updated_at": "2021-03-04T22:17:25.066Z"}}, {"model": "product.product_details_property_value", "pk": 54, "fields": {"content": "13 + 5 MP", "file": "", "status": true, "created_at": "2021-03-04T22:17:39.010Z", "updated_at": "2021-03-04T22:17:39.010Z"}}, {"model": "product.product_details_property_value", "pk": 55, "fields": {"content": "8 MP", "file": "", "status": true, "created_at": "2021-03-04T22:17:48.193Z", "updated_at": "2021-03-04T22:17:48.193Z"}}, {"model": "product.product_details_property_value", "pk": 56, "fields": {"content": "4K@30fps, 1080p@30fps", "file": "", "status": true, "created_at": "2021-03-04T22:17:56.716Z", "updated_at": "2021-03-04T22:17:56.716Z"}}, {"model": "product.product_details_property_value", "pk": 57, "fields": {"content": "1.8\"", "file": "", "status": true, "created_at": "2021-03-04T22:24:46.045Z", "updated_at": "2021-03-04T22:24:46.045Z"}}, {"model": "product.product_details_property_value", "pk": 58, "fields": {"content": "120 x 160 px", "file": "", "status": true, "created_at": "2021-03-04T22:24:56.703Z", "updated_at": "2021-03-04T22:24:56.703Z"}}, {"model": "product.product_details_property_value", "pk": 59, "fields": {"content": "GSM", "file": "", "status": true, "created_at": "2021-03-04T22:25:09.039Z", "updated_at": "2021-03-04T22:25:09.039Z"}}, {"model": "product.product_details_property_value", "pk": 60, "fields": {"content": "Windows 10", "file": "", "status": true, "created_at": "2021-03-04T23:25:59.109Z", "updated_at": "2021-03-04T23:25:59.109Z"}}, {"model": "product.product_details_property_value", "pk": 61, "fields": {"content": "13.3\"", "file": "", "status": true, "created_at": "2021-03-04T23:26:14.992Z", "updated_at": "2021-03-04T23:26:14.992Z"}}, {"model": "product.product_details_property_value", "pk": 62, "fields": {"content": "4", "file": "", "status": true, "created_at": "2021-03-04T23:26:27.728Z", "updated_at": "2021-03-04T23:26:27.728Z"}}, {"model": "product.product_details_property_value", "pk": 63, "fields": {"content": "Intel Core i5-8265U", "file": "", "status": true, "created_at": "2021-03-04T23:26:55.754Z", "updated_at": "2021-03-04T23:26:55.754Z"}}, {"model": "product.product_details_property_value", "pk": 64, "fields": {"content": "Full HD (1920 x 1080 px)", "file": "", "status": true, "created_at": "2021-03-04T23:27:08.198Z", "updated_at": "2021-03-04T23:27:08.198Z"}}, {"model": "product.product_details_property_value", "pk": 65, "fields": {"content": "0.97 kq", "file": "", "status": true, "created_at": "2021-03-04T23:27:35.270Z", "updated_at": "2021-03-04T23:27:35.270Z"}}, {"model": "product.product_details_property_value", "pk": 66, "fields": {"content": "Apple M1", "file": "", "status": true, "created_at": "2021-03-04T23:41:47.500Z", "updated_at": "2021-03-04T23:41:47.500Z"}}, {"model": "product.product_details_property_value", "pk": 67, "fields": {"content": "8", "file": "", "status": true, "created_at": "2021-03-04T23:41:55.604Z", "updated_at": "2021-03-04T23:41:55.604Z"}}, {"model": "product.product_details_property_value", "pk": 68, "fields": {"content": "macOS Big Sur", "file": "", "status": true, "created_at": "2021-03-04T23:42:19.632Z", "updated_at": "2021-03-04T23:42:19.632Z"}}, {"model": "product.product_details_property_value", "pk": 70, "fields": {"content": "13.3\" IPS LED 60 Hz", "file": "", "status": true, "created_at": "2021-03-04T23:42:31.206Z", "updated_at": "2021-03-04T23:42:31.206Z"}}, {"model": "product.product_details_property_value", "pk": 71, "fields": {"content": "Retina (2560 x 1600 px)", "file": "", "status": true, "created_at": "2021-03-04T23:42:54.169Z", "updated_at": "2021-03-04T23:42:54.169Z"}}, {"model": "product.product_details_property_value", "pk": 72, "fields": {"content": "M1 7-core", "file": "", "status": true, "created_at": "2021-03-04T23:43:10.254Z", "updated_at": "2021-03-04T23:43:10.254Z"}}, {"model": "product.product_details_property_value", "pk": 73, "fields": {"content": "Intel Core i7-10750H", "file": "", "status": true, "created_at": "2021-03-04T23:48:56.469Z", "updated_at": "2021-03-04T23:48:56.469Z"}}, {"model": "product.product_details_property_value", "pk": 74, "fields": {"content": "FreeDOS", "file": "", "status": true, "created_at": "2021-03-04T23:49:26.899Z", "updated_at": "2021-03-04T23:49:26.899Z"}}, {"model": "product.product_details_property_value", "pk": 75, "fields": {"content": "17.3\"", "file": "", "status": true, "created_at": "2021-03-04T23:49:37.425Z", "updated_at": "2021-03-04T23:49:37.425Z"}}, {"model": "product.product_details_property_value", "pk": 76, "fields": {"content": "Full HD (1920 x 1080 px) IPS", "file": "", "status": true, "created_at": "2021-03-04T23:49:51.865Z", "updated_at": "2021-03-04T23:49:51.865Z"}}, {"model": "product.product_details_property_value", "pk": 77, "fields": {"content": "1 TB HDD + 256  SSD", "file": "", "status": true, "created_at": "2021-03-04T23:50:01.492Z", "updated_at": "2021-03-04T23:50:01.492Z"}}, {"model": "product.product_details_property_value", "pk": 78, "fields": {"content": "NVIDIA GeForce RTX 2060 6 ", "file": "", "status": true, "created_at": "2021-03-04T23:50:10.749Z", "updated_at": "2021-03-04T23:50:10.750Z"}}, {"model": "product.product_details_property_value", "pk": 79, "fields": {"content": "3.33 kq", "file": "", "status": true, "created_at": "2021-03-04T23:50:28.791Z", "updated_at": "2021-03-04T23:50:28.791Z"}}, {"model": "product.product_details_property_value", "pk": 80, "fields": {"content": "2 saat", "file": "", "status": true, "created_at": "2021-03-04T23:58:17.375Z", "updated_at": "2021-03-04T23:58:17.375Z"}}, {"model": "product.product_details_property_value", "pk": 81, "fields": {"content": "6 saat", "file": "", "status": true, "created_at": "2021-03-04T23:58:27.599Z", "updated_at": "2021-03-04T23:58:27.599Z"}}, {"model": "product.product_details_property_value", "pk": 82, "fields": {"content": "10 m", "file": "", "status": true, "created_at": "2021-03-04T23:58:38.546Z", "updated_at": "2021-03-04T23:58:38.546Z"}}, {"model": "product.product_details_property_value", "pk": 83, "fields": {"content": "IPX5", "file": "", "status": true, "created_at": "2021-03-04T23:58:55.825Z", "updated_at": "2021-03-04T23:58:55.825Z"}}, {"model": "product.product_images", "pk": 107, "fields": {"product": 68, "image": "product_images/galaxy-a72-1_inRJb1h.jpeg", "is_main": true, "is_second_main": false, "status": true, "created_at": "2021-06-27T21:03:44.515Z", "updated_at": "2021-06-27T21:03:44.515Z"}}, {"model": "product.product_images", "pk": 109, "fields": {"product": 68, "image": "product_images/92-234black.jpeg", "is_main": false, "is_second_main": true, "status": true, "created_at": "2021-06-27T21:06:08.658Z", "updated_at": "2021-06-27T21:09:52.744Z"}}, {"model": "product.product_images", "pk": 112, "fields": {"product": 74, "image": "product_images/it5626_ltVD9lw.jpeg", "is_main": true, "is_second_main": false, "status": true, "created_at": "2021-06-28T14:38:23.287Z", "updated_at": "2021-06-28T16:03:58.403Z"}}, {"model": "product.product_images", "pk": 113, "fields": {"product": 74, "image": "product_images/it5626-2.jpeg", "is_main": false, "is_second_main": true, "status": true, "created_at": "2021-06-28T16:03:58.436Z", "updated_at": "2021-06-28T16:03:58.436Z"}}, {"model": "product.product_images", "pk": 114, "fields": {"product": 74, "image": "product_images/3.jpeg", "is_main": false, "is_second_main": true, "status": true, "created_at": "2021-06-28T16:03:58.471Z", "updated_at": "2021-06-28T16:03:58.471Z"}}, {"model": "product.product_images", "pk": 115, "fields": {"product": 75, "image": "product_images/nokia105-black-min_SynfJ0j.jpeg", "is_main": false, "is_second_main": true, "status": true, "created_at": "2021-06-28T16:25:26.409Z", "updated_at": "2021-06-29T04:51:13.811Z"}}, {"model": "product.product_images", "pk": 116, "fields": {"product": 76, "image": "product_images/samsung_galaxy_a72_8gb_ram_256gb_-_awesome_white-3.jpeg", "is_main": false, "is_second_main": true, "status": true, "created_at": "2021-06-28T19:31:37.027Z", "updated_at": "2021-06-28T19:31:37.027Z"}}, {"model": "product.product_images", "pk": 117, "fields": {"product": 76, "image": "product_images/galaxy-a72-awesome-white-min.jpeg", "is_main": true, "is_second_main": false, "status": true, "created_at": "2021-06-28T19:31:37.070Z", "updated_at": "2021-06-28T19:31:37.070Z"}}, {"model": "product.product_images", "pk": 118, "fields": {"product": 77, "image": "product_images/galaxy-a72-awesome-blue-min.jpeg", "is_main": true, "is_second_main": false, "status": true, "created_at": "2021-06-28T19:53:06.488Z", "updated_at": "2021-06-28T19:53:06.488Z"}}, {"model": "product.product_images", "pk": 119, "fields": {"product": 77, "image": "product_images/arxa.jpeg", "is_main": false, "is_second_main": true, "status": true, "created_at": "2021-06-28T19:53:06.528Z", "updated_at": "2021-06-28T19:53:06.528Z"}}, {"model": "product.product_images", "pk": 120, "fields": {"product": 78, "image": "product_images/galaxy-a72-awesome-violet-min.jpeg", "is_main": true, "is_second_main": false, "status": true, "created_at": "2021-06-28T20:05:09.571Z", "updated_at": "2021-06-28T20:05:09.571Z"}}, {"model": "product.product_images", "pk": 121, "fields": {"product": 75, "image": "product_images/105_b-1_inqNqtj.jpeg", "is_main": true, "is_second_main": false, "status": true, "created_at": "2021-06-29T04:45:59.437Z", "updated_at": "2021-06-29T04:51:13.768Z"}}, {"model": "product.product_images", "pk": 122, "fields": {"product": 79, "image": "product_images/105p-2_MqD96XT.jpeg", "is_main": false, "is_second_main": true, "status": true, "created_at": "2021-06-29T04:55:00.674Z", "updated_at": "2021-06-29T06:02:27.318Z"}}, {"model": "product.product_images", "pk": 123, "fields": {"product": 79, "image": "product_images/105p-1_20gGnJj.jpeg", "is_main": true, "is_second_main": false, "status": true, "created_at": "2021-06-29T04:55:00.709Z", "updated_at": "2021-06-29T06:02:27.282Z"}}, {"model": "product.product_images", "pk": 124, "fields": {"product": 87, "image": "product_images/0ad6a1428c5210f103f0669b8dd80a5f-800x800.jpeg", "is_main": true, "is_second_main": false, "status": true, "created_at": "2021-06-29T06:04:18.804Z", "updated_at": "2021-06-29T06:04:18.804Z"}}, {"model": "product.product_images", "pk": 125, "fields": {"product": 87, "image": "product_images/nokia105-blue-min.jpeg", "is_main": false, "is_second_main": true, "status": true, "created_at": "2021-06-29T06:04:18.851Z", "updated_at": "2021-06-29T06:04:18.851Z"}}, {"model": "product.product_images", "pk": 126, "fields": {"product": 88, "image": "product_images/106-3_jeqe7z6.jpeg", "is_main": false, "is_second_main": true, "status": true, "created_at": "2021-06-29T06:37:54.268Z", "updated_at": "2021-06-29T07:34:18.769Z"}}, {"model": "product.product_images", "pk": 127, "fields": {"product": 88, "image": "product_images/106-2_iP6t94X.jpeg", "is_main": false, "is_second_main": true, "status": true, "created_at": "2021-06-29T06:37:54.301Z", "updated_at": "2021-06-29T07:29:35.337Z"}}, {"model": "product.product_images", "pk": 128, "fields": {"product": 88, "image": "product_images/nokia-106-_bwPyMaX.jpeg", "is_main": true, "is_second_main": false, "status": true, "created_at": "2021-06-29T06:37:54.344Z", "updated_at": "2021-06-29T07:16:05.356Z"}}, {"model": "product.product_images", "pk": 129, "fields": {"product": 89, "image": "product_images/110-1_rcwkz1I.jpeg", "is_main": true, "is_second_main": false, "status": true, "created_at": "2021-06-29T07:14:51.115Z", "updated_at": "2021-06-29T07:14:51.115Z"}}, {"model": "product.product_images", "pk": 130, "fields": {"product": 89, "image": "product_images/1103_Vfa04sP.jpeg", "is_main": false, "is_second_main": true, "status": true, "created_at": "2021-06-29T07:14:51.145Z", "updated_at": "2021-06-29T07:14:51.145Z"}}, {"model": "product.product_images", "pk": 131, "fields": {"product": 89, "image": "product_images/110_eb9fTsQ.jpeg", "is_main": false, "is_second_main": true, "status": true, "created_at": "2021-06-29T07:14:51.186Z", "updated_at": "2021-06-29T07:14:51.186Z"}}, {"model": "product.product_images", "pk": 132, "fields": {"product": 90, "image": "product_images/n130-1.jpeg", "is_main": true, "is_second_main": false, "status": true, "created_at": "2021-06-29T07:45:37.185Z", "updated_at": "2021-06-29T07:45:37.185Z"}}, {"model": "product.product_images", "pk": 133, "fields": {"product": 90, "image": "product_images/n130-2.jpeg", "is_main": false, "is_second_main": true, "status": true, "created_at": "2021-06-29T07:45:37.216Z", "updated_at": "2021-06-29T07:45:37.216Z"}}, {"model": "product.product_images", "pk": 134, "fields": {"product": 90, "image": "product_images/Nokia-130-min_1.jpeg", "is_main": false, "is_second_main": true, "status": true, "created_at": "2021-06-29T07:45:37.256Z", "updated_at": "2021-06-29T07:45:37.256Z"}}, {"model": "product.product_images", "pk": 135, "fields": {"product": 91, "image": "product_images/210-1.jpeg", "is_main": true, "is_second_main": false, "status": true, "created_at": "2021-06-29T08:33:00.178Z", "updated_at": "2021-06-29T08:33:00.178Z"}}, {"model": "product.product_images", "pk": 136, "fields": {"product": 91, "image": "product_images/nokia-210.jpeg", "is_main": false, "is_second_main": true, "status": true, "created_at": "2021-06-29T08:33:00.211Z", "updated_at": "2021-06-29T08:33:00.211Z"}}, {"model": "product.product_images", "pk": 137, "fields": {"product": 92, "image": "product_images/216-1.jpeg", "is_main": true, "is_second_main": false, "status": true, "created_at": "2021-06-29T09:08:08.949Z", "updated_at": "2021-06-29T09:08:08.949Z"}}, {"model": "product.product_images", "pk": 138, "fields": {"product": 92, "image": "product_images/nokia-216.jpeg", "is_main": false, "is_second_main": true, "status": true, "created_at": "2021-06-29T09:08:08.980Z", "updated_at": "2021-06-29T09:08:08.980Z"}}, {"model": "product.product_images", "pk": 139, "fields": {"product": 93, "image": "product_images/n125-1.jpeg", "is_main": true, "is_second_main": false, "status": true, "created_at": "2021-06-29T10:10:06.744Z", "updated_at": "2021-06-29T10:10:06.745Z"}}, {"model": "product.product_images", "pk": 140, "fields": {"product": 93, "image": "product_images/nokia-125.jpeg", "is_main": false, "is_second_main": true, "status": true, "created_at": "2021-06-29T10:10:06.814Z", "updated_at": "2021-06-29T10:10:06.822Z"}}, {"model": "product.product_images", "pk": 141, "fields": {"product": 94, "image": "product_images/150-1.jpeg", "is_main": true, "is_second_main": false, "status": true, "created_at": "2021-06-29T11:19:01.911Z", "updated_at": "2021-06-29T11:19:01.911Z"}}, {"model": "product.product_images", "pk": 142, "fields": {"product": 94, "image": "product_images/nokia-150-blue.jpeg", "is_main": false, "is_second_main": true, "status": true, "created_at": "2021-06-29T11:19:01.943Z", "updated_at": "2021-06-29T11:19:01.943Z"}}, {"model": "product.product_images", "pk": 143, "fields": {"product": 95, "image": "product_images/Nokia-150-2020-Dual-SIM-Black-6438409048639-11012021-01-p.jpeg", "is_main": true, "is_second_main": false, "status": true, "created_at": "2021-06-29T11:21:40.292Z", "updated_at": "2021-06-29T11:21:40.292Z"}}, {"model": "product.product_images", "pk": 144, "fields": {"product": 95, "image": "product_images/Nokia-150-min_1.jpeg", "is_main": false, "is_second_main": true, "status": true, "created_at": "2021-06-29T11:21:40.331Z", "updated_at": "2021-06-29T11:21:40.331Z"}}, {"model": "product.product_images", "pk": 145, "fields": {"product": 96, "image": "product_images/150-1_TklxzRI.jpeg", "is_main": true, "is_second_main": false, "status": true, "created_at": "2021-06-29T11:27:47.292Z", "updated_at": "2021-06-29T11:27:47.292Z"}}, {"model": "product.product_images", "pk": 146, "fields": {"product": 96, "image": "product_images/nokia-150-red.jpeg", "is_main": false, "is_second_main": true, "status": true, "created_at": "2021-06-29T11:27:47.325Z", "updated_at": "2021-06-29T11:27:47.325Z"}}, {"model": "product.product_images", "pk": 147, "fields": {"product": 97, "image": "product_images/6300-1.jpeg", "is_main": true, "is_second_main": false, "status": true, "created_at": "2021-06-29T12:55:15.861Z", "updated_at": "2021-06-29T12:55:15.861Z"}}, {"model": "product.product_images", "pk": 148, "fields": {"product": 97, "image": "product_images/nokia-6300-gray-min_1.jpeg", "is_main": false, "is_second_main": true, "status": true, "created_at": "2021-06-29T12:55:15.901Z", "updated_at": "2021-06-29T12:55:15.901Z"}}, {"model": "product.product_images", "pk": 149, "fields": {"product": 98, "image": "product_images/5310-1.jpeg", "is_main": true, "is_second_main": false, "status": true, "created_at": "2021-06-29T13:51:40.599Z", "updated_at": "2021-06-29T13:51:40.599Z"}}, {"model": "product.product_images", "pk": 150, "fields": {"product": 98, "image": "product_images/150-2.jpeg", "is_main": false, "is_second_main": true, "status": true, "created_at": "2021-06-29T13:51:40.630Z", "updated_at": "2021-06-29T13:51:40.630Z"}}, {"model": "product.product_images", "pk": 151, "fields": {"product": 98, "image": "product_images/5310-3.jpeg", "is_main": false, "is_second_main": true, "status": true, "created_at": "2021-06-29T13:51:40.664Z", "updated_at": "2021-06-29T13:51:40.664Z"}}, {"model": "product.product_images", "pk": 152, "fields": {"product": 99, "image": "product_images/5310a\u011f-1.jpeg", "is_main": true, "is_second_main": false, "status": true, "created_at": "2021-06-29T13:54:07.652Z", "updated_at": "2021-06-29T13:54:07.652Z"}}, {"model": "product.product_images", "pk": 153, "fields": {"product": 99, "image": "product_images/5310_a\u011f-2.jpeg", "is_main": false, "is_second_main": true, "status": true, "created_at": "2021-06-29T13:54:07.682Z", "updated_at": "2021-06-29T13:54:07.682Z"}}, {"model": "product.product_images", "pk": 154, "fields": {"product": 99, "image": "product_images/5310_a\u011f-3.jpeg", "is_main": false, "is_second_main": true, "status": true, "created_at": "2021-06-29T13:54:07.714Z", "updated_at": "2021-06-29T13:54:07.714Z"}}, {"model": "product.product_images", "pk": 155, "fields": {"product": 100, "image": "product_images/215_b-1.jpeg", "is_main": true, "is_second_main": false, "status": true, "created_at": "2021-06-29T14:17:36.127Z", "updated_at": "2021-06-29T14:17:36.127Z"}}, {"model": "product.product_images", "pk": 156, "fields": {"product": 100, "image": "product_images/215_black-2.jpeg", "is_main": false, "is_second_main": true, "status": true, "created_at": "2021-06-29T14:17:36.163Z", "updated_at": "2021-06-29T14:17:36.163Z"}}, {"model": "product.product_images", "pk": 157, "fields": {"product": 101, "image": "product_images/215-1.jpeg", "is_main": true, "is_second_main": false, "status": true, "created_at": "2021-06-29T14:24:38.837Z", "updated_at": "2021-06-29T14:24:38.837Z"}}, {"model": "product.product_images", "pk": 158, "fields": {"product": 101, "image": "product_images/nokia-215-green-min.jpeg", "is_main": false, "is_second_main": true, "status": true, "created_at": "2021-06-29T14:24:38.877Z", "updated_at": "2021-06-29T14:24:38.877Z"}}, {"model": "product.product_images", "pk": 159, "fields": {"product": 102, "image": "product_images/225-1.jpeg", "is_main": true, "is_second_main": false, "status": true, "created_at": "2021-06-29T14:50:52.561Z", "updated_at": "2021-06-29T14:50:52.561Z"}}, {"model": "product.product_images", "pk": 160, "fields": {"product": 102, "image": "product_images/nokia-225-min.jpeg", "is_main": false, "is_second_main": true, "status": true, "created_at": "2021-06-29T14:50:52.600Z", "updated_at": "2021-06-29T14:50:52.600Z"}}, {"model": "product.product_images", "pk": 161, "fields": {"product": 103, "image": "product_images/a21m-1.jpeg", "is_main": true, "is_second_main": false, "status": true, "created_at": "2021-06-30T06:17:41.288Z", "updated_at": "2021-06-30T06:17:41.288Z"}}, {"model": "product.product_images", "pk": 162, "fields": {"product": 103, "image": "product_images/11-14.jpeg", "is_main": false, "is_second_main": true, "status": true, "created_at": "2021-06-30T06:17:41.322Z", "updated_at": "2021-06-30T06:17:41.322Z"}}, {"model": "product.product_images", "pk": 163, "fields": {"product": 104, "image": "product_images/e125_bfMixwR.jpeg", "is_main": false, "is_second_main": true, "status": true, "created_at": "2021-06-30T06:45:52.101Z", "updated_at": "2021-06-30T10:43:47.534Z"}}, {"model": "product.product_images", "pk": 164, "fields": {"product": 104, "image": "product_images/philips_125-1_PIKAocd.jpeg", "is_main": true, "is_second_main": false, "status": true, "created_at": "2021-06-30T06:45:52.145Z", "updated_at": "2021-06-30T10:43:47.489Z"}}, {"model": "product.product_images", "pk": 165, "fields": {"product": 105, "image": "product_images/e109-1.jpeg", "is_main": true, "is_second_main": false, "status": true, "created_at": "2021-06-30T13:28:19.880Z", "updated_at": "2021-06-30T13:28:19.880Z"}}, {"model": "product.product_images", "pk": 166, "fields": {"product": 105, "image": "product_images/Philips-Xenium-E109-min.jpeg", "is_main": false, "is_second_main": true, "status": true, "created_at": "2021-06-30T13:28:19.924Z", "updated_at": "2021-06-30T13:28:19.924Z"}}, {"model": "product.product_images", "pk": 167, "fields": {"product": 106, "image": "product_images/2720-1.jpeg", "is_main": true, "is_second_main": false, "status": true, "created_at": "2021-06-30T14:36:14.917Z", "updated_at": "2021-06-30T14:36:14.917Z"}}, {"model": "product.product_images", "pk": 168, "fields": {"product": 106, "image": "product_images/2720-2.jpeg", "is_main": false, "is_second_main": true, "status": true, "created_at": "2021-06-30T14:36:14.955Z", "updated_at": "2021-06-30T14:36:14.955Z"}}, {"model": "product.product_images", "pk": 169, "fields": {"product": 107, "image": "product_images/5310-2_6WYB3tj.jpeg", "is_main": false, "is_second_main": true, "status": true, "created_at": "2021-06-30T15:16:10.222Z", "updated_at": "2021-06-30T15:17:02.061Z"}}, {"model": "product.product_images", "pk": 170, "fields": {"product": 107, "image": "product_images/p1br6u9f22gr61erm4sm1rjj3vr7_bPG7BqD.jpeg", "is_main": true, "is_second_main": false, "status": true, "created_at": "2021-06-30T15:16:10.257Z", "updated_at": "2021-06-30T15:17:02.025Z"}}, {"model": "product.product_images", "pk": 171, "fields": {"product": 108, "image": "product_images/230-1.jpeg", "is_main": true, "is_second_main": false, "status": true, "created_at": "2021-06-30T15:59:36.661Z", "updated_at": "2021-06-30T15:59:36.661Z"}}, {"model": "product.product_images", "pk": 172, "fields": {"product": 108, "image": "product_images/230-2.jpeg", "is_main": false, "is_second_main": true, "status": true, "created_at": "2021-06-30T15:59:36.696Z", "updated_at": "2021-06-30T15:59:36.696Z"}}, {"model": "account.customer", "pk": 26, "fields": {"device": null}}, {"model": "account.customer", "pk": 27, "fields": {"device": "b0ffd152-fd62-421d-8915-9787db8443d1"}}, {"model": "account.customer", "pk": 28, "fields": {"device": "fa6c7b26-cd9d-4b99-922e-b22a3cd889e9"}}, {"model": "account.customer", "pk": 29, "fields": {"device": "c1fa883c-9d2f-40e8-bd40-875fd70d2523"}}, {"model": "account.customer", "pk": 30, "fields": {"device": "83a8bf3d-fcee-4c9a-812d-81e1bf7e5abd"}}, {"model": "account.customer", "pk": 31, "fields": {"device": "ed22289c-b486-4df1-b2b3-5746baeec9cc"}}, {"model": "account.customer", "pk": 32, "fields": {"device": "c5817d03-989f-475c-99eb-609d436b8c90"}}, {"model": "account.customer", "pk": 33, "fields": {"device": "127f70a7-052f-4b64-a9f6-042a62f48faa"}}, {"model": "account.customer", "pk": 34, "fields": {"device": "f4519c2d-c4b2-46f0-8f67-794e89883ae9"}}, {"model": "account.customer", "pk": 35, "fields": {"device": "bc67c25f-86f0-42c9-89d6-98dec0b79a9d"}}, {"model": "account.customer", "pk": 36, "fields": {"device": "fef15781-d155-4852-b005-915867d9729b"}}, {"model": "account.customer", "pk": 37, "fields": {"device": "a9acc83e-2639-4708-89e7-9d03f448d338"}}, {"model": "account.customer", "pk": 38, "fields": {"device": "785fb3e2-be03-47be-abf4-a4fe982a2f0e"}}, {"model": "account.customer", "pk": 39, "fields": {"device": "b803a21d-c8ad-433d-a359-2c07a9f89fe7"}}, {"model": "account.customer", "pk": 40, "fields": {"device": "ea5a6c46-3b67-4804-aeb0-c480c0d7a38a"}}, {"model": "account.customer", "pk": 41, "fields": {"device": "90998467-1a9b-4c9b-b461-dc95dfef8b63"}}, {"model": "account.customer", "pk": 42, "fields": {"device": "1e7bed9e-c189-46d2-8981-7ca1238b75ff"}}, {"model": "account.customer", "pk": 43, "fields": {"device": "8d29b972-7f86-4241-b66a-3a746c7b9b03"}}, {"model": "account.customer", "pk": 44, "fields": {"device": "38a3bf3d-93a8-4c71-89d6-392a9fb1c641"}}, {"model": "account.customer", "pk": 45, "fields": {"device": "b9ce7130-ed57-4de9-8705-09e10d4e5994"}}, {"model": "account.customer", "pk": 46, "fields": {"device": "51cbfaf1-b3cd-4ccb-beb5-4a42113b8133"}}, {"model": "account.customer", "pk": 47, "fields": {"device": "7a2c57ed-eb03-4b12-9dae-f300dbdbb5d4"}}, {"model": "account.customer", "pk": 48, "fields": {"device": "d32ae292-0a3a-4f4b-9ea2-44682451c3ed"}}, {"model": "account.customer", "pk": 49, "fields": {"device": "9484e444-d7f0-4273-9dd8-0b6f49d3325a"}}, {"model": "account.customer", "pk": 50, "fields": {"device": "0fdfd27c-0475-44f9-8d29-bda18069af10"}}, {"model": "account.customer", "pk": 51, "fields": {"device": "18a45ed8-eb7f-4a04-8d62-c5c625dce58f"}}, {"model": "account.customer", "pk": 52, "fields": {"device": "2d62f6b4-b210-4baa-8a71-e0ef787f29ab"}}, {"model": "account.customer", "pk": 53, "fields": {"device": "4d58d846-fe35-4e47-ae01-7a7c15ff8b3d"}}, {"model": "account.customer", "pk": 54, "fields": {"device": "e4ed0ee4-f1c4-4f12-b309-d3c3e31a8473"}}, {"model": "account.customer", "pk": 55, "fields": {"device": "369797fb-1130-4e9f-b8cb-c22051c933ae"}}, {"model": "account.customer", "pk": 56, "fields": {"device": "3d6877da-979d-433f-8fc4-04862a6dbfb1"}}, {"model": "account.customer", "pk": 57, "fields": {"device": "79fcce4a-5921-409a-be8d-9b4cf044d118"}}, {"model": "account.customer", "pk": 58, "fields": {"device": "f2fb070d-7a77-4812-b755-20d73f445585"}}, {"model": "account.customer", "pk": 59, "fields": {"device": "a2810885-f5c9-431e-8fe4-5998f98a7c7e"}}, {"model": "account.customer", "pk": 60, "fields": {"device": "93f6c755-e744-44f1-99e8-125860869616"}}, {"model": "account.customer", "pk": 61, "fields": {"device": "e5b0edf0-ed0b-4ab9-ae42-2025f8e8b8be"}}, {"model": "account.customer", "pk": 62, "fields": {"device": "2cb335c0-91e2-4ba1-a44b-30a9944581bb"}}, {"model": "account.customer", "pk": 63, "fields": {"device": "f2c2e9d6-5859-49d6-a838-9509d270b73d"}}, {"model": "order.order", "pk": 47, "fields": {"name": null, "surname": null, "email": null, "tel_number": null, "customer": 26, "complete": false, "transaction_id": null, "message": "", "status": true, "created_at": "2021-06-09T13:28:12.590Z", "updated_at": "2021-06-09T13:28:12.590Z"}}, {"model": "order.order", "pk": 48, "fields": {"name": null, "surname": null, "email": null, "tel_number": null, "customer": 27, "complete": false, "transaction_id": null, "message": "", "status": true, "created_at": "2021-06-10T11:17:00.357Z", "updated_at": "2021-06-10T11:17:00.357Z"}}, {"model": "order.order", "pk": 49, "fields": {"name": null, "surname": null, "email": null, "tel_number": null, "customer": 28, "complete": false, "transaction_id": null, "message": "", "status": true, "created_at": "2021-06-10T14:25:56.749Z", "updated_at": "2021-06-10T14:25:56.749Z"}}, {"model": "order.order", "pk": 50, "fields": {"name": null, "surname": null, "email": null, "tel_number": null, "customer": 29, "complete": false, "transaction_id": null, "message": "", "status": true, "created_at": "2021-06-10T15:26:26.889Z", "updated_at": "2021-06-10T15:26:26.889Z"}}, {"model": "order.order", "pk": 51, "fields": {"name": null, "surname": null, "email": null, "tel_number": null, "customer": 30, "complete": false, "transaction_id": null, "message": "", "status": true, "created_at": "2021-06-11T08:41:19.033Z", "updated_at": "2021-06-11T08:41:19.033Z"}}, {"model": "order.order", "pk": 52, "fields": {"name": null, "surname": null, "email": null, "tel_number": null, "customer": 31, "complete": false, "transaction_id": null, "message": "", "status": true, "created_at": "2021-06-11T09:36:35.379Z", "updated_at": "2021-06-11T09:36:35.379Z"}}, {"model": "order.order", "pk": 53, "fields": {"name": null, "surname": null, "email": null, "tel_number": null, "customer": 32, "complete": false, "transaction_id": null, "message": "", "status": true, "created_at": "2021-06-13T15:41:30.366Z", "updated_at": "2021-06-13T15:41:30.366Z"}}, {"model": "order.order", "pk": 54, "fields": {"name": null, "surname": null, "email": null, "tel_number": null, "customer": 33, "complete": false, "transaction_id": null, "message": "", "status": true, "created_at": "2021-06-14T15:51:50.953Z", "updated_at": "2021-06-14T15:51:50.953Z"}}, {"model": "order.order", "pk": 55, "fields": {"name": null, "surname": null, "email": null, "tel_number": null, "customer": 34, "complete": false, "transaction_id": null, "message": "", "status": true, "created_at": "2021-06-14T21:13:13.691Z", "updated_at": "2021-06-14T21:13:13.691Z"}}, {"model": "order.order", "pk": 56, "fields": {"name": null, "surname": null, "email": null, "tel_number": null, "customer": 35, "complete": false, "transaction_id": null, "message": "", "status": true, "created_at": "2021-06-16T12:14:34.194Z", "updated_at": "2021-06-16T12:14:34.194Z"}}, {"model": "order.order", "pk": 57, "fields": {"name": null, "surname": null, "email": null, "tel_number": null, "customer": 36, "complete": false, "transaction_id": null, "message": "", "status": true, "created_at": "2021-06-16T12:15:05.192Z", "updated_at": "2021-06-16T12:15:05.192Z"}}, {"model": "order.order", "pk": 58, "fields": {"name": null, "surname": null, "email": null, "tel_number": null, "customer": 37, "complete": false, "transaction_id": null, "message": "", "status": true, "created_at": "2021-06-16T22:23:43.611Z", "updated_at": "2021-06-16T22:23:43.611Z"}}, {"model": "order.order", "pk": 59, "fields": {"name": null, "surname": null, "email": null, "tel_number": null, "customer": 38, "complete": false, "transaction_id": null, "message": "", "status": true, "created_at": "2021-06-21T12:19:00.767Z", "updated_at": "2021-06-21T12:19:00.767Z"}}, {"model": "order.order", "pk": 60, "fields": {"name": null, "surname": null, "email": null, "tel_number": null, "customer": 39, "complete": false, "transaction_id": null, "message": "", "status": true, "created_at": "2021-06-22T06:46:02.268Z", "updated_at": "2021-06-22T06:46:02.268Z"}}, {"model": "order.order", "pk": 61, "fields": {"name": null, "surname": null, "email": null, "tel_number": null, "customer": 40, "complete": false, "transaction_id": null, "message": "", "status": true, "created_at": "2021-06-23T12:04:20.083Z", "updated_at": "2021-06-23T12:04:20.083Z"}}, {"model": "order.order", "pk": 62, "fields": {"name": null, "surname": null, "email": null, "tel_number": null, "customer": 41, "complete": false, "transaction_id": null, "message": "", "status": true, "created_at": "2021-06-24T10:10:55.724Z", "updated_at": "2021-06-24T10:10:55.724Z"}}, {"model": "order.order", "pk": 63, "fields": {"name": null, "surname": null, "email": null, "tel_number": null, "customer": 42, "complete": false, "transaction_id": null, "message": "", "status": true, "created_at": "2021-06-24T21:33:49.449Z", "updated_at": "2021-06-24T21:33:49.449Z"}}, {"model": "order.order", "pk": 64, "fields": {"name": null, "surname": null, "email": null, "tel_number": null, "customer": 42, "complete": false, "transaction_id": null, "message": "", "status": true, "created_at": "2021-06-24T21:33:49.450Z", "updated_at": "2021-06-24T21:33:49.450Z"}}, {"model": "order.order", "pk": 65, "fields": {"name": null, "surname": null, "email": null, "tel_number": null, "customer": 43, "complete": false, "transaction_id": null, "message": "", "status": true, "created_at": "2021-06-27T10:30:19.662Z", "updated_at": "2021-06-27T10:30:19.662Z"}}, {"model": "order.order", "pk": 66, "fields": {"name": null, "surname": null, "email": null, "tel_number": null, "customer": 44, "complete": false, "transaction_id": null, "message": "", "status": true, "created_at": "2021-06-27T19:06:38.004Z", "updated_at": "2021-06-27T19:06:38.004Z"}}, {"model": "order.order", "pk": 67, "fields": {"name": null, "surname": null, "email": null, "tel_number": null, "customer": 45, "complete": false, "transaction_id": null, "message": "", "status": true, "created_at": "2021-06-27T21:44:50.178Z", "updated_at": "2021-06-27T21:44:50.178Z"}}, {"model": "order.order", "pk": 68, "fields": {"name": null, "surname": null, "email": null, "tel_number": null, "customer": 46, "complete": false, "transaction_id": null, "message": "", "status": true, "created_at": "2021-06-28T03:24:43.173Z", "updated_at": "2021-06-28T03:24:43.173Z"}}, {"model": "order.order", "pk": 69, "fields": {"name": null, "surname": null, "email": null, "tel_number": null, "customer": 47, "complete": false, "transaction_id": null, "message": "", "status": true, "created_at": "2021-06-28T08:35:28.825Z", "updated_at": "2021-06-28T08:35:28.825Z"}}, {"model": "order.order", "pk": 70, "fields": {"name": null, "surname": null, "email": null, "tel_number": null, "customer": 48, "complete": false, "transaction_id": null, "message": "", "status": true, "created_at": "2021-06-28T12:40:53.979Z", "updated_at": "2021-06-28T12:40:53.979Z"}}, {"model": "order.order", "pk": 71, "fields": {"name": null, "surname": null, "email": null, "tel_number": null, "customer": 49, "complete": false, "transaction_id": null, "message": "", "status": true, "created_at": "2021-06-29T04:46:07.449Z", "updated_at": "2021-06-29T04:46:07.449Z"}}, {"model": "order.order", "pk": 72, "fields": {"name": null, "surname": null, "email": null, "tel_number": null, "customer": 50, "complete": false, "transaction_id": null, "message": "", "status": true, "created_at": "2021-06-29T07:41:01.752Z", "updated_at": "2021-06-29T07:41:01.752Z"}}, {"model": "order.order", "pk": 73, "fields": {"name": null, "surname": null, "email": null, "tel_number": null, "customer": 51, "complete": false, "transaction_id": null, "message": "", "status": true, "created_at": "2021-06-29T07:45:55.189Z", "updated_at": "2021-06-29T07:45:55.189Z"}}, {"model": "order.order", "pk": 74, "fields": {"name": null, "surname": null, "email": null, "tel_number": null, "customer": 52, "complete": false, "transaction_id": null, "message": "", "status": true, "created_at": "2021-06-29T07:46:25.622Z", "updated_at": "2021-06-29T07:46:25.622Z"}}, {"model": "order.order", "pk": 75, "fields": {"name": null, "surname": null, "email": null, "tel_number": null, "customer": 53, "complete": false, "transaction_id": null, "message": "", "status": true, "created_at": "2021-06-29T07:47:40.318Z", "updated_at": "2021-06-29T07:47:40.318Z"}}, {"model": "order.order", "pk": 76, "fields": {"name": null, "surname": null, "email": null, "tel_number": null, "customer": 54, "complete": false, "transaction_id": null, "message": "", "status": true, "created_at": "2021-06-29T09:59:45.658Z", "updated_at": "2021-06-29T09:59:45.658Z"}}, {"model": "order.order", "pk": 77, "fields": {"name": null, "surname": null, "email": null, "tel_number": null, "customer": 55, "complete": false, "transaction_id": null, "message": "", "status": true, "created_at": "2021-06-29T19:29:50.816Z", "updated_at": "2021-06-29T19:29:50.816Z"}}, {"model": "order.order", "pk": 78, "fields": {"name": null, "surname": null, "email": null, "tel_number": null, "customer": 56, "complete": false, "transaction_id": null, "message": "", "status": true, "created_at": "2021-06-29T20:29:32.075Z", "updated_at": "2021-06-29T20:29:32.075Z"}}, {"model": "order.order", "pk": 79, "fields": {"name": "Suleymanov", "surname": "Suleymanov", "email": "fuadsuleymanov@outlook.com", "tel_number": "0502702569", "customer": 57, "complete": true, "transaction_id": null, "message": "Salam", "status": true, "created_at": "2021-06-30T04:22:18.146Z", "updated_at": "2021-06-30T04:34:53.361Z"}}, {"model": "order.order", "pk": 80, "fields": {"name": "Suleymanov", "surname": "Suleymanov", "email": "fuadsuleymanov@outlook.com", "tel_number": "0502702569", "customer": 57, "complete": true, "transaction_id": null, "message": "Salam1", "status": true, "created_at": "2021-06-30T04:34:55.053Z", "updated_at": "2021-06-30T04:35:40.963Z"}}, {"model": "order.order", "pk": 81, "fields": {"name": null, "surname": null, "email": null, "tel_number": null, "customer": 57, "complete": false, "transaction_id": null, "message": "", "status": true, "created_at": "2021-06-30T04:35:42.184Z", "updated_at": "2021-06-30T04:35:42.184Z"}}, {"model": "order.order", "pk": 82, "fields": {"name": "Suleymanov", "surname": "Suleymanov", "email": "fuadsuleymanov@outlook.com", "tel_number": "0502702569", "customer": 58, "complete": true, "transaction_id": null, "message": "", "status": true, "created_at": "2021-06-30T04:40:43.981Z", "updated_at": "2021-06-30T04:41:44.640Z"}}, {"model": "order.order", "pk": 83, "fields": {"name": null, "surname": null, "email": null, "tel_number": null, "customer": 58, "complete": false, "transaction_id": null, "message": "", "status": true, "created_at": "2021-06-30T04:41:46.113Z", "updated_at": "2021-06-30T04:41:46.113Z"}}, {"model": "order.order", "pk": 84, "fields": {"name": null, "surname": null, "email": null, "tel_number": null, "customer": 59, "complete": false, "transaction_id": null, "message": "", "status": true, "created_at": "2021-06-30T04:52:45.924Z", "updated_at": "2021-06-30T04:52:45.924Z"}}, {"model": "order.order", "pk": 85, "fields": {"name": null, "surname": null, "email": null, "tel_number": null, "customer": 60, "complete": false, "transaction_id": null, "message": "", "status": true, "created_at": "2021-06-30T11:02:15.223Z", "updated_at": "2021-06-30T11:02:15.223Z"}}, {"model": "order.order", "pk": 86, "fields": {"name": null, "surname": null, "email": null, "tel_number": null, "customer": 61, "complete": false, "transaction_id": null, "message": "", "status": true, "created_at": "2021-06-30T15:02:45.193Z", "updated_at": "2021-06-30T15:02:45.193Z"}}, {"model": "order.order", "pk": 87, "fields": {"name": null, "surname": null, "email": null, "tel_number": null, "customer": 62, "complete": false, "transaction_id": null, "message": "", "status": true, "created_at": "2021-06-30T16:16:49.247Z", "updated_at": "2021-06-30T16:16:49.247Z"}}, {"model": "order.order", "pk": 88, "fields": {"name": null, "surname": null, "email": null, "tel_number": null, "customer": 63, "complete": false, "transaction_id": null, "message": "", "status": true, "created_at": "2021-06-30T16:28:18.983Z", "updated_at": "2021-06-30T16:28:18.983Z"}}, {"model": "order.order", "pk": 89, "fields": {"name": null, "surname": null, "email": null, "tel_number": null, "customer": 63, "complete": false, "transaction_id": null, "message": "", "status": true, "created_at": "2021-06-30T16:28:18.988Z", "updated_at": "2021-06-30T16:28:18.988Z"}}, {"model": "order.orderitem", "pk": 37, "fields": {"product": 77, "order": 79, "quantity": 1, "customer": 57, "status": true, "created_at": "2021-06-30T04:26:27.931Z", "updated_at": "2021-06-30T04:26:27.931Z"}}, {"model": "order.orderitem", "pk": 38, "fields": {"product": 74, "order": 80, "quantity": 1, "customer": 57, "status": true, "created_at": "2021-06-30T04:35:15.917Z", "updated_at": "2021-06-30T04:35:15.917Z"}}, {"model": "order.orderitem", "pk": 39, "fields": {"product": 74, "order": 47, "quantity": 1, "customer": 26, "status": true, "created_at": "2021-06-30T04:40:43.964Z", "updated_at": "2021-06-30T04:40:43.964Z"}}, {"model": "order.orderitem", "pk": 40, "fields": {"product": 74, "order": 82, "quantity": 1, "customer": 58, "status": true, "created_at": "2021-06-30T04:41:01.184Z", "updated_at": "2021-06-30T04:41:01.184Z"}}, {"model": "index.banner", "pk": 1, "fields": {"title": "Esas Banner", "description": null, "link": "http://localhost:8000/smartfonlar-apple/", "image": "banner_pics/1_AKLXf2l.jpeg", "is_main": true, "is_second_yuxari": false, "is_second_ashagi": false, "is_third_sol": false, "is_third_sag": false, "is_third_orta": false, "status": false, "created_at": "2021-05-19T06:35:00.130Z", "updated_at": "2021-06-27T10:42:45.205Z"}}, {"model": "index.banner", "pk": 6, "fields": {"title": "Second yuxari", "description": null, "link": null, "image": "banner_pics/2_z0Yj5nU.jpeg", "is_main": false, "is_second_yuxari": true, "is_second_ashagi": false, "is_third_sol": false, "is_third_sag": false, "is_third_orta": false, "status": true, "created_at": "2021-05-19T08:58:41.981Z", "updated_at": "2021-06-06T13:28:24.476Z"}}, {"model": "index.banner", "pk": 7, "fields": {"title": "Second asagi", "description": null, "link": null, "image": "banner_pics/4_AVQIlD3.jpeg", "is_main": false, "is_second_yuxari": false, "is_second_ashagi": true, "is_third_sol": false, "is_third_sag": false, "is_third_orta": false, "status": true, "created_at": "2021-05-19T08:59:15.120Z", "updated_at": "2021-06-06T13:28:37.187Z"}}, {"model": "index.banner", "pk": 8, "fields": {"title": "Third sol", "description": null, "link": null, "image": "banner_pics/rsz_1.jpg", "is_main": false, "is_second_yuxari": false, "is_second_ashagi": false, "is_third_sol": true, "is_third_sag": false, "is_third_orta": false, "status": false, "created_at": "2021-05-19T09:13:50.157Z", "updated_at": "2021-06-27T10:42:53.532Z"}}, {"model": "index.banner", "pk": 9, "fields": {"title": "Third sag", "description": null, "link": null, "image": "banner_pics/rsz_1_tHVePHI_88OOzs1.jpeg", "is_main": false, "is_second_yuxari": false, "is_second_ashagi": false, "is_third_sol": false, "is_third_sag": true, "is_third_orta": false, "status": true, "created_at": "2021-05-19T09:14:29.556Z", "updated_at": "2021-06-06T13:29:02.113Z"}}, {"model": "index.banner", "pk": 10, "fields": {"title": "Third orta", "description": null, "link": null, "image": "banner_pics/rsz_1_oeiS42A.jpeg", "is_main": false, "is_second_yuxari": false, "is_second_ashagi": false, "is_third_sol": false, "is_third_sag": false, "is_third_orta": true, "status": true, "created_at": "2021-05-19T09:15:03.998Z", "updated_at": "2021-06-06T13:29:22.209Z"}}, {"model": "auth.user", "pk": 1, "fields": {"password": "pbkdf2_sha256$150000$pswmap63kVRR$X42Aa98Nd/HF6WzC8aOSVJNfWJAKRc2XcjX7an52se0=", "last_login": "2021-06-30T14:00:32.469Z", "is_superuser": true, "username": "fuad", "first_name": "", "last_name": "", "email": "fuadpayme@gmail.com", "is_staff": true, "is_active": true, "date_joined": "2021-02-17T20:58:23.736Z", "groups": [], "user_permissions": []}}, {"model": "sessions.session", "pk": "1eyibawg3b6tn4kx3x1597uxm6kquqsr", "fields": {"session_data": "YjllMzZiZWVkZTE5ZTUwMDZkYTgxNWQzZmQ2OTQ4NjNjOWVlOTAyZDp7Il9hdXRoX3VzZXJfaWQiOiIxIiwiX2F1dGhfdXNlcl9iYWNrZW5kIjoiZGphbmdvLmNvbnRyaWIuYXV0aC5iYWNrZW5kcy5Nb2RlbEJhY2tlbmQiLCJfYXV0aF91c2VyX2hhc2giOiIxNTA4MGQwN2Q0NThlYzJmZGQ5MzE5MWMwOTY5YzFhNWZhODJlOTFlIn0=", "expire_date": "2021-07-14T14:00:32.472Z"}}, {"model": "sessions.session", "pk": "2qelyekk6yve28ebm838fxsumcmkmu87", "fields": {"session_data": ".eJxVjEEOwiAQRe_C2hAYpB1cuu8ZyMCAVA0kpV0Z765NutDtf-_9l_C0rcVvPS1-ZnERWpx-t0DxkeoO-E711mRsdV3mIHdFHrTLqXF6Xg_376BQL98aLQ8BkcOARjvCQGiiDWRwdJBdhhwxMjoYCQBJkQVWWjElyOnsWLw_6ZM4Qg:1lQzja:CGWUVzi9llGTNtrpzhSHRL3ZEGG6HGrKPUaZlLB-AT8", "expire_date": "2021-04-12T21:47:42.429Z"}}, {"model": "sessions.session", "pk": "5tgn87ybs02eouxvisy4rkipdbxjrlqo", "fields": {"session_data": ".eJxVjEEOwiAQRe_C2hAYpB1cuu8ZyMCAVA0kpV0Z765NutDtf-_9l_C0rcVvPS1-ZnERWpx-t0DxkeoO-E711mRsdV3mIHdFHrTLqXF6Xg_376BQL98aLQ8BkcOARjvCQGiiDWRwdJBdhhwxMjoYCQBJkQVWWjElyOnsWLw_6ZM4Qg:1leG7j:WsS0elpzeUngFo3WzS0QFuO-ryJqU-gqk--Ia-SVI9o", "expire_date": "2021-05-19T11:55:27.318Z"}}, {"model": "sessions.session", "pk": "aj9l6hj26wl7aaahz2wd2xmd8do9y66j", "fields": {"session_data": ".eJxVjEEOwiAQRe_C2hAYpB1cuu8ZyMCAVA0kpV0Z765NutDtf-_9l_C0rcVvPS1-ZnERWpx-t0DxkeoO-E711mRsdV3mIHdFHrTLqXF6Xg_376BQL98aLQ8BkcOARjvCQGiiDWRwdJBdhhwxMjoYCQBJkQVWWjElyOnsWLw_6ZM4Qg:1lQzxG:FgMIudpmHVd7bjKDeo8DqLh6pguDzXis3JYoSQHqo8g", "expire_date": "2021-04-12T22:01:50.235Z"}}, {"model": "sessions.session", "pk": "bhx2ukemok1yng5jab4q1ru85skfs66f", "fields": {"session_data": ".eJxVjEEOwiAQRe_C2hAYpB1cuu8ZyMCAVA0kpV0Z765NutDtf-_9l_C0rcVvPS1-ZnERWpx-t0DxkeoO-E711mRsdV3mIHdFHrTLqXF6Xg_376BQL98aLQ8BkcOARjvCQGiiDWRwdJBdhhwxMjoYCQBJkQVWWjElyOnsWLw_6ZM4Qg:1lEW03:C43CX2vnm-SxgDjgL66H5zILCo_mioFcR0Z3_TmO7Wc", "expire_date": "2021-03-09T11:37:07.879Z"}}, {"model": "sessions.session", "pk": "bld8timsj8lgkmp472t77vockgsn5fh0", "fields": {"session_data": "YjllMzZiZWVkZTE5ZTUwMDZkYTgxNWQzZmQ2OTQ4NjNjOWVlOTAyZDp7Il9hdXRoX3VzZXJfaWQiOiIxIiwiX2F1dGhfdXNlcl9iYWNrZW5kIjoiZGphbmdvLmNvbnRyaWIuYXV0aC5iYWNrZW5kcy5Nb2RlbEJhY2tlbmQiLCJfYXV0aF91c2VyX2hhc2giOiIxNTA4MGQwN2Q0NThlYzJmZGQ5MzE5MWMwOTY5YzFhNWZhODJlOTFlIn0=", "expire_date": "2021-07-11T10:34:14.404Z"}}, {"model": "sessions.session", "pk": "blw6c9mqj486x8e647jz6kf3amr5a3b0", "fields": {"session_data": ".eJxVjEEOwiAQRe_C2hAYpB1cuu8ZyMCAVA0kpV0Z765NutDtf-_9l_C0rcVvPS1-ZnERWpx-t0DxkeoO-E711mRsdV3mIHdFHrTLqXF6Xg_376BQL98aLQ8BkcOARjvCQGiiDWRwdJBdhhwxMjoYCQBJkQVWWjElyOnsWLw_6ZM4Qg:1lN2qU:ulTlAuoxIWKEQnqll0-y7xbmEyXLHTqtV1tm_JqaMUc", "expire_date": "2021-04-02T00:18:30.823Z"}}, {"model": "sessions.session", "pk": "bqld8r969bcv3c3z1ho60ywbwczgsdgm", "fields": {"session_data": ".eJxVjEEOwiAQRe_C2hAYpB1cuu8ZyMCAVA0kpV0Z765NutDtf-_9l_C0rcVvPS1-ZnERWpx-t0DxkeoO-E711mRsdV3mIHdFHrTLqXF6Xg_376BQL98aLQ8BkcOARjvCQGiiDWRwdJBdhhwxMjoYCQBJkQVWWjElyOnsWLw_6ZM4Qg:1lCfGH:FHavG5BiNqk17lYIHczKVC_oIm_AkvQ4JPqu7WctGsk", "expire_date": "2021-03-04T09:06:13.412Z"}}, {"model": "sessions.session", "pk": "dppynrzx4nrenalrquuaold5u82pz31w", "fields": {"session_data": "YjllMzZiZWVkZTE5ZTUwMDZkYTgxNWQzZmQ2OTQ4NjNjOWVlOTAyZDp7Il9hdXRoX3VzZXJfaWQiOiIxIiwiX2F1dGhfdXNlcl9iYWNrZW5kIjoiZGphbmdvLmNvbnRyaWIuYXV0aC5iYWNrZW5kcy5Nb2RlbEJhY2tlbmQiLCJfYXV0aF91c2VyX2hhc2giOiIxNTA4MGQwN2Q0NThlYzJmZGQ5MzE5MWMwOTY5YzFhNWZhODJlOTFlIn0=", "expire_date": "2021-06-27T18:54:17.652Z"}}, {"model": "sessions.session", "pk": "ejixe8nvnn2qfjaa8u5v156vyc8hyex2", "fields": {"session_data": ".eJxVjEEOwiAQRe_C2hAYpB1cuu8ZyMCAVA0kpV0Z765NutDtf-_9l_C0rcVvPS1-ZnERWpx-t0DxkeoO-E711mRsdV3mIHdFHrTLqXF6Xg_376BQL98aLQ8BkcOARjvCQGiiDWRwdJBdhhwxMjoYCQBJkQVWWjElyOnsWLw_6ZM4Qg:1lHqkd:DctmUMP9kJ5ojduM-sf7viMceS2yx8i2bdeFjd5ZcXo", "expire_date": "2021-03-18T16:22:59.925Z"}}, {"model": "sessions.session", "pk": "fhq821yksfxey1n977sz3j0lh77dgop1", "fields": {"session_data": "YjllMzZiZWVkZTE5ZTUwMDZkYTgxNWQzZmQ2OTQ4NjNjOWVlOTAyZDp7Il9hdXRoX3VzZXJfaWQiOiIxIiwiX2F1dGhfdXNlcl9iYWNrZW5kIjoiZGphbmdvLmNvbnRyaWIuYXV0aC5iYWNrZW5kcy5Nb2RlbEJhY2tlbmQiLCJfYXV0aF91c2VyX2hhc2giOiIxNTA4MGQwN2Q0NThlYzJmZGQ5MzE5MWMwOTY5YzFhNWZhODJlOTFlIn0=", "expire_date": "2021-07-11T19:14:04.768Z"}}, {"model": "sessions.session", "pk": "hccu7sth0u2f9g73m6hdk8t6v518g5sv", "fields": {"session_data": ".eJxVjEEOwiAQRe_C2hAYpB1cuu8ZyMCAVA0kpV0Z765NutDtf-_9l_C0rcVvPS1-ZnERWpx-t0DxkeoO-E711mRsdV3mIHdFHrTLqXF6Xg_376BQL98aLQ8BkcOARjvCQGiiDWRwdJBdhhwxMjoYCQBJkQVWWjElyOnsWLw_6ZM4Qg:1lD6vs:LnDz4eCgHlGJ7Mz57-j8tGtLSnF3G1qKjMk2GLZ9Xes", "expire_date": "2021-03-05T14:39:00.931Z"}}, {"model": "sessions.session", "pk": "jleh73viv4rrdqqxxvrcahfzokxh1ds7", "fields": {"session_data": ".eJxVjEEOwiAQRe_C2hAYpB1cuu8ZyMCAVA0kpV0Z765NutDtf-_9l_C0rcVvPS1-ZnERWpx-t0DxkeoO-E711mRsdV3mIHdFHrTLqXF6Xg_376BQL98aLQ8BkcOARjvCQGiiDWRwdJBdhhwxMjoYCQBJkQVWWjElyOnsWLw_6ZM4Qg:1lJN6X:q7TrQ4c2F_eLCySvvgfOuMclzE-4R7C97Fk_XdX-ECg", "expire_date": "2021-03-22T21:07:53.145Z"}}, {"model": "sessions.session", "pk": "jmxljk0gk46corarm2f5a7zaz6w24ip6", "fields": {"session_data": ".eJxVjEEOwiAQRe_C2hAYpB1cuu8ZyMCAVA0kpV0Z765NutDtf-_9l_C0rcVvPS1-ZnERWpx-t0DxkeoO-E711mRsdV3mIHdFHrTLqXF6Xg_376BQL98aLQ8BkcOARjvCQGiiDWRwdJBdhhwxMjoYCQBJkQVWWjElyOnsWLw_6ZM4Qg:1lRGsa:2qgLMaDCIJ_yaAn0F1zvKPkRkN2dRQewBPfB8LgBUC8", "expire_date": "2021-04-13T16:06:08.995Z"}}, {"model": "sessions.session", "pk": "kzqfi3tkvu8hk3r5n1r7m3zzebe2rtee", "fields": {"session_data": ".eJxVjEEOwiAQRe_C2hAYpB1cuu8ZyMCAVA0kpV0Z765NutDtf-_9l_C0rcVvPS1-ZnERWpx-t0DxkeoO-E711mRsdV3mIHdFHrTLqXF6Xg_376BQL98aLQ8BkcOARjvCQGiiDWRwdJBdhhwxMjoYCQBJkQVWWjElyOnsWLw_6ZM4Qg:1ljFcl:ZiI5xrT8rTljrAH42Yzv-t4om5zmvja_0TpHzX5Lq28", "expire_date": "2021-06-02T06:24:07.183Z"}}, {"model": "sessions.session", "pk": "m0lc76sot4aonczc7m7ojymdfw2o8oan", "fields": {"session_data": "YjllMzZiZWVkZTE5ZTUwMDZkYTgxNWQzZmQ2OTQ4NjNjOWVlOTAyZDp7Il9hdXRoX3VzZXJfaWQiOiIxIiwiX2F1dGhfdXNlcl9iYWNrZW5kIjoiZGphbmdvLmNvbnRyaWIuYXV0aC5iYWNrZW5kcy5Nb2RlbEJhY2tlbmQiLCJfYXV0aF91c2VyX2hhc2giOiIxNTA4MGQwN2Q0NThlYzJmZGQ5MzE5MWMwOTY5YzFhNWZhODJlOTFlIn0=", "expire_date": "2021-06-20T13:27:25.804Z"}}, {"model": "sessions.session", "pk": "mg4v13vkbnwn2ft76vegphxh4yxcmxf1", "fields": {"session_data": ".eJxVjEEOwiAQRe_C2hAYpB1cuu8ZyMCAVA0kpV0Z765NutDtf-_9l_C0rcVvPS1-ZnERWpx-t0DxkeoO-E711mRsdV3mIHdFHrTLqXF6Xg_376BQL98aLQ8BkcOARjvCQGiiDWRwdJBdhhwxMjoYCQBJkQVWWjElyOnsWLw_6ZM4Qg:1lUBht:ri7DYoQG1fQ7yCCeCa9TbzZiBZjGgtnYGB1H6fr4Hxg", "expire_date": "2021-04-21T17:11:09.614Z"}}, {"model": "sessions.session", "pk": "py0d535ro9788i35zn8stk32r8msoomt", "fields": {"session_data": ".eJxVjEEOwiAQRe_C2hAYpB1cuu8ZyMCAVA0kpV0Z765NutDtf-_9l_C0rcVvPS1-ZnERWpx-t0DxkeoO-E711mRsdV3mIHdFHrTLqXF6Xg_376BQL98aLQ8BkcOARjvCQGiiDWRwdJBdhhwxMjoYCQBJkQVWWjElyOnsWLw_6ZM4Qg:1lPw1a:2jPn4hLKrs9ZqgPUxzoqnjiqhh7s3iqQSEsubk95DQo", "expire_date": "2021-04-09T23:37:54.574Z"}}, {"model": "sessions.session", "pk": "r67w08krev48pzbkc9fe1j26vgdr7izl", "fields": {"session_data": ".eJxVjEEOwiAQRe_C2hAYpB1cuu8ZyMCAVA0kpV0Z765NutDtf-_9l_C0rcVvPS1-ZnERWpx-t0DxkeoO-E711mRsdV3mIHdFHrTLqXF6Xg_376BQL98aLQ8BkcOARjvCQGiiDWRwdJBdhhwxMjoYCQBJkQVWWjElyOnsWLw_6ZM4Qg:1lD6Kf:sobDW34USf9jysv5mgeawrEqspZ04qqbNG4jQBKrECs", "expire_date": "2021-03-05T14:00:33.725Z"}}, {"model": "sessions.session", "pk": "rzadjiwmldn1csi9metcjh6xyfckya1d", "fields": {"session_data": ".eJxVjEEOwiAQRe_C2hAYpB1cuu8ZyMCAVA0kpV0Z765NutDtf-_9l_C0rcVvPS1-ZnERWpx-t0DxkeoO-E711mRsdV3mIHdFHrTLqXF6Xg_376BQL98aLQ8BkcOARjvCQGiiDWRwdJBdhhwxMjoYCQBJkQVWWjElyOnsWLw_6ZM4Qg:1lbMss:3eCXvL14lX8eRoArd81Jxv9UOxCO-Qmo9xnIf8lwKvc", "expire_date": "2021-05-11T12:32:10.089Z"}}, {"model": "sessions.session", "pk": "vqm7grq58tcfwtvg17w9vdjeopxdpoeb", "fields": {"session_data": ".eJxVjEEOwiAQRe_C2hAYpB1cuu8ZyMCAVA0kpV0Z765NutDtf-_9l_C0rcVvPS1-ZnERWpx-t0DxkeoO-E711mRsdV3mIHdFHrTLqXF6Xg_376BQL98aLQ8BkcOARjvCQGiiDWRwdJBdhhwxMjoYCQBJkQVWWjElyOnsWLw_6ZM4Qg:1lERtG:RSV2UMca9gR3HjQ79VSWpZeAtPj7hOnwXFiuPAkx-tA", "expire_date": "2021-03-09T07:13:50.790Z"}}, {"model": "sessions.session", "pk": "wfu2hnlqibv0u9rd3m7lfwhuapl18djc", "fields": {"session_data": ".eJxVjEEOwiAQRe_C2hAYpB1cuu8ZyMCAVA0kpV0Z765NutDtf-_9l_C0rcVvPS1-ZnERWpx-t0DxkeoO-E711mRsdV3mIHdFHrTLqXF6Xg_376BQL98aLQ8BkcOARjvCQGiiDWRwdJBdhhwxMjoYCQBJkQVWWjElyOnsWLw_6ZM4Qg:1lbMsh:zC6KfNz3n2o5wPUgEU9BNSH6qz3FlHXHltH38a0YJM0", "expire_date": "2021-05-11T12:31:59.241Z"}}]